Date,SJC,Gold-global(USD),Gold-global(VND),Spread,VND/USD,DXY,TNX,Oil_Price,VNIndex,Bitcoin,Spread_lag1
2016-01-06,32890000,1094.45,29074456,3815544,22034,99.18,0.4703,34.04,574.57,429.11,4122553.0
2016-01-07,33020000,1109.25,29440876,3579124,22014,98.22,0.4703,33.27,565.36,458.05,3815544.0
2016-01-08,33080000,1104.24,29291928,3788072,22002,98.54,0.4703,32.91,560.05,453.23,3579124.0
2016-01-09,33140000,1104.24,29291928,3848072,22002,98.54,0.4703,32.91,560.05,447.61,3788072.0
2016-01-10,33140000,1104.24,29291928,3848072,22002,98.54,0.4703,32.91,560.05,447.99,3848072.0
2016-01-11,33150000,1094.26,29238279,3911721,22162,98.73,0.4703,31.12,557.87,448.43,3848072.0
2016-01-12,33060000,1087.05,28909327,4150673,22058,98.97,0.4703,30.57,564.26,435.69,3911721.0
2016-01-13,32880000,1093.49,28921072,3958928,21937,98.93,0.4703,30.55,560.37,432.37,4150673.0
2016-01-14,32920000,1078.0,28701141,4218859,22083,99.09,0.4703,31.22,553.03,430.31,3958928.0
2016-01-15,32870000,1089.1,28923140,3946860,22027,98.96,0.4703,29.71,543.04,364.33,4218859.0
2016-01-16,32920000,1089.1,28923140,3996860,22027,98.96,0.4703,29.71,543.04,387.54,3946860.0
2016-01-17,32920000,1089.1,28923140,3996860,22027,98.96,0.4703,29.71,543.04,382.3,3996860.0
2016-01-18,32830000,1088.9,28932270,3897730,22038,99.12,0.4703,29.71,526.37,387.17,3996860.0
2016-01-19,32850000,1087.12,28784052,4065948,21961,98.99,0.4703,28.38,535.77,380.15,3897730.0
2016-01-20,32840000,1101.02,29323328,3516672,22090,99.09,0.4703,26.55,529.44,420.23,4065948.0
2016-01-21,32900000,1101.6,29367994,3532006,22112,99.06,0.4703,29.85,521.88,410.26,3516672.0
2016-01-22,32860000,1098.3,29256183,3603817,22094,99.57,0.4703,32.25,522.24,382.49,3532006.0
2016-01-23,32910000,1098.3,29256183,3653817,22094,99.57,0.4703,32.25,522.24,387.49,3603817.0
2016-01-24,32910000,1098.3,29256183,3653817,22094,99.57,0.4703,32.25,522.24,402.97,3653817.0
2016-01-25,32860000,1108.05,29316848,3543152,21945,99.36,0.4703,29.8,542.35,391.73,3653817.0
2016-01-26,32920000,1120.57,29557584,3362416,21878,99.36,0.4703,30.52,537.73,392.15,3543152.0
2016-01-27,32950000,1125.59,29704926,3245074,21889,98.9,0.4703,32.17,542.69,394.97,3362416.0
2016-01-28,32950000,1115.14,29353855,3596145,21833,98.51,0.4703,33.75,539.47,380.29,3245074.0
2016-01-29,32890000,1118.04,29698437,3191563,22032,99.61,0.4703,33.75,545.25,379.47,3596145.0
2016-01-30,32920000,1118.04,29698437,3221563,22032,99.61,0.4703,33.75,545.25,378.26,3191563.0
2016-01-31,32920000,1118.04,29698437,3221563,22032,99.61,0.4703,33.75,545.25,368.77,3221563.0
2016-02-01,32940000,1128.85,29770544,3169456,21874,99.0,0.4703,31.33,540.56,373.06,3221563.0
2016-02-02,33000000,1129.12,29851177,3148823,21928,98.87,0.4703,29.66,536.45,374.45,3169456.0
2016-02-03,33070000,1142.93,29779460,3290540,21611,97.29,0.4703,32.72,539.07,369.95,3148823.0
2016-02-04,33250000,1155.74,30543797,2706203,21920,96.47,0.4703,31.66,542.15,389.59,3290540.0
2016-02-05,33380000,1173.69,31059215,2320785,21949,97.03,0.4703,30.99,544.75,386.55,2706203.0
2016-02-06,33380000,1173.69,31059215,2320785,21949,97.03,0.4703,30.99,544.75,376.52,2320785.0
2016-02-07,33380000,1173.69,31059215,2320785,21949,97.03,0.4703,30.99,544.75,376.62,2320785.0
2016-02-08,33380000,1191.14,31483653,1896347,21923,96.57,0.4703,30.16,544.75,373.45,2320785.0
2016-02-09,33380000,1188.85,31205257,2174743,21771,96.07,0.4703,28.3,544.75,376.03,1896347.0
2016-02-10,33380000,1197.49,31655825,1724175,21926,95.89,0.4703,27.3,544.75,381.65,2174743.0
2016-02-11,33380000,1246.89,33024860,355140,21968,95.56,0.4703,27.22,544.75,379.65,1724175.0
2016-02-12,34400000,1238.05,32783263,1616737,21963,95.98,0.4703,29.12,544.75,384.26,355140.0
2016-02-13,34400000,1238.05,32783263,1616737,21963,95.98,0.4703,29.12,544.75,391.86,1616737.0
2016-02-14,34400000,1238.05,32783263,1616737,21963,95.98,0.4703,29.12,544.75,407.23,1616737.0
2016-02-15,33730000,1209.95,32103368,1626632,22007,95.98,0.4703,29.12,543.79,400.18,1616737.0
2016-02-16,33800000,1200.35,31848653,1951347,22007,96.87,0.4703,29.12,548.05,407.49,1626632.0
2016-02-17,33550000,1209.14,32194127,1355873,22084,96.79,0.4703,31.43,547.05,416.32,1951347.0
2016-02-18,33450000,1232.35,32679873,770127,21995,96.95,0.4703,30.7,552.49,422.37,1355873.0
2016-02-19,33630000,1228.19,32491076,1138924,21942,96.6,0.4703,29.87,554.03,420.79,770127.0
2016-02-20,33650000,1228.19,32491076,1158924,21942,96.6,0.4703,29.87,554.03,437.16,1138924.0
2016-02-21,33650000,1228.19,32491076,1158924,21942,96.6,0.4703,29.87,554.03,438.8,1158924.0
2016-02-22,33420000,1208.74,32113526,1306474,22036,97.38,0.4703,31.48,560.71,437.75,1158924.0
2016-02-23,33520000,1227.46,32573877,946123,22011,97.48,0.4703,31.4,561.28,420.74,1306474.0
2016-02-24,33660000,1229.35,32455066,1204934,21897,97.46,0.4703,32.21,568.04,424.95,946123.0
2016-02-25,33650000,1234.64,32695944,954056,21965,97.29,0.4703,33.07,562.82,424.54,1204934.0
2016-02-26,33600000,1222.6,32635054,964946,22140,98.15,0.4703,32.79,566.11,432.15,954056.0
2016-02-27,33500000,1222.6,32635054,864946,22140,98.15,0.4703,32.79,566.11,432.52,964946.0
2016-02-28,33500000,1222.6,32635054,864946,22140,98.15,0.4703,32.79,566.11,433.5,864946.0
2016-02-29,33590000,1238.14,32752805,837195,21941,98.21,0.4703,33.91,559.37,437.7,864946.0
2016-03-01,33670000,1232.26,32612117,1057883,21951,98.35,0.4703,33.85,561.56,435.12,837195.0
2016-03-02,33540000,1240.3,32818916,721084,21947,98.21,0.4703,34.74,570.18,423.99,1057883.0
2016-03-03,33610000,1263.69,33194055,415945,21787,97.57,0.4703,34.69,570.39,421.65,721084.0
2016-03-04,34070000,1259.44,33228189,841811,21883,97.34,0.4703,36.31,573.65,410.94,415945.0
2016-03-05,34030000,1259.44,33228189,801811,21883,97.34,0.4703,36.31,573.65,400.57,841811.0
2016-03-06,34030000,1259.44,33228189,801811,21883,97.34,0.4703,36.31,573.65,407.71,801811.0
2016-03-07,34050000,1267.39,33492945,557055,21919,97.07,0.4703,37.97,576.2,414.32,801811.0
2016-03-08,34150000,1261.1,33372335,777665,21949,97.21,0.4703,36.36,574.71,413.97,557055.0
2016-03-09,33930000,1252.94,33132228,797772,21933,97.17,0.4703,38.2,571.71,414.86,777665.0
2016-03-10,33800000,1271.44,33606105,193895,21923,96.07,0.4703,38.02,575.91,417.13,797772.0
2016-03-11,34030000,1248.44,32879270,1150730,21844,96.17,0.4703,38.48,577.26,421.69,193895.0
2016-03-12,33920000,1248.44,32879270,1040730,21844,96.17,0.4703,38.48,577.26,411.62,1150730.0
2016-03-13,33920000,1248.44,32879270,1040730,21844,96.17,0.4703,38.48,577.26,414.07,1040730.0
2016-03-14,33960000,1235.28,32681617,1278383,21944,96.62,0.4703,37.36,577.98,416.44,1040730.0
2016-03-15,33780000,1232.38,32561803,1218197,21915,96.63,0.4703,36.77,574.04,416.83,1278383.0
2016-03-16,33700000,1263.08,33044022,655978,21699,95.89,0.4703,38.55,577.07,417.01,1218197.0
2016-03-17,33920000,1257.9,33299786,620214,21957,94.76,0.4703,40.34,579.26,420.62,655978.0
2016-03-18,33870000,1255.3,33220364,649636,21950,94.99,0.4703,40.53,575.82,409.55,620214.0
2016-03-19,33880000,1255.3,33220364,659636,21950,94.99,0.4703,40.53,575.82,410.44,649636.0
2016-03-20,33880000,1255.3,33220364,659636,21950,94.99,0.4703,40.53,575.82,413.76,659636.0
2016-03-21,33720000,1243.74,32905442,814558,21944,95.29,0.4703,39.91,572.27,413.31,659636.0
2016-03-22,33750000,1248.38,33020676,729324,21939,95.65,0.4703,41.24,570.91,418.09,814558.0
2016-03-23,33640000,1220.17,32403955,1236045,22027,96.05,0.4703,39.77,574.71,418.04,729324.0
2016-03-24,33400000,1216.99,32237337,1162663,21971,96.14,0.4703,39.52,570.66,416.39,1236045.0
2016-03-25,33400000,1216.47,32662088,737912,22270,96.14,0.4703,39.52,572.08,417.18,1162663.0
2016-03-26,33420000,1216.47,32662088,757912,22270,96.14,0.4703,39.52,572.08,417.95,737912.0
2016-03-27,33420000,1216.47,32662088,757912,22270,96.14,0.4703,39.52,572.08,426.77,757912.0
2016-03-28,33290000,1221.05,32785061,504939,22270,95.94,0.4703,39.33,575.72,424.23,757912.0
2016-03-29,33260000,1242.55,32857479,402521,21933,95.16,0.4703,38.49,568.28,416.52,504939.0
2016-03-30,33350000,1224.85,32368753,981247,21919,94.84,0.4703,38.29,569.91,414.82,402521.0
2016-03-31,33340000,1232.7,32598496,741504,21934,94.59,0.4703,38.12,561.22,416.73,981247.0
2016-04-01,33330000,1222.49,32352077,977923,21950,94.62,0.4703,36.7,558.43,417.96,741504.0
2016-04-02,33270000,1222.49,32352077,917923,21950,94.62,0.4703,36.7,558.43,420.87,977923.0
2016-04-03,33270000,1222.49,32352077,917923,21950,94.62,0.4703,36.7,558.43,420.9,917923.0
2016-04-04,33240000,1215.4,32149793,1090207,21940,94.51,0.4703,35.48,555.82,421.44,917923.0
2016-04-05,33280000,1231.14,32576538,703462,21947,94.63,0.4703,36.57,560.32,424.03,1090207.0
2016-04-06,33230000,1222.35,32212789,1017211,21858,94.43,0.4703,37.73,567.79,423.41,703462.0
2016-04-07,33330000,1240.69,32827740,502260,21946,94.48,0.4703,37.48,571.6,422.74,1017211.0
2016-04-08,33250000,1240.39,32821298,428702,21947,94.24,0.4703,39.67,572.34,420.35,502260.0
2016-04-09,33280000,1240.39,32821298,458702,21947,94.24,0.4703,39.67,572.34,419.41,428702.0
2016-04-10,33280000,1240.39,32821298,458702,21947,94.24,0.4703,39.67,572.34,421.56,458702.0
2016-04-11,33430000,1257.95,33278360,151640,21942,93.95,0.4703,40.35,579.27,422.48,458702.0
2016-04-12,33620000,1255.94,33244872,375128,21955,93.96,0.4703,41.66,579.84,425.19,151640.0
2016-04-13,33450000,1243.14,32888069,561931,21943,94.74,0.4703,41.55,578.02,423.73,375128.0
2016-04-14,33370000,1227.39,32478792,891208,21948,94.9,0.4703,41.45,579.49,424.28,561931.0
2016-04-15,33300000,1234.05,32632709,667291,21933,94.7,0.4703,40.41,579.86,429.71,891208.0
2016-04-16,33300000,1234.05,32632709,667291,21933,94.7,0.4703,40.41,579.86,430.57,667291.0
2016-04-17,33300000,1234.05,32632709,667291,21933,94.7,0.4703,40.41,579.86,427.4,667291.0
2016-04-18,33400000,1231.55,32633417,766583,21978,94.49,0.4703,40.05,579.86,428.59,667291.0
2016-04-19,33340000,1250.5,33087305,252695,21946,93.98,0.4703,41.26,568.28,435.51,766583.0
2016-04-20,33430000,1244.05,32906144,523856,21939,94.49,0.4703,42.63,568.03,441.39,252695.0
2016-04-21,33520000,1248.85,33085807,434193,21974,94.6,0.4703,43.43,575.73,449.42,523856.0
2016-04-22,33430000,1232.3,32567118,862882,21920,95.12,0.4703,43.72,592.48,445.74,434193.0
2016-04-23,33370000,1232.3,32567118,802882,21920,95.12,0.4703,43.72,592.48,450.28,862882.0
2016-04-24,33370000,1232.3,32567118,802882,21920,95.12,0.4703,43.72,592.48,458.55,802882.0
2016-04-25,33320000,1237.9,32746456,573544,21941,94.84,0.4703,42.98,591.58,461.43,802882.0
2016-04-26,33300000,1243.44,32894506,405494,21942,94.57,0.4703,44.67,598.48,466.09,573544.0
2016-04-27,33340000,1246.1,32922809,417191,21914,94.39,0.4703,45.32,593.96,444.69,405494.0
2016-04-28,33500000,1266.48,33520813,-20813,21953,93.76,0.4703,45.87,591.67,449.01,417191.0
2016-04-29,33800000,1293.74,34217366,-417366,21937,93.08,0.4703,46.0,598.37,455.1,-20813.0
2016-04-30,34350000,1293.74,34217366,132634,21937,93.08,0.4703,46.0,598.37,448.32,-417366.0
2016-05-01,34350000,1293.74,34217366,132634,21937,93.08,0.4703,46.0,598.37,451.88,132634.0
2016-05-02,34350000,1291.6,34176338,173662,21947,92.63,0.4703,44.92,598.37,444.67,132634.0
2016-05-03,34350000,1286.0,34251427,98573,22091,92.94,0.4703,43.86,598.37,450.3,173662.0
2016-05-04,33980000,1279.49,34331029,-351029,22255,93.18,0.4703,44.05,599.07,446.72,98573.0
2016-05-05,33940000,1278.05,33862485,77515,21976,93.78,0.4703,44.47,601.51,447.98,-351029.0
2016-05-06,34030000,1288.7,34082512,-52512,21936,93.89,0.4703,44.61,606.52,459.6,77515.0
2016-05-07,34170000,1288.7,34082512,87488,21936,93.89,0.4703,44.61,606.52,458.54,-52512.0
2016-05-08,34170000,1288.7,34082512,87488,21936,93.89,0.4703,44.61,606.52,458.55,87488.0
2016-05-09,34020000,1263.85,33445108,574892,21949,94.15,0.4703,43.26,603.85,460.48,87488.0
2016-05-10,33880000,1266.4,33488159,391841,21933,94.29,0.4703,44.55,605.05,450.89,574892.0
2016-05-11,34030000,1277.69,33788247,241753,21934,93.82,0.4703,46.01,614.06,452.73,391841.0
2016-05-12,34000000,1263.49,33423395,576605,21941,94.14,0.4703,46.43,612.12,454.77,241753.0
2016-05-13,34100000,1273.6,33712334,387666,21955,94.61,0.4703,46.35,610.82,455.67,576605.0
2016-05-14,34070000,1273.6,33712334,357666,21955,94.61,0.4703,46.35,610.82,455.67,387666.0
2016-05-15,34070000,1273.6,33712334,357666,21955,94.61,0.4703,46.35,610.82,457.57,357666.0
2016-05-16,34200000,1273.86,33835940,364060,22031,94.57,0.4703,47.89,615.78,454.16,357666.0
2016-05-17,34160000,1280.0,33875570,284430,21951,94.55,0.4703,48.56,624.75,453.78,364060.0
2016-05-18,34150000,1258.3,33275483,874517,21934,95.08,0.4703,47.98,622.45,454.62,284430.0
2016-05-19,33970000,1255.1,33219611,750389,21953,95.29,0.4703,48.49,619.2,438.71,874517.0
2016-05-20,34010000,1252.3,33160599,849401,21963,95.31,0.4703,47.47,614.81,442.68,750389.0
2016-05-21,33960000,1252.3,33160599,799401,21963,95.31,0.4703,47.47,614.81,443.19,849401.0
2016-05-22,33960000,1252.3,33160599,799401,21963,95.31,0.4703,47.47,614.81,439.32,799401.0
2016-05-23,33890000,1249.24,33069028,820972,21956,95.23,0.4703,48.11,611.03,444.15,799401.0
2016-05-24,33740000,1227.0,32501017,1238983,21970,95.57,0.4703,49.14,611.62,445.98,820972.0
2016-05-25,33440000,1224.18,32461743,978257,21994,95.35,0.4703,49.7,611.89,449.6,1238983.0
2016-05-26,33500000,1220.15,32396069,1103931,22022,95.17,0.4703,49.37,604.34,453.38,978257.0
2016-05-27,33430000,1212.4,32204917,1225083,22032,95.52,0.4703,49.55,608.11,473.46,1103931.0
2016-05-28,33390000,1212.4,32204917,1185083,22032,95.52,0.4703,49.55,608.11,530.04,1225083.0
2016-05-29,33390000,1212.4,32204917,1185083,22032,95.52,0.4703,49.55,608.11,526.23,1185083.0
2016-05-30,33330000,1205.58,32060095,1269905,22057,95.52,0.4703,49.55,614.5,533.86,1185083.0
2016-05-31,33350000,1215.24,32262774,1087226,22020,95.89,0.4703,48.87,618.44,531.39,1269905.0
2016-06-01,33460000,1213.35,32301833,1158167,22081,95.46,0.4703,48.92,619.86,536.92,1087226.0
2016-06-02,33460000,1210.95,32379558,1080442,22178,95.56,0.4703,49.02,623.37,537.97,1158167.0
2016-06-03,33400000,1244.49,33085830,314170,22051,94.03,0.4703,48.85,621.88,569.19,1080442.0
2016-06-04,33680000,1244.49,33085830,594170,22051,94.03,0.4703,48.85,621.88,572.73,314170.0
2016-06-05,33680000,1244.49,33085830,594170,22051,94.03,0.4703,48.85,621.88,574.98,594170.0
2016-06-06,33630000,1245.24,33048719,581281,22013,93.9,0.4703,49.73,620.05,585.54,594170.0
2016-06-07,33580000,1243.85,32980335,599665,21992,93.83,0.4703,50.42,624.65,576.6,581281.0
2016-06-08,33670000,1262.14,33422682,247318,21964,93.59,0.4703,51.5,627.87,581.65,599665.0
2016-06-09,33800000,1269.15,33663399,136601,22000,94.1,0.4703,50.44,631.26,574.63,247318.0
2016-06-10,33930000,1274.2,33749724,180276,21969,94.6,0.4703,48.92,629.84,577.47,136601.0
2016-06-11,34060000,1274.2,33749724,310276,21969,94.6,0.4703,48.92,629.84,606.73,180276.0
2016-06-12,34060000,1274.2,33749724,310276,21969,94.6,0.4703,48.92,629.84,672.78,310276.0
2016-06-13,34270000,1284.05,33992043,277957,21957,94.37,0.4703,48.57,623.58,704.38,310276.0
2016-06-14,34150000,1285.85,34013339,136661,21940,94.93,0.4703,47.88,625.43,685.56,277957.0
2016-06-15,34240000,1291.49,34072217,167783,21882,94.61,0.4703,47.46,627.02,694.47,136661.0
2016-06-16,34810000,1279.14,33928377,881623,22000,94.57,0.4703,46.01,625.11,766.31,167783.0
2016-06-17,34380000,1298.6,34316157,63843,21918,94.21,0.4703,48.22,619.25,748.91,881623.0
2016-06-18,34670000,1298.6,34316157,353843,21918,94.21,0.4703,48.22,619.25,756.23,63843.0
2016-06-19,34670000,1298.6,34316157,353843,21918,94.21,0.4703,48.22,619.25,763.78,353843.0
2016-06-20,34470000,1290.15,34175302,294698,21971,93.61,0.4703,49.3,626.46,737.23,353843.0
2016-06-21,34360000,1268.44,33782204,577796,22090,94.02,0.4703,48.85,628.0,666.65,294698.0
2016-06-22,33990000,1266.31,33343793,646207,21840,93.72,0.4703,48.98,626.41,596.12,577796.0
2016-06-23,34100000,1255.65,33281098,818902,21984,93.53,0.4703,50.18,632.27,623.98,646207.0
2016-06-24,35100000,1315.98,34635810,464190,21830,95.45,0.4703,47.61,620.77,665.3,818902.0
2016-06-25,35150000,1315.98,34635810,514190,21830,95.45,0.4703,47.61,620.77,665.12,464190.0
2016-06-26,35150000,1315.98,34635810,514190,21830,95.45,0.4703,47.61,620.77,629.37,514190.0
2016-06-27,35350000,1324.8,35091562,258438,21970,96.54,0.4703,46.62,621.27,655.28,514190.0
2016-06-28,35040000,1312.51,34799254,240746,21991,96.25,0.4703,48.08,622.2,647.0,258438.0
2016-06-29,35220000,1318.89,34799857,420143,21885,95.77,0.4703,49.53,630.12,639.89,240746.0
2016-06-30,35220000,1322.18,35114621,105379,22028,96.14,0.4703,48.38,632.26,673.34,420143.0
2016-07-01,35580000,1342.3,35459623,120377,21911,95.65,0.4703,49.26,640.3,676.3,105379.0
2016-07-02,35850000,1342.3,35459623,390377,21911,95.65,0.4703,49.26,640.3,703.7,120377.0
2016-07-03,35850000,1342.3,35459623,390377,21911,95.65,0.4703,49.26,640.3,658.66,390377.0
2016-07-04,36900000,1350.78,35651069,1248931,21891,95.65,0.4703,49.26,647.96,683.66,390377.0
2016-07-05,36900000,1356.14,36157148,742852,22114,96.17,0.4703,46.85,650.88,670.63,1248931.0
2016-07-06,39700000,1363.89,35982281,3717719,21882,96.06,0.4703,47.87,649.46,677.33,742852.0
2016-07-07,37500000,1360.6,36046402,1453598,21974,96.33,0.4703,45.2,661.12,640.56,3717719.0
2016-07-08,37300000,1366.8,36195827,1104173,21965,96.3,0.4703,45.16,658.68,666.52,1453598.0
2016-07-09,37600000,1366.8,36195827,1404173,21965,96.3,0.4703,45.16,658.68,650.96,1104173.0
2016-07-10,37600000,1366.8,36195827,1404173,21965,96.3,0.4703,45.16,658.68,649.36,1404173.0
2016-07-11,37500000,1355.25,35804992,1695008,21913,96.57,0.4703,44.54,652.26,647.66,1404173.0
2016-07-12,37300000,1331.65,35321172,1978828,22000,96.44,0.4703,46.62,658.9,664.55,1695008.0
2016-07-13,37050000,1342.85,35491962,1558038,21922,96.22,0.4703,45.11,675.12,654.47,1978828.0
2016-07-14,36860000,1335.1,35274250,1585750,21914,96.08,0.4703,45.49,666.69,658.08,1558038.0
2016-07-15,36870000,1337.85,35730796,1139204,22152,96.58,0.4703,46.26,664.56,663.26,1585750.0
2016-07-16,37100000,1337.85,35730796,1369204,22152,96.58,0.4703,46.26,664.56,660.77,1139204.0
2016-07-17,37100000,1337.85,35730796,1369204,22152,96.58,0.4703,46.26,664.56,679.46,1369204.0
2016-07-18,36830000,1328.79,35061075,1768925,21885,96.56,0.4703,45.22,673.5,673.11,1369204.0
2016-07-19,36820000,1332.13,35362813,1457187,22018,97.05,0.4703,44.47,667.76,672.86,1768925.0
2016-07-20,36780000,1315.95,34798439,1981561,21933,97.2,0.4703,44.94,660.26,665.68,1457187.0
2016-07-21,36660000,1331.09,35182746,1477254,21923,97.0,0.4703,44.53,659.57,665.01,1981561.0
2016-07-22,36680000,1322.38,35111961,1568039,22023,97.47,0.4703,44.27,649.87,650.62,1477254.0
2016-07-23,36650000,1322.38,35111961,1538039,22023,97.47,0.4703,44.27,649.87,655.56,1568039.0
2016-07-24,36650000,1322.38,35111961,1538039,22023,97.47,0.4703,44.27,649.87,661.28,1538039.0
2016-07-25,36530000,1315.56,34784953,1745047,21931,97.29,0.4703,43.05,649.3,654.1,1538039.0
2016-07-26,36580000,1320.32,34979263,1600737,21974,97.16,0.4703,42.65,648.59,651.78,1745047.0
2016-07-27,36500000,1339.86,35249779,1250221,21821,97.05,0.4703,41.89,656.11,654.35,1600737.0
2016-07-28,36720000,1335.79,35361731,1358269,21957,96.74,0.4703,41.11,657.14,655.03,1250221.0
2016-07-29,36570000,1350.91,35532345,1037655,21816,95.53,0.4703,41.38,652.23,656.99,1358269.0
2016-07-30,36750000,1350.91,35532345,1217655,21816,95.53,0.4703,41.38,652.23,655.05,1037655.0
2016-07-31,36750000,1350.91,35532345,1217655,21816,95.53,0.4703,41.38,652.23,624.68,1217655.0
2016-08-01,36740000,1353.21,35800042,939958,21943,95.71,0.4703,40.05,648.38,606.27,1217655.0
2016-08-02,36850000,1363.68,35998114,851886,21895,95.06,0.4703,39.72,636.05,547.47,939958.0
2016-08-03,36970000,1357.9,36089471,880529,22044,95.56,0.4703,41.19,631.61,566.35,851886.0
2016-08-04,36850000,1361.2,36009781,840219,21942,95.76,0.4703,41.78,631.94,578.29,880529.0
2016-08-05,36910000,1335.8,35524658,1385342,22058,96.19,0.4703,41.98,627.39,575.04,840219.0
2016-08-06,36620000,1335.8,35524658,1095342,22058,96.19,0.4703,41.98,627.39,587.78,1385342.0
2016-08-07,36620000,1335.8,35524658,1095342,22058,96.19,0.4703,41.98,627.39,592.69,1095342.0
2016-08-08,36580000,1335.38,35313847,1266153,21934,96.4,0.4703,42.87,629.46,591.05,1095342.0
2016-08-09,36630000,1340.75,35371799,1258201,21882,96.18,0.4703,42.73,637.34,587.8,1266153.0
2016-08-10,36800000,1346.67,35596173,1203827,21924,95.65,0.4703,41.48,648.33,592.1,1258201.0
2016-08-11,36720000,1338.87,35454566,1265434,21964,95.86,0.4703,43.41,660.24,589.12,1203827.0
2016-08-12,36650000,1336.19,35315936,1334064,21922,95.72,0.4703,44.73,655.71,587.56,1265434.0
2016-08-13,36650000,1336.19,35315936,1334064,21922,95.72,0.4703,44.73,655.71,585.59,1334064.0
2016-08-14,36650000,1336.19,35315936,1334064,21922,95.72,0.4703,44.73,655.71,570.47,1334064.0
2016-08-15,36700000,1339.36,35385187,1314813,21913,95.63,0.4703,45.68,659.47,567.24,1334064.0
2016-08-16,36780000,1346.08,35624396,1155604,21951,94.79,0.4703,46.39,658.11,577.44,1314813.0
2016-08-17,36710000,1348.66,35674790,1035210,21940,94.72,0.4703,46.9,660.51,573.22,1155604.0
2016-08-18,36750000,1352.34,35700394,1049606,21896,94.16,0.4703,48.34,660.65,574.32,1035210.0
2016-08-19,36730000,1341.78,35507360,1222640,21949,94.51,0.4703,48.48,662.28,575.63,1049606.0
2016-08-20,36670000,1341.78,35507360,1162640,21949,94.51,0.4703,48.48,662.28,581.7,1222640.0
2016-08-21,36670000,1341.78,35507360,1162640,21949,94.51,0.4703,48.48,662.28,581.31,1162640.0
2016-08-22,36610000,1339.02,35340688,1269312,21891,94.52,0.4703,47.05,657.68,586.75,1162640.0
2016-08-23,36650000,1338.1,35505160,1144840,22008,94.54,0.4703,47.57,659.16,583.41,1269312.0
2016-08-24,36630000,1323.75,35074922,1555078,21977,94.79,0.4703,46.78,660.77,580.18,1144840.0
2016-08-25,36560000,1321.7,34993514,1566486,21960,94.77,0.4703,47.38,658.5,577.76,1555078.0
2016-08-26,36580000,1321.33,35260911,1319089,22134,95.57,0.4703,47.3,667.75,579.65,1566486.0
2016-08-27,36550000,1321.33,35260911,1289089,22134,95.57,0.4703,47.3,667.75,569.95,1319089.0
2016-08-28,36550000,1321.33,35260911,1289089,22134,95.57,0.4703,47.3,667.75,573.91,1289089.0
2016-08-29,36500000,1323.41,34997303,1502697,21934,95.58,0.4703,46.95,669.44,574.11,1289089.0
2016-08-30,36490000,1311.15,34760034,1729966,21989,96.05,0.4703,46.27,672.67,577.5,1502697.0
2016-08-31,36390000,1308.95,34588083,1801917,21917,96.02,0.4703,44.84,674.63,575.47,1729966.0
2016-09-01,36200000,1313.79,34613018,1586982,21852,95.65,0.4703,43.51,669.19,572.3,1801917.0
2016-09-02,36200000,1325.01,35130673,1069327,21991,95.88,0.4703,44.24,669.19,575.54,1586982.0
2016-09-03,36200000,1325.01,35130673,1069327,21991,95.88,0.4703,44.24,669.19,598.21,1069327.0
2016-09-04,36200000,1325.01,35130673,1069327,21991,95.88,0.4703,44.24,669.19,608.63,1069327.0
2016-09-05,36380000,1327.08,35156756,1223244,21973,95.88,0.4703,44.24,664.55,606.59,1069327.0
2016-09-06,36390000,1349.88,35445036,944964,21779,94.82,0.4703,44.88,663.9,610.44,1223244.0
2016-09-07,36570000,1345.24,35621628,948372,21963,94.96,0.4703,46.14,661.28,614.54,944964.0
2016-09-08,36550000,1338.35,35495658,1054342,21998,95.03,0.4703,47.31,666.07,626.32,948372.0
2016-09-09,36420000,1328.15,35234742,1185258,22004,95.34,0.4703,45.72,666.88,622.86,1054342.0
2016-09-10,36360000,1328.15,35234742,1125258,22004,95.34,0.4703,45.72,666.88,623.51,1185258.0
2016-09-11,36360000,1328.15,35234742,1125258,22004,95.34,0.4703,45.72,666.88,606.72,1125258.0
2016-09-12,36310000,1327.63,35080088,1229912,21916,95.1,0.4703,46.05,659.76,608.24,1125258.0
2016-09-13,36330000,1319.05,34947207,1382793,21975,95.63,0.4703,44.97,659.72,609.24,1229912.0
2016-09-14,36290000,1322.97,34934626,1355374,21902,95.33,0.4703,43.62,656.64,610.68,1382793.0
2016-09-15,36250000,1314.25,34764576,1485424,21940,95.29,0.4703,43.72,656.18,607.16,1355374.0
2016-09-16,36210000,1310.43,34903678,1306322,22092,96.11,0.4703,43.14,651.31,606.97,1485424.0
2016-09-17,36200000,1310.43,34903678,1296322,22092,96.11,0.4703,43.14,651.31,605.98,1306322.0
2016-09-18,36200000,1310.43,34903678,1296322,22092,96.11,0.4703,43.14,651.31,609.87,1296322.0
2016-09-19,36250000,1313.39,34710158,1539842,21920,95.84,0.4703,43.25,657.89,609.23,1296322.0
2016-09-20,36240000,1315.1,34913905,1326095,22020,96.02,0.4703,43.44,663.37,608.31,1539842.0
2016-09-21,36300000,1336.85,35262462,1037538,21878,95.66,0.4703,45.63,668.48,597.15,1326095.0
2016-09-22,36360000,1337.3,35475872,884128,22003,95.45,0.4703,46.09,671.38,596.3,1037538.0
2016-09-23,36340000,1337.61,35398622,941378,21950,95.48,0.4703,44.61,674.09,602.84,884128.0
2016-09-24,36350000,1337.61,35398622,951378,21950,95.48,0.4703,44.61,674.09,602.62,941378.0
2016-09-25,36350000,1337.61,35398622,951378,21950,95.48,0.4703,44.61,674.09,600.83,951378.0
2016-09-26,36280000,1337.97,35392018,887982,21940,95.31,0.4703,45.64,677.04,608.04,951378.0
2016-09-27,36240000,1327.36,35236188,1003812,22018,95.44,0.4703,44.92,684.89,606.17,887982.0
2016-09-28,36140000,1321.41,34979463,1160537,21956,95.43,0.4703,47.17,686.72,604.73,1003812.0
2016-09-29,36130000,1320.27,34931776,1198224,21945,95.54,0.4703,47.73,688.55,605.69,1160537.0
2016-09-30,36230000,1315.96,34582927,1647073,21797,95.46,0.4703,48.05,685.73,609.73,1198224.0
2016-10-01,36170000,1315.96,34582927,1587073,21797,95.46,0.4703,48.05,685.73,613.98,1647073.0
2016-10-02,36170000,1315.96,34582927,1587073,21797,95.46,0.4703,48.05,685.73,610.89,1587073.0
2016-10-03,36120000,1311.96,34805234,1314766,22004,95.75,0.4703,48.66,683.05,612.13,1587073.0
2016-10-04,36050000,1268.3,33469591,2580409,21888,96.12,0.4703,49.2,684.2,610.2,1314766.0
2016-10-05,35520000,1266.7,33572452,1947548,21983,96.13,0.4703,49.69,687.04,612.51,2580409.0
2016-10-06,35500000,1254.74,33320515,2179485,22026,96.66,0.4703,50.59,687.32,613.02,1947548.0
2016-10-07,35500000,1256.97,33081187,2418813,21829,96.52,0.4703,49.62,683.95,617.12,2179485.0
2016-10-08,35590000,1256.97,33081187,2508813,21829,96.52,0.4703,49.62,683.95,619.11,2418813.0
2016-10-09,35590000,1256.97,33081187,2508813,21829,96.52,0.4703,49.62,683.95,616.75,2508813.0
2016-10-10,35750000,1259.74,33404692,2345308,21994,96.52,0.4703,51.14,674.19,618.99,2508813.0
2016-10-11,35700000,1253.25,33241662,2458338,22000,97.7,0.4703,50.84,682.36,641.07,2345308.0
2016-10-12,35640000,1255.33,33227212,2412788,21954,97.97,0.4703,50.03,682.45,636.19,2458338.0
2016-10-13,35670000,1258.12,33205498,2464502,21891,97.52,0.4703,50.52,685.23,636.79,2412788.0
2016-10-14,35670000,1250.55,33207739,2462261,22025,98.02,0.4703,50.33,687.0,640.38,2464502.0
2016-10-15,35650000,1250.55,33207739,2442261,22025,98.02,0.4703,50.33,687.0,638.65,2462261.0
2016-10-16,35650000,1250.55,33207739,2442261,22025,98.02,0.4703,50.33,687.0,641.63,2442261.0
2016-10-17,35620000,1255.7,33194615,2425385,21926,97.89,0.4703,50.06,680.95,639.19,2442261.0
2016-10-18,35650000,1262.84,33505166,2144834,22006,97.9,0.4703,50.75,682.02,637.96,2425385.0
2016-10-19,35730000,1269.4,33617995,2112005,21966,97.87,0.4703,51.72,688.89,630.52,2144834.0
2016-10-20,35710000,1266.0,33637849,2072151,22038,98.32,0.4703,50.43,686.39,630.86,2112005.0
2016-10-21,35670000,1266.75,33549341,2120659,21967,98.7,0.4703,50.95,684.83,632.83,2072151.0
2016-10-22,35700000,1266.75,33549341,2150659,21967,98.7,0.4703,50.95,684.83,657.29,2120659.0
2016-10-23,35700000,1266.75,33549341,2150659,21967,98.7,0.4703,50.95,684.83,657.07,2150659.0
2016-10-24,35700000,1264.44,33517127,2182873,21986,98.67,0.4703,50.46,678.02,653.76,2150659.0
2016-10-25,35750000,1274.35,33729114,2020886,21953,98.72,0.4703,49.33,676.18,657.59,2182873.0
2016-10-26,35780000,1266.99,33598469,2181531,21995,98.63,0.4703,49.19,673.61,678.3,2020886.0
2016-10-27,35780000,1268.3,33674494,2105506,22022,98.89,0.4703,49.61,676.9,688.31,2181531.0
2016-10-28,35780000,1276.3,33576069,2203931,21820,98.35,0.4703,48.66,682.25,689.65,2105506.0
2016-10-29,35850000,1276.3,33576069,2273931,21820,98.35,0.4703,48.66,682.25,714.48,2203931.0
2016-10-30,35850000,1276.3,33576069,2273931,21820,98.35,0.4703,48.66,682.25,701.86,2273931.0
2016-10-31,35820000,1277.38,33752328,2067672,21916,98.45,0.4703,46.72,675.8,700.97,2273931.0
2016-11-01,35950000,1288.15,34010503,1939497,21899,97.7,0.4703,46.39,676.6,729.79,2067672.0
2016-11-02,36650000,1297.39,34353007,2296993,21962,97.4,0.4703,45.49,671.4,740.83,1939497.0
2016-11-03,36400000,1303.75,34423955,1976045,21900,97.16,0.4703,44.65,667.63,688.7,2296993.0
2016-11-04,36500000,1304.25,34429295,2070705,21895,97.07,0.4703,44.14,666.73,703.23,1976045.0
2016-11-05,36550000,1304.25,34429295,2120705,21895,97.07,0.4703,44.14,666.73,703.42,2070705.0
2016-11-06,36550000,1304.25,34429295,2120705,21895,97.07,0.4703,44.14,666.73,711.52,2120705.0
2016-11-07,36300000,1281.41,34000947,2299053,22008,97.78,0.4703,44.95,674.14,703.13,2120705.0
2016-11-08,36280000,1275.64,33877068,2402932,22027,97.86,0.4703,44.83,676.46,709.85,2299053.0
2016-11-09,37100000,1278.0,34385040,2714960,22316,98.5,0.4703,45.34,670.26,723.27,2402932.0
2016-11-10,36500000,1259.76,33390034,3109966,21984,98.79,0.4703,44.32,678.17,715.53,2714960.0
2016-11-11,36150000,1225.68,32505952,3644048,21997,98.79,0.4703,43.16,679.2,716.41,3109966.0
2016-11-12,35800000,1225.68,32505952,3294048,21997,98.79,0.4703,43.16,679.2,705.05,3644048.0
2016-11-13,35800000,1225.68,32505952,3294048,21997,98.79,0.4703,43.16,679.2,702.03,3294048.0
2016-11-14,35950000,1220.26,32463723,3486277,22066,100.11,0.4703,43.71,673.05,705.02,3294048.0
2016-11-15,36000000,1228.08,32673246,3326754,22067,100.19,0.4703,45.77,674.26,711.62,3486277.0
2016-11-16,36000000,1225.3,33063152,2936848,22381,100.41,0.4703,45.36,674.6,744.2,3326754.0
2016-11-17,35960000,1216.39,32662873,3297127,22272,100.89,0.4703,44.94,674.57,740.98,2936848.0
2016-11-18,35800000,1208.69,32373047,3426953,22215,101.21,0.4703,45.5,673.25,751.59,3297127.0
2016-11-19,35850000,1208.69,32373047,3476953,22215,101.21,0.4703,45.5,673.25,751.62,3426953.0
2016-11-20,35850000,1208.69,32373047,3476953,22215,101.21,0.4703,45.5,673.25,731.03,3476953.0
2016-11-21,35850000,1214.05,32481478,3368522,22191,101.05,0.4703,47.49,674.29,739.25,3476953.0
2016-11-22,35880000,1212.24,32412590,3467410,22177,101.04,0.4703,47.87,681.91,751.35,3368522.0
2016-11-23,35820000,1187.77,32099142,3720858,22415,101.7,0.4703,47.94,683.16,744.59,3467410.0
2016-11-24,35620000,1184.0,31985839,3634161,22407,101.7,0.4703,47.94,678.18,740.29,3720858.0
2016-11-25,35630000,1183.63,31901637,3728363,22355,101.49,0.4703,45.96,675.87,741.65,3634161.0
2016-11-26,35710000,1183.63,31901637,3808363,22355,101.49,0.4703,45.96,675.87,735.38,3728363.0
2016-11-27,35710000,1183.63,31901637,3808363,22355,101.49,0.4703,45.96,675.87,732.03,3808363.0
2016-11-28,35830000,1193.44,32102729,3727271,22311,101.33,0.4703,46.92,665.29,735.81,3808363.0
2016-11-29,35790000,1188.46,31792528,3997472,22188,100.93,0.4703,45.27,658.26,735.6,3727271.0
2016-11-30,35820000,1173.11,31527579,4292421,22291,101.5,0.4703,49.0,665.07,745.69,3997472.0
2016-12-01,35820000,1171.3,31382906,4437094,22223,101.04,0.4703,50.87,666.54,756.77,4292421.0
2016-12-02,36200000,1176.92,31618622,4581378,22283,100.77,0.4703,51.67,665.14,777.94,4437094.0
2016-12-03,36300000,1176.92,31618622,4681378,22283,100.77,0.4703,51.67,665.14,771.16,4581378.0
2016-12-04,36300000,1176.92,31618622,4681378,22283,100.77,0.4703,51.67,665.14,773.87,4681378.0
2016-12-05,36350000,1170.26,31329645,5020355,22205,100.14,0.4703,50.96,660.21,758.7,4681378.0
2016-12-06,36650000,1169.74,31575219,5074781,22389,100.49,0.4703,50.91,651.49,764.22,5020355.0
2016-12-07,36450000,1174.0,31509035,4940965,22261,100.23,0.4703,49.85,653.53,768.13,5074781.0
2016-12-08,36480000,1170.55,31932967,4547033,22627,101.07,0.4703,50.93,658.89,770.81,4940965.0
2016-12-09,36300000,1157.87,31060765,5239235,22250,101.57,0.4703,51.48,663.07,772.79,4547033.0
2016-12-10,36250000,1157.87,31060765,5189235,22250,101.57,0.4703,51.48,663.07,774.65,5239235.0
2016-12-11,36250000,1157.87,31060765,5189235,22250,101.57,0.4703,51.48,663.07,769.73,5189235.0
2016-12-12,36390000,1162.21,31088912,5301088,22187,100.96,0.4703,52.42,659.7,780.09,5189235.0
2016-12-13,36500000,1158.35,31058279,5441721,22239,101.03,0.4703,52.45,654.66,780.56,5301088.0
2016-12-14,36600000,1144.25,31160312,5439688,22587,102.0,0.4703,50.78,665.14,781.48,5441721.0
2016-12-15,36200000,1128.43,30412505,5787495,22354,103.13,0.4703,51.06,665.92,778.09,5439688.0
2016-12-16,36150000,1134.09,31099671,5050329,22745,102.95,0.4703,52.03,675.16,784.91,5787495.0
2016-12-17,36300000,1134.09,31099671,5200329,22745,102.95,0.4703,52.03,675.16,790.83,5050329.0
2016-12-18,36300000,1134.09,31099671,5200329,22745,102.95,0.4703,52.03,675.16,790.53,5200329.0
2016-12-19,36500000,1139.05,30814084,5685916,22438,103.14,0.4703,52.03,674.33,792.71,5200329.0
2016-12-20,36480000,1132.2,30508651,5971349,22350,103.29,0.4703,52.23,662.66,800.88,5685916.0
2016-12-21,36500000,1131.8,30484227,6015773,22340,103.02,0.4703,52.5,666.94,834.28,5971349.0
2016-12-22,36280000,1128.69,30484832,5795168,22402,103.09,0.4703,52.64,664.15,864.54,6015773.0
2016-12-23,36320000,1133.49,30581677,5738323,22378,103.01,0.4703,53.24,664.37,921.98,5795168.0
2016-12-24,36460000,1133.49,30581677,5878323,22378,103.01,0.4703,53.24,664.37,898.82,5738323.0
2016-12-25,36460000,1133.49,30581677,5878323,22378,103.01,0.4703,53.24,664.37,896.18,5878323.0
2016-12-26,36320000,1133.94,30577412,5742588,22366,103.01,0.4703,53.24,662.45,907.61,5878323.0
2016-12-27,36450000,1139.35,30720549,5729451,22364,103.02,0.4703,53.85,663.86,933.2,5742588.0
2016-12-28,36420000,1142.45,30842702,5577298,22392,103.26,0.4703,53.66,663.5,975.92,5729451.0
2016-12-29,36400000,1158.32,31167801,5232199,22318,102.68,0.4703,53.86,664.72,973.5,5577298.0
2016-12-30,36450000,1151.85,31202017,5247983,22468,102.39,0.4703,53.89,664.87,961.24,5232199.0
2016-12-31,36100000,1151.85,31202017,4897983,22468,102.39,0.4703,53.89,664.87,963.74,5247983.0
2017-01-01,36100000,1151.85,31202017,4897983,22468,102.39,0.4703,53.89,664.87,998.33,4897983.0
2017-01-02,36100000,1150.52,31086923,5013077,22411,102.39,0.4703,53.89,664.87,1021.75,4897983.0
2017-01-03,36400000,1158.91,31211621,5188379,22338,103.21,0.4703,52.48,672.01,1043.84,5013077.0
2017-01-04,36520000,1163.8,31180554,5339446,22222,102.7,0.4703,53.35,674.7,1154.73,5188379.0
2017-01-05,36650000,1180.48,31399725,5250275,22062,101.52,0.4703,53.76,675.81,1013.38,5339446.0
2017-01-06,36570000,1172.81,31528000,5042000,22297,102.22,0.4703,53.69,679.8,902.2,5250275.0
2017-01-07,36640000,1172.81,31528000,5112000,22297,102.22,0.4703,53.69,679.8,908.59,5042000.0
2017-01-08,36640000,1172.81,31528000,5112000,22297,102.22,0.4703,53.69,679.8,911.2,5112000.0
2017-01-09,36620000,1181.27,31442101,5177899,22077,101.93,0.4703,51.77,682.57,902.83,5112000.0
2017-01-10,36610000,1187.74,31843435,4766565,22237,102.01,0.4703,50.77,681.07,907.68,5177899.0
2017-01-11,36620000,1191.85,31697846,4922154,22059,101.78,0.4703,52.39,687.16,777.76,4766565.0
2017-01-12,36770000,1195.66,32096134,4673866,22265,101.35,0.4703,53.05,686.96,804.83,4922154.0
2017-01-13,36720000,1197.66,32058852,4661148,22202,101.18,0.4703,52.53,685.06,823.98,4673866.0
2017-01-14,36730000,1197.66,32058852,4671148,22202,101.18,0.4703,52.53,685.06,818.41,4661148.0
2017-01-15,36730000,1197.66,32058852,4671148,22202,101.18,0.4703,52.53,685.06,821.8,4671148.0
2017-01-16,36750000,1203.17,32165727,4584273,22174,101.18,0.4703,52.53,677.94,831.53,4671148.0
2017-01-17,36750000,1216.54,32553964,4196036,22195,100.33,0.4703,52.53,684.71,907.94,4584273.0
2017-01-18,36770000,1203.64,32374200,4395800,22309,100.93,0.4703,51.44,683.28,886.62,4196036.0
2017-01-19,36770000,1205.14,32250359,4519641,22196,101.15,0.4703,51.47,682.31,899.07,4395800.0
2017-01-20,36770000,1209.96,32215960,4554040,22084,100.74,0.4703,52.48,686.26,895.03,4519641.0
2017-01-21,36770000,1209.96,32215960,4554040,22084,100.74,0.4703,52.48,686.26,921.79,4554040.0
2017-01-22,36770000,1209.96,32215960,4554040,22084,100.74,0.4703,52.48,686.26,924.67,4554040.0
2017-01-23,36740000,1217.48,32439671,4300329,22100,100.16,0.4703,52.84,687.15,921.01,4554040.0
2017-01-24,36920000,1208.81,32396665,4523335,22229,100.35,0.4703,52.92,691.36,892.69,4300329.0
2017-01-25,36800000,1200.31,32165966,4634034,22227,100.03,0.4703,52.94,697.28,901.54,4523335.0
2017-01-26,36800000,1188.57,31994658,4805342,22327,100.38,0.4703,53.73,697.28,917.59,4634034.0
2017-01-27,36800000,1191.6,31908132,4891868,22210,100.53,0.4703,53.17,697.28,919.75,4805342.0
2017-01-28,36800000,1191.6,31908132,4891868,22210,100.53,0.4703,53.17,697.28,921.59,4891868.0
2017-01-29,36800000,1191.6,31908132,4891868,22210,100.53,0.4703,53.17,697.28,919.5,4891868.0
2017-01-30,36800000,1195.35,31906224,4893776,22139,100.43,0.4703,52.6,697.28,920.38,4891868.0
2017-01-31,36800000,1210.63,32303860,4496140,22132,99.51,0.4703,52.8,697.28,970.4,4893776.0
2017-02-01,36800000,1209.49,32515506,4284494,22298,99.64,0.4703,53.55,697.28,989.02,4496140.0
2017-02-02,37830000,1215.93,33190006,4639994,22640,99.85,0.4703,53.7,703.18,1011.8,4284494.0
2017-02-03,37630000,1219.88,32558037,5071963,22137,99.87,0.4703,53.84,700.35,1029.91,4639994.0
2017-02-04,37650000,1219.88,32558037,5091963,22137,99.87,0.4703,53.84,700.35,1042.9,5071963.0
2017-02-05,37650000,1219.88,32558037,5091963,22137,99.87,0.4703,53.84,700.35,1027.34,5091963.0
2017-02-06,37350000,1235.59,33065221,4284779,22196,99.91,0.4703,53.12,700.04,1038.15,5091963.0
2017-02-07,36950000,1233.72,33036003,3913997,22210,100.26,0.4703,51.69,701.91,1061.35,4284779.0
2017-02-08,37070000,1241.99,33217023,3852977,22183,100.28,0.4703,52.39,702.04,1063.07,3913997.0
2017-02-09,37270000,1230.89,33163534,4106466,22347,100.65,0.4703,53.16,700.65,994.38,3852977.0
2017-02-10,37020000,1234.12,33130037,3889963,22266,100.8,0.4703,53.84,703.78,988.67,4106466.0
2017-02-11,37100000,1234.12,33130037,3969963,22266,100.8,0.4703,53.84,703.78,1004.45,3889963.0
2017-02-12,37100000,1234.12,33130037,3969963,22266,100.8,0.4703,53.84,703.78,999.18,3969963.0
2017-02-13,36940000,1225.44,33092046,3847954,22398,100.96,0.4703,52.88,705.9,990.64,3969963.0
2017-02-14,36960000,1228.61,33296152,3663848,22478,101.25,0.4703,53.03,706.26,1004.55,3847954.0
2017-02-15,36970000,1232.94,33177145,3792855,22319,101.18,0.4703,53.01,711.57,1007.48,3663848.0
2017-02-16,37070000,1239.14,33323065,3746935,22305,100.44,0.4703,53.43,709.35,1027.44,3792855.0
2017-02-17,37050000,1235.29,33484631,3565369,22483,100.95,0.4703,53.38,707.83,1046.21,3746935.0
2017-02-18,36990000,1235.29,33484631,3505369,22483,100.95,0.4703,53.38,707.83,1054.42,3565369.0
2017-02-19,36990000,1235.29,33484631,3505369,22483,100.95,0.4703,53.38,707.83,1047.87,3505369.0
2017-02-20,36970000,1238.38,33540023,3429977,22464,100.95,0.4703,53.38,710.59,1079.98,3505369.0
2017-02-21,36930000,1235.97,33482201,3447799,22469,101.37,0.4703,54.06,716.55,1115.3,3429977.0
2017-02-22,36950000,1237.69,33327345,3622655,22334,101.33,0.4703,53.88,717.24,1117.44,3447799.0
2017-02-23,36920000,1249.41,34390083,2529917,22830,101.05,0.4703,54.39,716.87,1166.72,3622655.0
2017-02-24,37030000,1256.94,34574615,2455385,22815,101.09,0.4703,54.0,714.47,1173.68,2529917.0
2017-02-25,37020000,1256.94,34574615,2445385,22815,101.09,0.4703,54.0,714.47,1143.84,2455385.0
2017-02-26,37020000,1256.94,34574615,2445385,22815,101.09,0.4703,54.0,714.47,1165.2,2445385.0
2017-02-27,36950000,1252.76,34402241,2547759,22777,101.13,0.4703,54.03,717.44,1179.97,2445385.0
2017-02-28,36910000,1248.59,34262136,2647864,22760,101.12,0.4703,53.99,710.79,1179.97,2547759.0
2017-03-01,36900000,1248.94,33716105,3183895,22391,101.78,0.4703,53.67,709.52,1222.5,2647864.0
2017-03-02,36920000,1235.3,33471498,3448502,22474,102.2,0.4703,52.59,707.51,1251.01,3183895.0
2017-03-03,36820000,1234.3,33989060,2830940,22840,101.54,0.4703,53.2,712.62,1274.99,3448502.0
2017-03-04,36880000,1234.3,33989060,2890940,22840,101.54,0.4703,53.2,712.62,1255.15,2830940.0
2017-03-05,36880000,1234.3,33989060,2890940,22840,101.54,0.4703,53.2,712.62,1267.12,2890940.0
2017-03-06,36810000,1225.96,33700278,3109722,22800,101.64,0.4703,53.18,716.29,1272.83,2890940.0
2017-03-07,36740000,1215.67,32901499,3838501,22448,101.81,0.4703,52.77,716.54,1223.54,3109722.0
2017-03-08,36640000,1207.58,32701474,3938526,22461,102.07,0.4703,50.19,716.6,1150.0,3838501.0
2017-03-09,36610000,1200.83,32415890,4194110,22390,101.85,0.4703,49.62,715.8,1188.49,3938526.0
2017-03-10,36580000,1204.55,32358013,4221987,22281,101.25,0.4703,48.38,712.21,1116.72,4194110.0
2017-03-11,36650000,1204.55,32358013,4291987,22281,101.25,0.4703,48.38,712.21,1175.83,4221987.0
2017-03-12,36650000,1204.55,32358013,4291987,22281,101.25,0.4703,48.38,712.21,1221.38,4291987.0
2017-03-13,36680000,1204.05,32601526,4078474,22458,101.38,0.4703,48.44,710.17,1231.92,4291987.0
2017-03-14,36650000,1199.08,32503097,4146903,22483,101.7,0.4703,48.48,714.71,1240.0,4078474.0
2017-03-15,36670000,1219.4,32673131,3996869,22224,100.74,0.4703,48.98,713.14,1249.61,4146903.0
2017-03-16,36800000,1226.78,32998074,3801926,22310,100.27,0.4703,48.8,714.92,1187.81,3996869.0
2017-03-17,36770000,1229.15,33201123,3568877,22404,100.3,0.4703,48.68,710.54,1100.23,3801926.0
2017-03-18,36760000,1229.15,33201123,3558877,22404,100.3,0.4703,48.68,710.54,973.82,3568877.0
2017-03-19,36760000,1229.15,33201123,3558877,22404,100.3,0.4703,48.68,710.54,1036.74,3558877.0
2017-03-20,36740000,1233.9,33393397,3346603,22447,100.41,0.4703,48.2,715.07,1054.23,3558877.0
2017-03-21,36650000,1245.0,33651770,2998230,22419,99.81,0.4703,47.34,716.18,1120.54,3346603.0
2017-03-22,36720000,1249.35,33725667,2994333,22390,99.68,0.4703,48.12,712.94,1049.14,2998230.0
2017-03-23,36650000,1245.3,33674893,2975107,22429,99.76,0.4703,47.67,719.56,1038.59,2994333.0
2017-03-24,36630000,1244.17,33648836,2981164,22432,99.63,0.4703,48.13,722.14,937.52,2975107.0
2017-03-25,36660000,1244.17,33648836,3011164,22432,99.63,0.4703,48.13,722.14,972.78,2981164.0
2017-03-26,36660000,1244.17,33648836,3011164,22432,99.63,0.4703,48.13,722.14,966.72,3011164.0
2017-03-27,36650000,1254.3,33886510,2763490,22408,99.17,0.4703,47.84,723.52,1045.77,3011164.0
2017-03-28,36640000,1251.63,33938118,2701882,22490,99.71,0.4703,48.45,719.26,1047.15,2763490.0
2017-03-29,36640000,1252.45,33895421,2744579,22447,100.0,0.4703,49.6,720.47,1039.97,2701882.0
2017-03-30,36600000,1243.3,33763214,2836786,22524,100.41,0.4703,50.36,723.86,1026.43,2744579.0
2017-03-31,36540000,1249.13,33787499,2752501,22435,100.35,0.4703,50.79,722.31,1071.79,2836786.0
2017-04-01,36550000,1249.13,33787499,2762501,22435,100.35,0.4703,50.79,722.31,1080.5,2752501.0
2017-04-02,36550000,1249.13,33787499,2762501,22435,100.35,0.4703,50.79,722.31,1102.17,2762501.0
2017-04-03,36520000,1253.35,33741468,2778532,22329,100.54,0.4703,50.24,722.38,1143.81,2762501.0
2017-04-04,36580000,1256.22,33697566,2882434,22249,100.54,0.4703,51.1,724.14,1133.25,2778532.0
2017-04-05,36540000,1255.3,33780343,2759657,22320,100.56,0.4703,50.84,723.22,1124.78,2882434.0
2017-04-06,36540000,1251.8,33741999,2798001,22357,100.67,0.4703,51.74,723.22,1182.68,2759657.0
2017-04-07,36600000,1254.05,34253208,2346792,22655,101.18,0.4703,52.33,727.95,1176.9,2798001.0
2017-04-08,36600000,1254.05,34253208,2346792,22655,101.18,0.4703,52.33,727.95,1175.95,2346792.0
2017-04-09,36600000,1254.05,34253208,2346792,22655,101.18,0.4703,52.33,727.95,1187.87,2346792.0
2017-04-10,36600000,1254.73,34264217,2335783,22650,101.02,0.4703,53.15,729.87,1187.13,2346792.0
2017-04-11,36600000,1274.44,34807069,1792931,22653,100.71,0.4703,53.41,731.33,1205.01,2335783.0
2017-04-12,36720000,1286.6,35165549,1554451,22670,100.78,0.4703,52.84,725.58,1200.37,1792931.0
2017-04-13,36890000,1287.74,35157893,1732107,22645,100.56,0.4703,52.93,724.35,1169.28,1554451.0
2017-04-14,37040000,1285.69,34652396,2387604,22355,100.56,0.4703,52.93,718.45,1167.54,1732107.0
2017-04-15,37040000,1285.69,34652396,2387604,22355,100.56,0.4703,52.93,718.45,1172.52,2387604.0
2017-04-16,37040000,1285.69,34652396,2387604,22355,100.56,0.4703,52.93,718.45,1182.94,2387604.0
2017-04-17,37040000,1284.8,34519977,2520023,22285,100.3,0.4703,52.73,710.83,1193.91,2387604.0
2017-04-18,36880000,1289.64,34567610,2312390,22232,99.5,0.4703,52.33,714.93,1211.67,2520023.0
2017-04-19,36800000,1279.66,34556215,2243785,22398,99.74,0.4703,50.62,716.77,1210.29,2312390.0
2017-04-20,36760000,1281.85,34678718,2081282,22439,99.78,0.4703,50.27,712.66,1229.08,2243785.0
2017-04-21,36850000,1284.5,34522757,2327243,22292,99.98,0.4703,49.63,712.41,1222.05,2081282.0
2017-04-22,36880000,1284.5,34522757,2357243,22292,99.98,0.4703,49.63,712.41,1231.71,2327243.0
2017-04-23,36880000,1284.5,34522757,2357243,22292,99.98,0.4703,49.63,712.41,1207.21,2357243.0
2017-04-24,36760000,1275.3,34336997,2423003,22332,99.09,0.4703,49.2,709.39,1250.15,2357243.0
2017-04-25,36730000,1263.76,33977529,2752471,22300,98.82,0.4703,49.38,707.58,1265.49,2423003.0
2017-04-26,36730000,1269.05,34196258,2533742,22350,98.96,0.4703,49.18,710.04,1281.08,2752471.0
2017-04-27,36730000,1264.6,34178500,2551500,22417,99.08,0.4703,49.23,716.53,1317.73,2533742.0
2017-04-28,36850000,1268.15,34347836,2502164,22465,99.05,0.4703,49.2,717.73,1316.48,2551500.0
2017-04-29,36880000,1268.15,34347836,2532164,22465,99.05,0.4703,49.2,717.73,1321.79,2502164.0
2017-04-30,36880000,1268.15,34347836,2532164,22465,99.05,0.4703,49.2,717.73,1347.89,2532164.0
2017-05-01,36880000,1256.8,34022238,2857762,22453,99.14,0.4703,48.73,717.73,1421.6,2532164.0
2017-05-02,36880000,1256.9,33884014,2995986,22360,98.98,0.4703,48.06,717.73,1452.82,2857762.0
2017-05-03,36720000,1238.38,33483286,3236714,22426,99.21,0.4703,47.56,719.54,1490.09,2995986.0
2017-05-04,36540000,1227.75,32979758,3560242,22280,98.76,0.4703,45.48,722.02,1537.67,3236714.0
2017-05-05,36650000,1227.74,32988370,3661630,22286,98.65,0.4703,46.47,720.0,1555.45,3560242.0
2017-05-06,36630000,1227.74,32988370,3641630,22286,98.65,0.4703,46.47,720.0,1578.8,3661630.0
2017-05-07,36630000,1227.74,32988370,3641630,22286,98.65,0.4703,46.47,720.0,1596.71,3641630.0
2017-05-08,36620000,1226.3,33150754,3469246,22422,99.15,0.4703,46.5,718.86,1723.35,3641630.0
2017-05-09,36600000,1221.3,33005281,3594719,22415,99.59,0.4703,46.18,722.11,1755.36,3469246.0
2017-05-10,36540000,1219.15,32888383,3651617,22375,99.67,0.4703,47.34,724.31,1787.13,3594719.0
2017-05-11,36530000,1224.85,33043625,3486375,22376,99.62,0.4703,47.81,724.99,1848.57,3651617.0
2017-05-12,36600000,1228.83,32905061,3694939,22210,99.25,0.4703,47.86,725.37,1724.24,3486375.0
2017-05-13,36620000,1228.83,32905061,3714939,22210,99.25,0.4703,47.86,725.37,1804.91,3694939.0
2017-05-14,36620000,1228.83,32905061,3714939,22210,99.25,0.4703,47.86,725.37,1808.91,3714939.0
2017-05-15,36620000,1230.71,33091913,3528087,22302,98.91,0.4703,48.82,725.35,1738.43,3714939.0
2017-05-16,36600000,1236.8,33163212,3436788,22240,98.11,0.4703,48.25,725.03,1734.45,3528087.0
2017-05-17,36630000,1260.74,33768652,2861348,22216,97.42,0.4703,48.94,727.2,1839.09,3436788.0
2017-05-18,36700000,1247.05,33684628,3015372,22404,97.88,0.4703,49.36,726.99,1888.65,2861348.0
2017-05-19,36700000,1255.55,33691703,3008297,22257,97.15,0.4703,50.49,733.82,1987.71,3015372.0
2017-05-20,36630000,1255.55,33691703,2938297,22257,97.15,0.4703,50.49,733.82,2084.73,3008297.0
2017-05-21,36630000,1255.55,33691703,2938297,22257,97.15,0.4703,50.49,733.82,2041.2,2938297.0
2017-05-22,36600000,1260.46,33926797,2673203,22325,96.98,0.4703,50.73,744.1,2173.4,2938297.0
2017-05-23,36580000,1251.16,33860509,2719491,22447,97.35,0.4703,51.51,740.93,2320.42,2673203.0
2017-05-24,36510000,1258.55,33790414,2719586,22269,97.24,0.4703,51.3,742.74,2443.64,2719491.0
2017-05-25,36540000,1255.76,33836628,2703372,22349,97.25,0.4703,48.67,741.91,2304.98,2719586.0
2017-05-26,36580000,1267.05,34296656,2283344,22451,97.4,0.4703,49.84,743.41,2202.42,2703372.0
2017-05-27,36600000,1267.05,34296656,2303344,22451,97.4,0.4703,49.84,743.41,2038.87,2283344.0
2017-05-28,36600000,1267.05,34296656,2303344,22451,97.4,0.4703,49.84,743.41,2155.8,2303344.0
2017-05-29,36530000,1266.97,34253247,2276753,22424,97.4,0.4703,49.84,746.25,2255.61,2303344.0
2017-05-30,36480000,1263.1,33944556,2535444,22290,97.28,0.4703,49.61,738.21,2175.47,2276753.0
2017-05-31,36400000,1268.59,34113507,2286493,22304,96.92,0.4703,48.63,737.82,2286.41,2535444.0
2017-06-01,36430000,1265.64,34150149,2279851,22380,97.2,0.4703,48.01,741.8,2407.88,2286493.0
2017-06-02,36420000,1279.98,34300967,2119033,22227,96.72,0.4703,47.77,738.81,2488.55,2279851.0
2017-06-03,36540000,1279.98,34300967,2239033,22227,96.72,0.4703,47.77,738.81,2515.35,2119033.0
2017-06-04,36540000,1279.98,34300967,2239033,22227,96.72,0.4703,47.77,738.81,2511.81,2239033.0
2017-06-05,36530000,1279.95,34466826,2063174,22335,96.8,0.4703,47.4,743.49,2686.81,2239033.0
2017-06-06,36550000,1294.0,34807725,1742275,22311,96.64,0.4703,47.98,751.31,2863.2,2063174.0
2017-06-07,36590000,1286.91,34525467,2064533,22252,96.75,0.4703,45.77,753.46,2732.16,1742275.0
2017-06-08,36540000,1278.9,34532608,2007392,22396,96.92,0.4703,45.69,750.13,2805.62,2064533.0
2017-06-09,36470000,1266.4,34050036,2419964,22301,97.27,0.4703,45.94,749.72,2823.81,2007392.0
2017-06-10,36440000,1266.4,34050036,2389964,22301,97.27,0.4703,45.94,749.72,2947.71,2419964.0
2017-06-11,36440000,1266.4,34050036,2389964,22301,97.27,0.4703,45.94,749.72,2958.11,2389964.0
2017-06-12,36440000,1265.74,34123853,2316147,22361,97.14,0.4703,46.0,751.09,2659.63,2389964.0
2017-06-13,36400000,1265.85,34082559,2317441,22332,96.98,0.4703,45.95,756.89,2717.02,2316147.0
2017-06-14,36440000,1261.18,33987232,2452768,22352,96.94,0.4703,44.66,760.77,2506.37,2317441.0
2017-06-15,36430000,1254.0,33783157,2646843,22345,97.43,0.4703,44.25,760.57,2464.58,2452768.0
2017-06-16,36360000,1253.63,33764120,2595880,22339,97.16,0.4703,44.7,761.24,2518.56,2646843.0
2017-06-17,36360000,1253.63,33764120,2595880,22339,97.16,0.4703,44.7,761.24,2655.88,2595880.0
2017-06-18,36360000,1253.63,33764120,2595880,22339,97.16,0.4703,44.7,761.24,2548.29,2595880.0
2017-06-19,36350000,1243.25,33697402,2652598,22481,97.53,0.4703,44.1,766.83,2589.6,2595880.0
2017-06-20,36340000,1243.19,33583362,2756638,22406,97.75,0.4703,43.23,767.99,2721.79,2652598.0
2017-06-21,36330000,1246.55,33558405,2771595,22329,97.56,0.4703,42.5,767.41,2689.1,2756638.0
2017-06-22,36370000,1250.62,33767489,2602511,22395,97.54,0.4703,42.77,766.3,2705.41,2771595.0
2017-06-23,36470000,1256.9,33811276,2658724,22312,97.3,0.4703,43.12,769.01,2744.91,2602511.0
2017-06-24,36470000,1256.9,33811276,2658724,22312,97.3,0.4703,43.12,769.01,2608.72,2658724.0
2017-06-25,36470000,1256.9,33811276,2658724,22312,97.3,0.4703,43.12,769.01,2589.41,2658724.0
2017-06-26,36350000,1244.45,33561885,2788115,22369,97.43,0.4703,43.48,772.52,2478.45,2658724.0
2017-06-27,36380000,1247.1,33433379,2946621,22236,96.47,0.4703,43.73,767.51,2552.45,2788115.0
2017-06-28,36390000,1249.32,33672138,2717862,22355,96.05,0.4703,44.87,769.04,2574.79,2946621.0
2017-06-29,36360000,1245.74,33520077,2839923,22318,95.63,0.4703,44.86,771.75,2539.32,2717862.0
2017-06-30,36370000,1241.6,33438618,2931382,22338,95.66,0.4703,46.34,776.47,2480.84,2839923.0
2017-07-01,36380000,1241.6,33438618,2941382,22338,95.66,0.4703,46.34,776.47,2434.55,2931382.0
2017-07-02,36380000,1241.6,33438618,2941382,22338,95.66,0.4703,46.34,776.47,2506.47,2941382.0
2017-07-03,36310000,1220.46,32976694,3333306,22411,96.2,0.4703,47.05,778.88,2564.06,2941382.0
2017-07-04,36250000,1223.97,33043496,3206504,22392,96.2,0.4703,47.05,775.54,2601.64,3333306.0
2017-07-05,36290000,1226.95,33033711,3256289,22331,96.29,0.4703,45.62,778.32,2601.99,3206504.0
2017-07-06,36290000,1225.15,33574614,2715386,22730,95.82,0.4703,45.33,782.65,2608.56,3256289.0
2017-07-07,36290000,1212.9,33259382,3030618,22744,96.01,0.4703,44.33,775.73,2518.66,2715386.0
2017-07-08,36270000,1212.9,33259382,3010618,22744,96.01,0.4703,44.33,775.73,2571.34,3030618.0
2017-07-09,36270000,1212.9,33259382,3010618,22744,96.01,0.4703,44.33,775.73,2518.44,3010618.0
2017-07-10,36240000,1214.35,32780857,3459143,22390,96.05,0.4703,44.55,766.56,2372.56,3010618.0
2017-07-11,36260000,1217.69,32659611,3600389,22246,95.74,0.4703,45.76,769.36,2337.79,3459143.0
2017-07-12,36320000,1220.0,33040752,3279248,22463,95.79,0.4703,45.42,774.17,2398.84,3600389.0
2017-07-13,36360000,1217.45,32816102,3543898,22357,95.73,0.4703,46.08,778.3,2357.9,3279248.0
2017-07-14,36340000,1228.98,33003907,3336093,22274,95.11,0.4703,46.64,777.6,2233.34,3543898.0
2017-07-15,36400000,1228.98,33003907,3396093,22274,95.11,0.4703,46.64,777.6,1998.86,3336093.0
2017-07-16,36400000,1228.98,33003907,3396093,22274,95.11,0.4703,46.64,777.6,1929.82,3396093.0
2017-07-17,36410000,1234.4,33253638,3156362,22344,95.13,0.4703,45.98,768.91,2228.41,3396093.0
2017-07-18,36410000,1242.46,33535180,2874820,22387,94.66,0.4703,46.25,767.49,2318.88,3156362.0
2017-07-19,36380000,1240.87,33511713,2868287,22400,94.8,0.4703,47.16,771.3,2273.43,2874820.0
2017-07-20,36360000,1244.74,33229042,3130958,22142,94.27,0.4703,46.79,768.41,2817.6,2868287.0
2017-07-21,36400000,1254.9,33824046,2575954,22356,93.94,0.4703,45.59,761.86,2667.76,3130958.0
2017-07-22,36430000,1254.9,33824046,2605954,22356,93.94,0.4703,45.59,761.86,2810.12,2575954.0
2017-07-23,36430000,1254.9,33824046,2605954,22356,93.94,0.4703,45.59,761.86,2730.4,2605954.0
2017-07-24,36390000,1255.24,33901312,2488688,22401,93.98,0.4703,46.45,759.74,2754.86,2605954.0
2017-07-25,36330000,1249.05,33728110,2601890,22397,94.05,0.4703,48.58,767.27,2576.48,2488688.0
2017-07-26,36260000,1261.1,33744845,2515155,22194,93.67,0.4703,48.72,773.88,2529.45,2601890.0
2017-07-27,36350000,1259.0,34062060,2287940,22440,93.86,0.4703,49.14,771.5,2671.78,2515155.0
2017-07-28,36300000,1269.25,34135846,2164154,22307,93.26,0.4703,49.77,777.09,2809.01,2287940.0
2017-07-29,36360000,1269.25,34135846,2224154,22307,93.26,0.4703,49.77,777.09,2726.45,2164154.0
2017-07-30,36360000,1269.25,34135846,2224154,22307,93.26,0.4703,49.77,777.09,2757.18,2224154.0
2017-07-31,36330000,1269.55,33951054,2378946,22181,92.86,0.4703,50.19,783.55,2875.34,2224154.0
2017-08-01,36320000,1269.05,34272760,2047240,22400,93.03,0.4703,48.78,786.81,2718.26,2378946.0
2017-08-02,36320000,1266.7,34126826,2193174,22346,92.83,0.4703,49.58,786.23,2710.67,2047240.0
2017-08-03,36350000,1268.65,34154889,2195111,22330,92.81,0.4703,48.93,788.49,2804.73,2193174.0
2017-08-04,36400000,1258.6,34266714,2133286,22582,93.54,0.4703,49.52,788.68,2895.89,2195111.0
2017-08-05,36350000,1258.6,34266714,2083286,22582,93.54,0.4703,49.52,788.68,3252.91,2133286.0
2017-08-06,36350000,1258.6,34266714,2083286,22582,93.54,0.4703,49.52,788.68,3213.94,2083286.0
2017-08-07,36360000,1257.69,33964449,2395551,22399,93.43,0.4703,49.33,792.98,3378.94,2083286.0
2017-08-08,36300000,1260.64,34223462,2076538,22517,93.64,0.4703,48.97,791.57,3419.94,2395551.0
2017-08-09,36320000,1277.55,34417601,1902399,22345,93.52,0.4703,49.69,773.66,3342.47,2076538.0
2017-08-10,36440000,1286.9,34602776,1837224,22302,93.4,0.4703,48.52,773.43,3381.28,1902399.0
2017-08-11,36530000,1289.21,34616704,1913296,22271,93.07,0.4703,48.8,772.08,3650.62,1837224.0
2017-08-12,36550000,1289.21,34616704,1933296,22271,93.07,0.4703,48.8,772.08,3884.71,1913296.0
2017-08-13,36550000,1289.21,34616704,1933296,22271,93.07,0.4703,48.8,772.08,4073.26,1933296.0
2017-08-14,36480000,1281.95,34656694,1823306,22423,93.46,0.4703,47.52,776.17,4325.13,1933296.0
2017-08-15,36390000,1272.13,34372812,2017188,22411,93.85,0.4703,47.7,771.06,4181.93,1823306.0
2017-08-16,36330000,1283.1,34423251,1906749,22252,93.49,0.4703,46.78,773.57,4376.63,2017188.0
2017-08-17,36450000,1288.01,34685421,1764579,22336,93.62,0.4703,46.95,767.59,4331.69,1906749.0
2017-08-18,36520000,1284.5,34637358,1882642,22366,93.43,0.4703,48.63,768.97,4160.62,1764579.0
2017-08-19,36500000,1284.5,34637358,1862642,22366,93.43,0.4703,48.63,768.97,4193.7,1882642.0
2017-08-20,36500000,1284.5,34637358,1862642,22366,93.43,0.4703,48.63,768.97,4087.66,1862642.0
2017-08-21,36480000,1291.22,34690913,1789087,22284,93.1,0.4703,47.63,768.79,4001.74,1862642.0
2017-08-22,36450000,1284.72,34651035,1798965,22371,93.55,0.4703,47.64,761.26,4100.52,1789087.0
2017-08-23,36430000,1290.62,34765043,1664957,22342,93.15,0.4703,48.39,765.98,4151.52,1798965.0
2017-08-24,36420000,1286.33,34717723,1702277,22386,93.28,0.4703,47.59,769.77,4334.68,1664957.0
2017-08-25,36450000,1291.15,34552044,1897956,22196,92.74,0.4703,47.83,771.63,4371.6,1702277.0
2017-08-26,36480000,1291.15,34552044,1927956,22196,92.74,0.4703,47.83,771.63,4352.4,1897956.0
2017-08-27,36480000,1291.15,34552044,1927956,22196,92.74,0.4703,47.83,771.63,4382.88,1927956.0
2017-08-28,36500000,1310.49,35270255,1229745,22323,92.21,0.4703,46.78,777.26,4382.66,1927956.0
2017-08-29,36730000,1309.5,35567265,1162735,22528,92.35,0.4703,46.31,774.03,4579.02,1229745.0
2017-08-30,36590000,1308.76,35506140,1083860,22502,92.88,0.4703,45.94,778.65,4565.3,1162735.0
2017-08-31,36560000,1322.07,35529316,1030684,22290,92.67,0.4703,47.08,782.76,4703.39,1083860.0
2017-09-01,36650000,1324.97,35934729,715271,22495,92.81,0.4703,47.33,788.73,4892.01,1030684.0
2017-09-02,36650000,1324.97,35934729,715271,22495,92.81,0.4703,47.33,788.73,4578.77,715271.0
2017-09-03,36650000,1324.97,35934729,715271,22495,92.81,0.4703,47.33,788.73,4582.96,715271.0
2017-09-04,36850000,1334.67,36069072,780928,22415,92.81,0.4703,47.32,788.73,4236.31,715271.0
2017-09-05,36780000,1339.33,36115884,664116,22366,92.31,0.4703,48.5,792.31,4376.53,780928.0
2017-09-06,37050000,1334.14,36040273,1009727,22406,92.29,0.4703,49.09,793.55,4597.12,664116.0
2017-09-07,37050000,1349.2,36316968,733032,22326,91.53,0.4703,49.04,796.72,4599.88,1009727.0
2017-09-08,37280000,1346.71,36464267,815733,22458,91.33,0.4703,47.49,801.2,4228.75,733032.0
2017-09-09,37160000,1346.71,36464267,695733,22458,91.33,0.4703,47.49,801.2,4226.06,815733.0
2017-09-10,37160000,1346.71,36464267,695733,22458,91.33,0.4703,47.62,801.2,4122.94,695733.0
2017-09-11,36980000,1327.32,36006465,973535,22500,91.86,0.4703,48.02,797.47,4161.27,695733.0
2017-09-12,36740000,1331.94,35879673,860327,22343,91.91,0.4703,48.25,799.94,4130.81,973535.0
2017-09-13,36780000,1323.25,36015711,764289,22575,92.52,0.4703,49.19,802.78,3882.59,860327.0
2017-09-14,36700000,1329.83,35853297,846703,22362,92.12,0.4703,49.72,806.32,3154.95,764289.0
2017-09-15,36850000,1319.62,35635303,1214697,22398,91.87,0.4703,49.8,805.82,3637.52,846703.0
2017-09-16,36800000,1319.62,35635303,1164697,22398,91.87,0.4703,49.8,805.82,3625.04,1214697.0
2017-09-17,36800000,1319.62,35635303,1164697,22398,91.87,0.4703,49.79,805.82,3582.88,1164697.0
2017-09-18,36800000,1307.57,35309902,1490098,22398,92.05,0.4703,49.95,807.87,4065.2,1164697.0
2017-09-19,36760000,1311.28,35391117,1368883,22386,91.79,0.4703,49.79,805.93,3924.97,1490098.0
2017-09-20,36800000,1301.15,35472245,1327755,22612,92.51,0.4703,50.3,805.86,3905.95,1368883.0
2017-09-21,36680000,1291.39,34765543,1914457,22329,92.26,0.4703,50.31,803.93,3631.04,1327755.0
2017-09-22,36700000,1297.38,35089476,1610524,22433,92.17,0.4703,50.27,807.13,3630.7,1914457.0
2017-09-23,36730000,1297.38,35089476,1640524,22433,92.17,0.4703,50.27,807.13,3792.4,1610524.0
2017-09-24,36730000,1297.38,35089476,1640524,22433,92.17,0.4703,50.27,807.13,3682.84,1640524.0
2017-09-25,36700000,1310.55,35475699,1224301,22452,92.65,0.4703,51.73,805.58,3926.07,1640524.0
2017-09-26,36720000,1293.89,34926445,1793555,22389,92.97,0.4703,51.74,805.35,3892.35,1224301.0
2017-09-27,36600000,1281.12,34595641,2004359,22398,93.36,0.4703,51.75,803.77,4200.67,1793555.0
2017-09-28,36550000,1287.3,34731486,1818514,22378,93.09,0.4703,51.28,804.82,4174.73,2004359.0
2017-09-29,36650000,1279.45,34743366,1906634,22523,93.08,0.4703,51.34,804.42,4163.07,1818514.0
2017-09-30,36600000,1279.45,34743366,1856634,22523,93.08,0.4703,51.34,804.42,4338.71,1906634.0
2017-10-01,36600000,1279.45,34743366,1856634,22523,93.08,0.4703,51.36,804.42,4403.74,1856634.0
2017-10-02,36500000,1271.12,34348587,2151413,22413,93.56,0.4703,50.3,802.23,4409.32,1856634.0
2017-10-03,36450000,1271.75,34377877,2072123,22421,93.57,0.4703,49.83,798.0,4317.48,2151413.0
2017-10-04,36560000,1274.69,34457351,2102649,22421,93.46,0.4703,49.66,805.66,4229.36,2072123.0
2017-10-05,36600000,1268.05,34323724,2276276,22451,93.96,0.4703,50.56,805.23,4328.41,2102649.0
2017-10-06,36570000,1276.03,34373575,2196425,22343,93.8,0.4703,49.03,807.8,4370.81,2276276.0
2017-10-07,36610000,1276.03,34373575,2236425,22343,93.8,0.4703,49.03,807.8,4426.89,2196425.0
2017-10-08,36610000,1276.03,34373575,2236425,22343,93.8,0.4703,49.28,807.8,4610.48,2236425.0
2017-10-09,36610000,1284.1,34671469,1938531,22395,93.74,0.4703,49.43,808.96,4772.02,2236425.0
2017-10-10,36640000,1287.85,34673348,1966652,22331,93.29,0.4703,50.74,810.65,4781.99,1938531.0
2017-10-11,36630000,1291.8,34748547,1881453,22311,92.96,0.4703,50.97,813.95,4826.48,1966652.0
2017-10-12,36690000,1293.6,34976323,1713677,22426,93.12,0.4703,50.6,815.87,5446.91,1881453.0
2017-10-13,36660000,1304.88,35227822,1432178,22392,93.09,0.4703,51.31,820.95,5647.21,1713677.0
2017-10-14,36730000,1304.88,35227822,1502178,22392,93.09,0.4703,51.31,820.95,5831.79,1432178.0
2017-10-15,36730000,1304.88,35227822,1502178,22392,93.09,0.4703,51.82,820.95,5678.19,1502178.0
2017-10-16,36700000,1294.74,34943145,1756855,22385,93.28,0.4703,51.79,819.43,5725.59,1502178.0
2017-10-17,36550000,1285.19,34654415,1895585,22365,93.49,0.4703,51.98,828.29,5605.51,1756855.0
2017-10-18,36520000,1281.17,34450250,2069750,22303,93.36,0.4703,52.08,827.72,5590.69,1895585.0
2017-10-19,36520000,1289.79,34739575,1780425,22340,93.27,0.4703,51.39,828.93,5708.52,2069750.0
2017-10-20,36520000,1280.72,34621898,1898102,22422,93.7,0.4703,51.84,826.84,6011.45,1780425.0
2017-10-21,36540000,1280.72,34621898,1918102,22422,93.7,0.4703,51.84,826.84,6031.6,1898102.0
2017-10-22,36540000,1280.72,34621898,1918102,22422,93.7,0.4703,51.91,826.84,6008.42,1918102.0
2017-10-23,36530000,1282.07,34581106,1948894,22372,93.94,0.4703,51.72,820.04,5930.32,1918102.0
2017-10-24,36500000,1276.72,34436801,2063199,22372,93.96,0.4703,52.27,825.24,5526.64,1948894.0
2017-10-25,36470000,1277.41,34366086,2103914,22314,93.71,0.4703,51.95,830.69,5750.8,2063199.0
2017-10-26,36470000,1267.11,34660343,1809657,22688,94.61,0.4703,52.5,830.11,5904.83,2103914.0
2017-10-27,36490000,1273.35,34399635,2090365,22407,94.92,0.4703,54.0,840.37,5780.9,1809657.0
2017-10-28,36540000,1273.35,34399635,2140365,22407,94.92,0.4703,54.0,840.37,5753.09,2090365.0
2017-10-29,36540000,1273.35,34399635,2140365,22407,94.92,0.4703,53.91,840.37,6153.85,2140365.0
2017-10-30,36500000,1276.24,34390003,2109997,22350,94.49,0.4703,53.91,845.2,6130.53,2140365.0
2017-10-31,36580000,1271.58,34265966,2314034,22351,94.55,0.4703,54.43,837.28,6468.4,2109997.0
2017-11-01,36620000,1274.39,34430804,2189196,22409,94.82,0.4703,54.11,842.71,6767.31,2314034.0
2017-11-02,36620000,1275.99,34395573,2224427,22358,94.69,0.4703,54.79,833.09,7078.5,2189196.0
2017-11-03,36600000,1269.85,34366322,2233678,22447,94.94,0.4703,55.59,843.73,7207.76,2224427.0
2017-11-04,36580000,1269.85,34366322,2213678,22447,94.94,0.4703,55.59,843.73,7379.95,2233678.0
2017-11-05,36580000,1269.85,34366322,2213678,22447,94.94,0.4703,55.72,843.73,7407.41,2213678.0
2017-11-06,36620000,1281.55,34502186,2117814,22330,94.72,0.4703,57.12,849.09,7022.76,2213678.0
2017-11-07,36630000,1275.53,34341652,2288348,22331,94.91,0.4703,56.91,850.33,7144.38,2117814.0
2017-11-08,36640000,1281.3,34560337,2079663,22372,94.87,0.4703,56.77,859.7,7459.69,2288348.0
2017-11-09,36650000,1285.3,34660480,1989520,22367,94.44,0.4703,56.96,860.4,7143.58,2079663.0
2017-11-10,36620000,1276.14,34342689,2277311,22321,94.39,0.4703,56.81,868.21,6618.14,1989520.0
2017-11-11,36610000,1276.14,34342689,2267311,22321,94.39,0.4703,56.81,868.21,6357.6,2277311.0
2017-11-12,36610000,1276.14,34342689,2267311,22321,94.39,0.4703,56.84,868.21,5950.07,2267311.0
2017-11-13,36620000,1277.99,34421751,2198249,22340,94.49,0.4703,56.67,879.34,6559.49,2267311.0
2017-11-14,36550000,1280.71,34323618,2226382,22229,93.83,0.4703,55.02,880.9,6635.75,2198249.0
2017-11-15,36620000,1278.8,34704130,1915870,22509,93.81,0.4703,55.25,882.59,7315.54,2226382.0
2017-11-16,36560000,1278.47,34462424,2097576,22358,93.93,0.4703,55.17,892.8,7871.69,1915870.0
2017-11-17,36550000,1294.37,34922236,1627764,22378,93.66,0.4703,56.61,890.69,7708.99,2097576.0
2017-11-18,36630000,1294.37,34922236,1707764,22378,93.66,0.4703,56.61,890.69,7790.15,1627764.0
2017-11-19,36630000,1294.37,34922236,1707764,22378,93.66,0.4703,56.58,890.69,8036.49,1707764.0
2017-11-20,36570000,1276.7,34559402,2010598,22452,94.08,0.4703,56.16,903.55,8200.64,1707764.0
2017-11-21,36600000,1280.48,34504255,2095745,22350,93.95,0.4703,56.88,918.3,8071.26,2010598.0
2017-11-22,36620000,1292.12,34654337,1965663,22245,93.22,0.4703,57.79,932.66,8253.55,2095745.0
2017-11-23,36600000,1291.25,34848955,1751045,22385,93.22,0.4703,58.22,933.7,8038.77,1965663.0
2017-11-24,36600000,1288.22,34554399,2045601,22248,92.76,0.4703,58.68,935.57,8253.69,1751045.0
2017-11-25,36600000,1288.22,34554399,2045601,22248,92.76,0.4703,58.68,935.57,8790.92,2045601.0
2017-11-26,36600000,1288.22,34554399,2045601,22248,92.76,0.4703,58.71,935.57,9330.55,2045601.0
2017-11-27,36600000,1294.5,35044358,1555642,22454,92.9,0.4703,57.71,938.61,9818.35,2045601.0
2017-11-28,36580000,1294.01,35032653,1547347,22455,93.26,0.4703,57.56,941.21,10058.8,1555642.0
2017-11-29,36600000,1283.57,34613828,1986172,22367,93.26,0.4703,57.23,952.14,9888.61,1547347.0
2017-11-30,36510000,1274.76,34234853,2275147,22275,93.01,0.4703,57.24,949.93,10233.6,1986172.0
2017-12-01,36530000,1280.26,34547721,1982279,22382,92.9,0.4703,58.17,960.33,10975.6,2275147.0
2017-12-02,36560000,1280.26,34547721,2012279,22382,92.9,0.4703,58.17,960.33,11074.6,1982279.0
2017-12-03,36560000,1280.26,34547721,2012279,22382,92.9,0.4703,58.09,960.33,11323.2,2012279.0
2017-12-04,36540000,1276.23,34406659,2133341,22361,93.19,0.4703,57.35,970.02,11657.2,2012279.0
2017-12-05,36520000,1266.55,34287703,2232297,22454,93.38,0.4703,57.34,953.3,11916.7,2133341.0
2017-12-06,36520000,1263.94,34124089,2395911,22393,93.61,0.4703,55.99,947.64,14291.5,2232297.0
2017-12-07,36450000,1246.7,33661647,2788353,22395,93.8,0.4703,56.5,938.65,17899.7,2395911.0
2017-12-08,36380000,1248.14,33559074,2820926,22301,93.9,0.4703,57.25,940.16,16569.4,2788353.0
2017-12-09,36400000,1248.14,33559074,2840926,22301,93.9,0.4703,57.25,940.16,15178.2,2820926.0
2017-12-10,36400000,1248.14,33559074,2840926,22301,93.9,0.4703,57.12,940.16,15455.4,2840926.0
2017-12-11,36470000,1241.96,33551632,2918368,22407,93.87,0.4703,57.88,917.45,16936.8,2840926.0
2017-12-12,36500000,1243.85,33653679,2846321,22441,94.1,0.4703,57.41,927.25,17415.4,2918368.0
2017-12-13,36460000,1255.45,33614852,2845148,22208,93.43,0.4703,56.74,924.4,16408.2,2846321.0
2017-12-14,36500000,1252.85,33950051,2549949,22476,93.49,0.4703,57.05,935.85,16564.0,2845148.0
2017-12-15,36500000,1255.26,34010818,2489182,22473,93.93,0.4703,57.31,935.16,17706.9,2549949.0
2017-12-16,36520000,1255.26,34010818,2509182,22473,93.93,0.4703,57.31,935.16,19497.4,2489182.0
2017-12-17,36520000,1255.26,34010818,2509182,22473,93.93,0.4703,57.38,935.16,19140.8,2509182.0
2017-12-18,36520000,1261.69,34066386,2453614,22395,93.7,0.4703,57.28,958.06,19114.2,2509182.0
2017-12-19,36540000,1261.72,33951585,2588415,22319,93.47,0.4703,57.65,951.42,17776.7,2453614.0
2017-12-20,36500000,1265.62,34036693,2463307,22306,93.35,0.4703,58.0,953.51,16624.6,2588415.0
2017-12-21,36480000,1266.76,34165097,2314903,22370,93.28,0.4703,58.14,946.06,15802.9,2463307.0
2017-12-22,36520000,1275.01,34364545,2155455,22355,93.35,0.4703,58.44,952.32,13831.8,2314903.0
2017-12-23,36570000,1275.01,34364545,2205455,22355,93.35,0.4703,58.44,952.32,14699.2,2155455.0
2017-12-24,36570000,1275.01,34364545,2205455,22355,93.35,0.4703,58.44,952.32,13925.8,2205455.0
2017-12-25,36530000,1275.24,34339994,2190006,22335,93.35,0.4703,58.44,958.31,14026.6,2205455.0
2017-12-26,36540000,1283.29,34600088,1939912,22363,93.26,0.4703,59.78,965.93,16099.8,2190006.0
2017-12-27,36580000,1287.41,34715828,1864172,22366,93.03,0.4703,59.54,968.46,15838.5,1939912.0
2017-12-28,36590000,1294.84,34922427,1667573,22370,92.6,0.4703,59.81,976.72,14606.5,1864172.0
2017-12-29,36560000,1302.55,35087968,1472032,22343,92.12,0.4703,60.23,984.24,14656.2,1667573.0
2017-12-30,36440000,1302.55,35087968,1352032,22343,92.12,0.4703,60.23,984.24,12952.2,1472032.0
2017-12-31,36440000,1302.55,35087968,1352032,22343,92.12,0.4703,60.23,984.24,14156.4,1352032.0
2018-01-01,36670000,1306.86,35175709,1494291,22325,92.12,0.4703,60.23,984.24,13657.2,1352032.0
2018-01-02,36750000,1318.14,35573088,1176912,22384,91.85,0.4703,60.4,995.77,14982.1,1494291.0
2018-01-03,36700000,1312.84,35420558,1279442,22378,92.16,0.4703,61.81,1005.67,15201.0,1176912.0
2018-01-04,36640000,1322.97,35673131,966869,22365,91.85,0.4703,61.92,1019.75,15599.2,1279442.0
2018-01-05,36690000,1320.21,35684662,1005338,22419,91.95,0.4703,61.55,1012.65,17429.5,966869.0
2018-01-06,36680000,1320.21,35684662,995338,22419,91.95,0.4703,61.55,1012.65,17527.0,1005338.0
2018-01-07,36680000,1320.21,35684662,995338,22419,91.95,0.4703,61.64,1012.65,16477.6,995338.0
2018-01-08,36600000,1320.58,35680333,919667,22410,92.33,0.4703,62.23,1022.9,15170.1,995338.0
2018-01-09,36600000,1312.66,35384049,1215951,22358,92.53,0.4703,63.34,1033.56,14595.4,919667.0
2018-01-10,36610000,1317.19,35703081,906919,22482,92.33,0.4703,63.44,1038.11,14973.3,1215951.0
2018-01-11,36650000,1322.42,35398417,1251583,22202,91.85,0.4703,63.51,1048.17,13405.8,906919.0
2018-01-12,36800000,1338.4,35881032,918968,22236,90.97,0.4703,64.38,1050.11,13980.6,1251583.0
2018-01-13,36950000,1338.4,35881032,1068968,22236,90.97,0.4703,64.38,1050.11,14360.2,918968.0
2018-01-14,36950000,1338.4,35881032,1068968,22236,90.97,0.4703,64.28,1050.11,13772.0,1068968.0
2018-01-15,37000000,1340.16,36136650,863350,22365,90.97,0.4703,64.72,1063.47,13819.8,1068968.0
2018-01-16,36870000,1338.61,35988337,881663,22299,90.39,0.4703,63.87,1062.96,11490.5,863350.0
2018-01-17,36870000,1327.73,35895928,974072,22424,90.54,0.4703,64.21,1034.69,11188.6,881663.0
2018-01-18,36770000,1327.19,35818923,951077,22385,90.5,0.4703,63.66,1050.25,11474.9,974072.0
2018-01-19,36860000,1331.8,36087853,772147,22475,90.57,0.4703,63.56,1062.07,11607.4,951077.0
2018-01-20,36850000,1331.8,36087853,762147,22475,90.57,0.4703,63.56,1062.07,12899.2,772147.0
2018-01-21,36850000,1331.8,36087853,762147,22475,90.57,0.4703,63.49,1062.07,11600.1,762147.0
2018-01-22,36870000,1334.11,36472142,397858,22675,90.4,0.4703,63.94,1087.42,10931.4,762147.0
2018-01-23,36880000,1341.39,36671972,208028,22676,90.12,0.4703,64.51,1087.42,10868.4,397858.0
2018-01-24,36980000,1358.15,37130170,-150170,22676,89.21,0.4703,65.85,1087.42,11359.4,208028.0
2018-01-25,37160000,1348.05,36858762,301238,22678,89.39,0.4703,65.22,1104.57,11259.4,-150170.0
2018-01-26,37150000,1350.14,36912000,238000,22676,89.07,0.4703,66.31,1115.64,11171.4,301238.0
2018-01-27,37100000,1350.14,36912000,188000,22676,89.07,0.4703,66.31,1115.64,11440.7,238000.0
2018-01-28,37100000,1350.14,36912000,188000,22676,89.07,0.4703,66.31,1115.64,11786.3,188000.0
2018-01-29,36980000,1340.35,36628188,351812,22666,89.31,0.4703,65.56,1109.8,11296.4,188000.0
2018-01-30,36890000,1338.55,36595298,294702,22676,89.19,0.4703,63.83,1110.56,10106.3,351812.0
2018-01-31,36880000,1345.1,36751183,128817,22662,89.13,0.4703,64.93,1110.36,10221.1,294702.0
2018-02-01,36870000,1349.19,36884077,-14077,22675,88.67,0.4703,66.11,1099.67,9170.54,128817.0
2018-02-02,36920000,1332.98,36442536,477464,22676,89.2,0.4703,65.12,1105.04,8830.75,-14077.0
2018-02-03,36880000,1332.98,36442536,437464,22676,89.2,0.4703,65.12,1105.04,9174.91,477464.0
2018-02-04,36880000,1332.98,36442536,437464,22676,89.2,0.4703,65.06,1105.04,8277.01,437464.0
2018-02-05,36840000,1339.6,36621421,218579,22674,89.55,0.4703,63.62,1048.71,6955.27,437464.0
2018-02-06,36920000,1325.02,36224436,695564,22676,89.59,0.4703,63.91,1011.6,7754.0,218579.0
2018-02-07,36870000,1318.49,36029381,840619,22665,90.26,0.4703,61.71,1040.55,7621.3,695564.0
2018-02-08,36700000,1318.97,36034388,665612,22660,90.23,0.4703,60.52,1023.25,8265.59,840619.0
2018-02-09,36780000,1316.69,35983846,796154,22667,90.44,0.4703,59.09,1003.94,8736.98,665612.0
2018-02-10,36930000,1316.69,35983846,946154,22667,90.44,0.4703,59.09,1003.94,8621.9,796154.0
2018-02-11,36930000,1316.69,35983846,946154,22667,90.44,0.4703,59.39,1003.94,8129.97,946154.0
2018-02-12,37040000,1322.88,36159234,880766,22671,90.21,0.4703,59.55,1041.79,8926.57,946154.0
2018-02-13,37120000,1329.55,36352288,767712,22678,89.7,0.4703,58.97,1059.73,8598.31,880766.0
2018-02-14,37120000,1350.76,36933022,186978,22678,89.12,0.4703,60.83,1059.73,9494.63,767712.0
2018-02-15,37120000,1353.3,37002472,117528,22678,88.59,0.4703,61.49,1059.73,10166.4,186978.0
2018-02-16,37120000,1347.86,36843979,276021,22672,89.1,0.4703,61.65,1059.73,10233.9,117528.0
2018-02-17,37120000,1347.86,36843979,276021,22672,89.1,0.4703,61.65,1059.73,11112.7,276021.0
2018-02-18,37120000,1347.86,36843979,276021,22672,89.1,0.4703,61.83,1059.73,10551.8,276021.0
2018-02-19,37120000,1346.69,37090451,29549,22844,89.1,0.4703,62.47,1059.73,11225.3,276021.0
2018-02-20,37120000,1329.49,36325001,794999,22662,89.72,0.4703,61.73,1059.73,11403.7,29549.0
2018-02-21,37120000,1324.26,36214994,905006,22683,90.08,0.4703,61.33,1087.15,10690.4,794999.0
2018-02-22,37010000,1331.51,36421289,588711,22688,89.75,0.4703,62.73,1076.03,10005.0,905006.0
2018-02-23,36990000,1328.94,36379672,610328,22706,89.88,0.4703,63.65,1102.85,10301.1,588711.0
2018-02-24,36980000,1328.94,36379672,600328,22706,89.88,0.4703,63.65,1102.85,9813.07,610328.0
2018-02-25,37050000,1328.94,36379672,670328,22706,89.88,0.4703,63.64,1102.85,9664.73,600328.0
2018-02-26,36950000,1333.16,36504838,445162,22712,89.82,0.4703,64.05,1114.53,10366.7,670328.0
2018-02-27,36920000,1318.2,36091705,828295,22709,90.36,0.4703,62.89,1119.61,10725.6,445162.0
2018-02-28,36700000,1318.05,36102695,597305,22719,90.61,0.4703,61.52,1121.54,10397.9,828295.0
2018-03-01,36690000,1316.55,36067480,622520,22722,90.32,0.4703,61.3,1115.79,10951.0,597305.0
2018-03-02,36770000,1322.2,36210308,559692,22715,89.94,0.4703,61.52,1121.21,11086.4,622520.0
2018-03-03,36820000,1322.2,36210308,609692,22715,89.94,0.4703,61.52,1121.21,11489.7,559692.0
2018-03-04,36820000,1322.2,36210308,609692,22715,89.94,0.4703,61.62,1121.21,11512.6,609692.0
2018-03-05,36860000,1320.01,36166247,693753,22725,90.08,0.4703,62.65,1093.48,11573.3,609692.0
2018-03-06,36820000,1334.46,36570199,249801,22730,89.62,0.4703,62.08,1120.29,10779.9,693753.0
2018-03-07,36840000,1325.54,36333742,506258,22735,89.64,0.4703,61.34,1112.26,9965.57,249801.0
2018-03-08,36820000,1322.35,36226374,593626,22722,90.12,0.4703,60.32,1124.15,9395.01,506258.0
2018-03-09,36770000,1323.7,36267347,502653,22725,90.09,0.4703,62.18,1123.41,9337.55,593626.0
2018-03-10,36820000,1323.7,36267347,552653,22725,90.09,0.4703,62.18,1123.41,8866.0,502653.0
2018-03-11,36820000,1323.7,36267347,552653,22725,90.09,0.4703,62.18,1123.41,9578.63,552653.0
2018-03-12,36760000,1323.05,36247146,512854,22724,89.9,0.4703,61.31,1126.29,9205.12,552653.0
2018-03-13,36730000,1326.39,36345047,384953,22728,89.66,0.4703,60.89,1133.31,9194.85,512854.0
2018-03-14,36760000,1325.0,36313349,446651,22732,89.7,0.4703,60.95,1138.09,8269.81,384953.0
2018-03-15,36760000,1316.26,36079372,680628,22735,90.14,0.4703,61.26,1138.76,8300.86,446651.0
2018-03-16,36750000,1314.0,36032317,717683,22744,90.23,0.4703,62.26,1150.19,8338.35,680628.0
2018-03-17,36730000,1314.0,36032317,697683,22744,90.23,0.4703,62.26,1150.19,7916.88,717683.0
2018-03-18,36730000,1314.0,36032317,697683,22744,90.23,0.4703,62.12,1150.19,8223.68,697683.0
2018-03-19,36670000,1316.94,36063558,606442,22713,89.9,0.4703,62.14,1159.22,8630.65,697683.0
2018-03-20,36690000,1311.21,35948063,741937,22740,90.37,0.4703,63.66,1159.39,8913.47,606442.0
2018-03-21,36700000,1332.17,36515154,184846,22735,89.78,0.4703,65.3,1169.36,8929.28,741937.0
2018-03-22,36780000,1328.95,36432018,347982,22738,89.86,0.4703,64.47,1172.36,8728.47,184846.0
2018-03-23,36890000,1347.22,36984852,-94852,22770,89.44,0.4703,65.75,1153.59,8879.62,347982.0
2018-03-24,37040000,1347.22,36984852,55148,22770,89.44,0.4703,65.75,1153.59,8668.12,-94852.0
2018-03-25,37040000,1347.22,36984852,55148,22770,89.44,0.4703,66.33,1153.59,8495.78,55148.0
2018-03-26,37020000,1353.46,37134943,-114943,22757,89.03,0.4703,65.5,1171.22,8209.4,55148.0
2018-03-27,37050000,1344.71,36932969,117031,22780,89.37,0.4703,64.75,1171.73,7833.04,-114943.0
2018-03-28,36900000,1324.99,36396942,503058,22784,90.06,0.4703,64.61,1172.24,7954.48,117031.0
2018-03-29,36730000,1325.0,36387473,342527,22778,90.15,0.4703,64.86,1167.03,7165.7,503058.0
2018-03-30,36820000,1325.0,36357280,462720,22759,90.15,0.4703,64.86,1174.46,6890.52,342527.0
2018-03-31,36800000,1325.0,36357280,442720,22759,90.15,0.4703,64.86,1174.46,6973.53,462720.0
2018-04-01,36800000,1325.0,36357280,442720,22759,90.15,0.4703,65.03,1174.46,6844.23,442720.0
2018-04-02,36800000,1341.35,36395146,404854,22505,90.05,0.4703,63.02,1196.61,7083.8,442720.0
2018-04-03,36860000,1332.83,36597842,262158,22775,90.2,0.4703,63.48,1188.29,7456.11,404854.0
2018-04-04,36920000,1333.35,36612120,307880,22775,90.14,0.4703,63.61,1191.54,6853.84,262158.0
2018-04-05,36750000,1326.55,36434197,315803,22780,90.46,0.4703,63.12,1193.17,6811.47,307880.0
2018-04-06,36780000,1333.2,36612824,167176,22778,90.11,0.4703,61.89,1199.96,6636.32,315803.0
2018-04-07,36820000,1333.2,36612824,207176,22778,90.11,0.4703,61.89,1199.96,6911.09,167176.0
2018-04-08,36820000,1333.2,36612824,207176,22778,90.11,0.4703,62.13,1199.96,7023.52,207176.0
2018-04-09,36800000,1336.24,36679393,120607,22768,89.84,0.4703,63.26,1204.33,6770.73,207176.0
2018-04-10,36850000,1340.05,36148224,701776,22374,89.59,0.4703,65.62,1198.12,6834.76,120607.0
2018-04-11,36910000,1353.29,37131095,-221095,22758,89.57,0.4703,66.8,1167.11,6968.32,701776.0
2018-04-12,37040000,1335.48,36639210,400790,22756,89.75,0.4703,66.83,1173.02,7889.25,-221095.0
2018-04-13,36960000,1345.46,36909769,50231,22754,89.8,0.4703,67.31,1157.14,7895.96,400790.0
2018-04-14,37170000,1345.46,36909769,260231,22754,89.8,0.4703,67.31,1157.14,7986.24,50231.0
2018-04-15,37170000,1345.46,36909769,260231,22754,89.8,0.4703,67.14,1157.14,8329.11,260231.0
2018-04-16,37170000,1345.91,36918869,251131,22752,89.43,0.4703,66.42,1148.49,8058.67,260231.0
2018-04-17,37020000,1347.29,36942103,77897,22742,89.52,0.4703,66.59,1153.28,7902.09,251131.0
2018-04-18,36990000,1349.32,36989631,369,22738,89.62,0.4703,68.75,1138.53,8163.42,77897.0
2018-04-19,37090000,1345.6,36890086,199914,22739,89.94,0.4703,68.39,1094.63,8294.31,369.0
2018-04-20,36980000,1335.12,36610822,369178,22744,90.32,0.4703,68.09,1119.86,8845.83,199914.0
2018-04-21,36930000,1335.12,36610822,319178,22744,90.32,0.4703,68.09,1119.86,8895.58,369178.0
2018-04-22,36930000,1335.12,36610822,319178,22744,90.32,0.4703,68.23,1119.86,8802.46,319178.0
2018-04-23,36830000,1325.0,35828511,1001489,22428,90.94,0.4703,68.98,1076.78,8930.88,319178.0
2018-04-24,36840000,1330.68,36476236,363764,22736,90.77,0.4703,67.83,1080.74,9697.5,1001489.0
2018-04-25,36840000,1323.33,36271569,568431,22734,91.17,0.4703,68.22,1080.74,8845.74,363764.0
2018-04-26,36790000,1317.28,36105743,684257,22734,91.56,0.4703,68.11,1044.86,9281.51,568431.0
2018-04-27,36820000,1322.8,36253852,566148,22732,91.54,0.4703,67.98,1050.26,8987.05,684257.0
2018-04-28,36870000,1322.8,36253852,616148,22732,91.54,0.4703,67.98,1050.26,9348.48,566148.0
2018-04-29,36870000,1322.8,36253852,616148,22732,91.54,0.4703,67.99,1050.26,9419.08,616148.0
2018-04-30,36870000,1315.36,36044395,825605,22728,91.84,0.4703,68.53,1050.26,9240.55,616148.0
2018-05-01,36870000,1303.97,35732278,1137722,22728,92.45,0.4703,67.45,1050.26,9119.01,825605.0
2018-05-02,36720000,1304.85,35387478,1332522,22494,92.51,0.4703,67.66,1029.08,9235.92,1137722.0
2018-05-03,36750000,1312.09,35950833,799167,22726,92.41,0.4703,68.51,1026.46,9743.86,1332522.0
2018-05-04,36750000,1315.05,36034314,715686,22728,92.57,0.4703,69.78,1026.8,9700.76,799167.0
2018-05-05,36780000,1315.05,36034314,745686,22728,92.57,0.4703,69.78,1026.8,9858.15,715686.0
2018-05-06,36780000,1315.05,36034314,745686,22728,92.57,0.4703,69.78,1026.8,9654.8,745686.0
2018-05-07,36730000,1314.3,35520163,1209837,22416,92.75,0.4703,70.02,1062.26,9373.01,745686.0
2018-05-08,36730000,1314.47,36027930,702070,22734,93.12,0.4703,70.21,1060.45,9234.82,1209837.0
2018-05-09,36720000,1312.78,35987940,732060,22738,93.04,0.4703,71.42,1056.97,9325.18,702070.0
2018-05-10,36740000,1321.39,36231140,508860,22742,92.65,0.4703,71.5,1028.87,9043.94,732060.0
2018-05-11,36830000,1318.22,35692856,1137144,22458,92.54,0.4703,70.52,1044.85,8441.49,508860.0
2018-05-12,36800000,1318.22,35692856,1107144,22458,92.54,0.4703,70.52,1044.85,8504.89,1137144.0
2018-05-13,36800000,1318.22,35692856,1107144,22458,92.54,0.4703,70.64,1044.85,8723.94,1107144.0
2018-05-14,36810000,1312.82,35451675,1358325,22398,92.59,0.4703,71.06,1066.98,8716.79,1107144.0
2018-05-15,36730000,1290.64,35373224,1356776,22732,93.22,0.4703,70.97,1073.5,8510.38,1358325.0
2018-05-16,36680000,1291.03,35388583,1291417,22736,93.39,0.4703,71.55,1054.62,8368.83,1356776.0
2018-05-17,36660000,1291.0,35390874,1269126,22738,93.47,0.4703,71.58,1030.64,8094.32,1291417.0
2018-05-18,36680000,1292.5,35435890,1244110,22740,93.64,0.4703,71.39,1040.54,8250.97,1269126.0
2018-05-19,36750000,1292.5,35435890,1314110,22740,93.64,0.4703,71.39,1040.54,8247.18,1244110.0
2018-05-20,36750000,1292.5,35435890,1314110,22740,93.64,0.4703,71.67,1040.54,8513.25,1314110.0
2018-05-21,36690000,1292.68,34954565,1735435,22428,93.68,0.4703,72.44,1014.98,8418.99,1314110.0
2018-05-22,36700000,1291.32,35398089,1301911,22736,93.61,0.4703,72.08,985.91,8041.78,1735435.0
2018-05-23,36700000,1293.75,35461581,1238419,22734,94.01,0.4703,71.75,988.94,7557.82,1301911.0
2018-05-24,36700000,1304.88,35773733,926267,22739,93.78,0.4703,70.59,985.92,7587.34,1238419.0
2018-05-25,36750000,1301.61,35690362,1059638,22743,94.19,0.4703,67.42,963.9,7480.14,926267.0
2018-05-26,36730000,1301.61,35690362,1039638,22743,94.19,0.4703,67.42,963.9,7355.88,1059638.0
2018-05-27,36730000,1301.61,35690362,1039638,22743,94.19,0.4703,67.29,963.9,7368.22,1039638.0
2018-05-28,36690000,1298.11,35599087,1090913,22746,94.19,0.4703,66.97,931.75,7135.99,1039638.0
2018-05-29,36740000,1298.86,35672115,1067885,22780,94.83,0.4703,66.73,952.18,7472.59,1090913.0
2018-05-30,36700000,1301.48,35780161,919839,22802,94.15,0.4703,68.04,948.5,7406.52,1067885.0
2018-05-31,36720000,1298.32,35720680,999320,22820,93.99,0.4703,67.02,971.25,7494.17,919839.0
2018-06-01,36720000,1293.14,35501768,1218232,22771,94.19,0.4703,65.71,992.87,7541.45,999320.0
2018-06-02,36710000,1293.14,35501768,1208232,22771,94.19,0.4703,65.71,992.87,7643.45,1218232.0
2018-06-03,36710000,1293.14,35501768,1208232,22771,94.19,0.4703,65.72,992.87,7720.25,1208232.0
2018-06-04,36700000,1291.98,35099193,1600807,22533,94.02,0.4703,64.92,1013.78,7514.47,1208232.0
2018-06-05,36710000,1296.13,35210374,1499626,22532,93.89,0.4703,65.51,1022.74,7633.76,1600807.0
2018-06-06,36720000,1297.0,35644488,1075512,22794,93.66,0.4703,65.11,1034.5,7653.98,1499626.0
2018-06-07,36750000,1297.12,35614944,1135056,22774,93.4,0.4703,66.09,1036.69,7678.24,1075512.0
2018-06-08,36770000,1298.75,35649521,1120479,22767,93.55,0.4703,65.55,1039.01,7624.92,1135056.0
2018-06-09,36820000,1298.75,35649521,1170479,22767,93.55,0.4703,65.55,1039.01,7531.98,1120479.0
2018-06-10,36820000,1298.75,35649521,1170479,22767,93.55,0.4703,65.52,1039.01,6786.02,1170479.0
2018-06-11,36960000,1300.14,35059101,1900899,22366,93.58,0.4703,66.11,1039.02,6906.92,1170479.0
2018-06-12,37030000,1295.97,35594306,1435694,22780,93.8,0.4703,65.83,1020.76,6582.36,1900899.0
2018-06-13,36970000,1299.71,35693893,1276107,22778,93.71,0.4703,66.62,1030.53,6349.9,1435694.0
2018-06-14,37000000,1302.22,35761255,1238745,22778,94.77,0.4703,66.94,1015.72,6675.35,1276107.0
2018-06-15,36970000,1279.84,35147432,1822568,22778,94.79,0.4703,64.35,1016.51,6456.58,1238745.0
2018-06-16,36890000,1279.84,35147432,1742568,22778,94.79,0.4703,64.35,1016.51,6550.16,1822568.0
2018-06-17,36890000,1279.84,35147432,1742568,22778,94.79,0.4703,64.39,1016.51,6499.27,1742568.0
2018-06-18,36920000,1278.31,35110038,1809962,22781,94.75,0.4703,65.61,987.34,6734.82,1742568.0
2018-06-19,36940000,1274.76,35043272,1896728,22801,95.09,0.4703,65.25,962.16,6769.94,1809962.0
2018-06-20,36920000,1268.1,34886944,2033056,22818,95.06,0.4703,65.67,980.95,6776.55,1896728.0
2018-06-21,36830000,1267.2,34883573,1946427,22832,94.87,0.4703,65.97,969.4,6729.74,2033056.0
2018-06-22,36970000,1269.28,34955369,2014631,22842,94.52,0.4703,69.35,983.17,6083.69,1946427.0
2018-06-23,36970000,1269.28,34955369,2014631,22842,94.52,0.4703,69.35,983.17,6162.48,2014631.0
2018-06-24,36970000,1269.28,34955369,2014631,22842,94.52,0.4703,68.89,983.17,6173.23,2014631.0
2018-06-25,36920000,1266.0,34861987,2058013,22840,94.28,0.4703,68.16,990.52,6249.18,2014631.0
2018-06-26,36850000,1258.99,34706899,2143101,22865,94.68,0.4703,70.75,983.02,6093.67,2058013.0
2018-06-27,36860000,1252.02,34546455,2313545,22886,95.29,0.4703,72.61,968.91,6157.13,2143101.0
2018-06-28,36810000,1248.28,34466586,2343414,22902,95.39,0.4703,73.45,957.35,5903.44,2313545.0
2018-06-29,36780000,1253.0,34603709,2176291,22906,94.63,0.4703,74.39,960.78,6218.3,2343414.0
2018-06-30,36820000,1253.0,34603709,2216291,22906,94.63,0.4703,74.39,960.78,6404.0,2176291.0
2018-07-01,36820000,1253.0,34603709,2216291,22906,94.63,0.4703,73.59,960.78,6385.82,2216291.0
2018-07-02,36880000,1241.97,34325302,2554698,22924,94.87,0.4703,74.06,947.15,6614.18,2216291.0
2018-07-03,36860000,1252.93,34622169,2237831,22920,94.59,0.4703,74.72,906.01,6529.59,2554698.0
2018-07-04,36870000,1256.95,34871917,1998083,23011,94.59,0.4703,74.22,914.99,6597.55,2237831.0
2018-07-05,36880000,1257.76,34883774,1996226,23004,94.47,0.4703,73.15,899.4,6639.14,1998083.0
2018-07-06,36930000,1254.99,34810731,2119269,23006,94.04,0.4703,74.0,917.51,6673.5,1996226.0
2018-07-07,36930000,1254.99,34810731,2119269,23006,94.04,0.4703,74.0,917.51,6856.93,2119269.0
2018-07-08,36930000,1254.99,34810731,2119269,23006,94.04,0.4703,73.94,917.51,6773.88,2119269.0
2018-07-09,37020000,1257.76,34274780,2745220,22602,94.08,0.4703,74.03,915.12,6741.75,2119269.0
2018-07-10,36980000,1255.65,34826768,2153232,23005,94.11,0.4703,74.08,911.12,6329.95,2745220.0
2018-07-11,37010000,1242.16,34451860,2558140,23004,94.72,0.4703,70.64,893.16,6394.71,2153232.0
2018-07-12,36970000,1247.14,34596748,2373252,23009,94.81,0.4703,70.36,898.51,6228.81,2558140.0
2018-07-13,37000000,1241.52,34446832,2553168,23013,94.75,0.4703,70.59,909.72,6238.05,2373252.0
2018-07-14,37010000,1241.52,34446832,2563168,23013,94.75,0.4703,70.59,909.72,6276.12,2553168.0
2018-07-15,37010000,1241.52,34446832,2563168,23013,94.75,0.4703,70.71,909.72,6359.64,2563168.0
2018-07-16,36960000,1240.82,34422922,2537078,23010,94.51,0.4703,68.08,911.11,6741.75,2563168.0
2018-07-17,36940000,1227.51,34057227,2882773,23012,94.97,0.4703,67.81,921.27,7321.04,2537078.0
2018-07-18,36770000,1227.18,34039787,2730213,23007,95.08,0.4703,68.94,942.39,7370.78,2882773.0
2018-07-19,36710000,1222.8,33932149,2777851,23016,95.17,0.4703,69.52,943.97,7466.86,2730213.0
2018-07-20,36830000,1231.76,34181974,2648026,23017,94.46,0.4703,69.47,933.39,7354.13,2777851.0
2018-07-21,36920000,1231.76,34181974,2738026,23017,94.46,0.4703,69.47,933.39,7419.29,2648026.0
2018-07-22,36920000,1231.76,34181974,2738026,23017,94.46,0.4703,69.53,933.39,7418.49,2738026.0
2018-07-23,36900000,1224.54,33300565,3599435,22556,94.67,0.4703,69.02,936.74,7711.11,2738026.0
2018-07-24,36920000,1224.55,33983370,2936630,23018,94.61,0.4703,69.91,934.08,8424.27,3599435.0
2018-07-25,36950000,1231.61,34473306,2476694,23216,94.36,0.4703,70.58,927.58,8181.39,2936630.0
2018-07-26,36880000,1222.67,34173688,2706312,23182,94.75,0.4703,70.64,930.16,7951.58,2476694.0
2018-07-27,36880000,1223.38,34138221,2741779,23145,94.68,0.4703,70.07,935.52,8165.01,2706312.0
2018-07-28,36900000,1223.38,34138221,2761779,23145,94.68,0.4703,70.07,935.52,8192.15,2741779.0
2018-07-29,36900000,1223.38,34138221,2761779,23145,94.68,0.4703,69.92,935.52,8218.46,2761779.0
2018-07-30,36890000,1221.8,34171468,2718532,23198,94.36,0.4703,71.04,949.73,8180.48,2761779.0
2018-07-31,36840000,1223.83,34265131,2574869,23222,94.49,0.4703,69.28,956.39,7780.44,2718532.0
2018-08-01,36840000,1216.05,34084691,2755309,23248,94.62,0.4703,68.64,952.77,7624.91,2574869.0
2018-08-02,36780000,1207.96,33870315,2909685,23256,95.17,0.4703,69.72,953.55,7567.15,2755309.0
2018-08-03,36790000,1213.43,34010523,2779477,23248,95.14,0.4703,69.42,959.6,7434.39,2909685.0
2018-08-04,36840000,1213.43,34010523,2829477,23248,95.14,0.4703,69.42,959.6,7032.85,2779477.0
2018-08-05,36840000,1213.43,34010523,2829477,23248,95.14,0.4703,69.25,959.6,7068.48,2829477.0
2018-08-06,36830000,1206.94,33862815,2967185,23271,95.36,0.4703,69.5,960.23,6951.8,2829477.0
2018-08-07,36860000,1211.02,33979477,2880523,23272,95.22,0.4703,69.78,956.79,6753.12,2967185.0
2018-08-08,36810000,1213.61,34045564,2764436,23268,95.1,0.4703,67.31,966.27,6305.8,2880523.0
2018-08-09,36780000,1212.35,33982445,2797555,23249,95.5,0.4703,67.25,963.5,6568.23,2764436.0
2018-08-10,36790000,1211.3,33943521,2846479,23242,96.36,0.4703,68.23,968.47,6184.71,2797555.0
2018-08-11,36820000,1211.3,33943521,2876479,23242,96.36,0.4703,68.23,968.47,6295.73,2846479.0
2018-08-12,36820000,1211.3,33943521,2876479,23242,96.36,0.4703,68.17,968.47,6322.69,2876479.0
2018-08-13,36770000,1193.64,33447926,3322074,23242,96.39,0.4703,67.72,978.04,6297.57,2876479.0
2018-08-14,36740000,1194.03,33513559,3226441,23280,96.73,0.4703,67.02,978.27,6199.71,3322074.0
2018-08-15,36720000,1174.88,32976064,3743936,23280,96.7,0.4703,65.11,961.37,6308.52,3226441.0
2018-08-16,36740000,1174.16,32952316,3787684,23278,96.65,0.4703,65.61,964.28,6334.73,3743936.0
2018-08-17,36730000,1184.77,33250796,3479204,23278,96.1,0.4703,66.08,968.88,6580.63,3787684.0
2018-08-18,36800000,1184.77,33250796,3549204,23278,96.1,0.4703,66.08,968.88,6423.76,3479204.0
2018-08-19,36800000,1184.77,33250796,3549204,23278,96.1,0.4703,65.86,968.88,6506.07,3549204.0
2018-08-20,36770000,1190.53,33385179,3384821,23259,95.9,0.4703,66.31,969.62,6308.53,3549204.0
2018-08-21,36740000,1196.12,33511651,3228349,23238,95.26,0.4703,66.88,979.21,6488.76,3384821.0
2018-08-22,36760000,1195.51,33488796,3271204,23234,95.15,0.4703,68.81,982.15,6376.71,3228349.0
2018-08-23,36740000,1185.31,33211646,3528354,23240,95.62,0.4703,68.65,987.36,6534.88,3271204.0
2018-08-24,36750000,1205.97,33800704,2949296,23247,95.15,0.4703,69.34,987.05,6719.96,3528354.0
2018-08-25,36820000,1205.97,33800704,3019296,23247,95.15,0.4703,69.34,987.05,6763.19,2949296.0
2018-08-26,36820000,1205.97,33800704,3019296,23247,95.15,0.4703,69.38,987.05,6707.26,3019296.0
2018-08-27,36800000,1211.35,33404403,3395597,22872,94.78,0.4703,69.67,991.92,6884.64,3019296.0
2018-08-28,36780000,1201.26,33686073,3093927,23259,94.72,0.4703,69.22,995.19,7096.28,3395597.0
2018-08-29,36730000,1206.66,33841138,2888862,23262,94.6,0.4703,70.3,988.17,7047.16,3093927.0
2018-08-30,36740000,1199.88,33657501,3082499,23266,94.72,0.4703,70.64,998.07,6978.23,2888862.0
2018-08-31,36730000,1201.09,33694339,3035661,23268,95.14,0.4703,70.49,989.54,7037.58,3082499.0
2018-09-01,36770000,1201.09,33694339,3075661,23268,95.14,0.4703,70.49,989.54,7193.25,3035661.0
2018-09-02,36770000,1201.09,33694339,3075661,23268,95.14,0.4703,70.44,989.54,7272.72,3075661.0
2018-09-03,36770000,1201.15,33711952,3058048,23279,95.14,0.4703,70.61,989.54,7260.06,3075661.0
2018-09-04,36720000,1191.35,33425410,3294590,23271,95.42,0.4703,69.86,975.94,7361.66,3058048.0
2018-09-05,36730000,1196.75,33604187,3125813,23290,95.13,0.4703,69.02,968.44,6792.83,3294590.0
2018-09-06,36770000,1200.14,33683605,3086395,23279,95.02,0.4703,68.33,958.19,6529.17,3125813.0
2018-09-07,36760000,1195.86,33564201,3195799,23280,95.37,0.4703,68.17,968.9,6467.07,3086395.0
2018-09-08,36740000,1195.86,33564201,3175799,23280,95.37,0.4703,68.17,968.9,6225.98,3195799.0
2018-09-09,36740000,1195.86,33564201,3175799,23280,95.37,0.4703,68.42,968.9,6300.86,3175799.0
2018-09-10,36690000,1195.88,33582064,3107936,23292,95.15,0.4703,67.86,970.34,6329.7,3175799.0
2018-09-11,36700000,1198.29,33615067,3084933,23268,95.06,0.4703,70.09,985.06,6321.2,3107936.0
2018-09-12,36690000,1206.19,33810069,2879931,23249,94.8,0.4703,70.39,987.01,6351.8,3084933.0
2018-09-13,36710000,1201.44,33671421,3038579,23245,94.54,0.4703,69.04,987.95,6517.31,2879931.0
2018-09-14,36710000,1193.71,33449887,3260113,23242,94.98,0.4703,69.17,991.34,6512.71,3038579.0
2018-09-15,36680000,1193.71,33449887,3230113,23242,94.98,0.4703,69.17,991.34,6543.2,3260113.0
2018-09-16,36680000,1193.71,33449887,3230113,23242,94.98,0.4703,68.89,991.34,6517.18,3230113.0
2018-09-17,36690000,1200.93,33610939,3079061,23214,94.51,0.4703,68.61,987.61,6281.2,3230113.0
2018-09-18,36680000,1198.35,33600858,3079142,23256,94.62,0.4703,69.86,993.49,6371.3,3079061.0
2018-09-19,36680000,1203.99,33744483,2935517,23246,94.55,0.4703,71.42,995.54,6398.54,3079142.0
2018-09-20,36660000,1207.58,33882955,2777045,23272,93.91,0.4703,70.55,1004.74,6519.67,2935517.0
2018-09-21,36690000,1199.55,33679338,3010662,23288,94.22,0.4703,71.09,1002.97,6734.95,2777045.0
2018-09-22,36670000,1199.55,33679338,2990662,23288,94.22,0.4703,71.09,1002.97,6721.98,3010662.0
2018-09-23,36670000,1199.55,33679338,2990662,23288,94.22,0.4703,71.81,1002.97,6710.63,2990662.0
2018-09-24,36620000,1198.86,33213913,3406087,22979,94.26,0.4703,72.5,1011.29,6595.41,2990662.0
2018-09-25,36560000,1201.31,33348122,3211878,23025,94.13,0.4703,72.23,1010.74,6446.47,3406087.0
2018-09-26,36560000,1194.46,33569551,2990449,23310,94.19,0.4703,72.42,1009.61,6495.0,3211878.0
2018-09-27,36500000,1182.8,33246132,3253868,23314,95.0,0.4703,72.42,1015.37,6676.75,2990449.0
2018-09-28,36430000,1192.09,33505818,2924182,23312,95.19,0.4703,73.78,1017.13,6644.13,3253868.0
2018-09-29,36500000,1192.09,33505818,2994182,23312,95.19,0.4703,73.78,1017.13,6601.96,2924182.0
2018-09-30,36500000,1192.09,33505818,2994182,23312,95.19,0.4703,73.75,1017.13,6625.56,2994182.0
2018-10-01,36470000,1188.47,33375414,3094586,23292,95.3,0.4703,75.77,1012.88,6589.62,2994182.0
2018-10-02,36510000,1203.1,33791340,2718660,23296,95.51,0.4703,75.42,1018.79,6556.1,3094586.0
2018-10-03,36530000,1197.37,33625349,2904651,23292,95.76,0.4703,76.39,1020.4,6502.59,2718660.0
2018-10-04,36520000,1199.66,33711354,2808646,23308,95.75,0.4703,74.97,1023.62,6576.69,2904651.0
2018-10-05,36520000,1202.86,33807078,2712922,23312,95.62,0.4703,74.5,1008.39,6622.48,2808646.0
2018-10-06,36540000,1202.86,33807078,2732922,23312,95.62,0.4703,74.5,1008.39,6588.31,2712922.0
2018-10-07,36540000,1202.86,33807078,2732922,23312,95.62,0.4703,74.05,1008.39,6602.95,2732922.0
2018-10-08,36520000,1188.01,32815204,3704796,22910,95.77,0.4703,74.42,996.12,6652.23,2732922.0
2018-10-09,36500000,1189.62,33443565,3056435,23318,95.68,0.4703,74.91,996.19,6642.64,3704796.0
2018-10-10,36500000,1194.78,33594390,2905610,23322,95.51,0.4703,72.8,993.96,6585.53,3056435.0
2018-10-11,36530000,1224.33,34417147,2112853,23316,95.02,0.4703,71.2,945.89,6256.24,2905610.0
2018-10-12,36600000,1217.93,34229895,2370105,23311,95.22,0.4703,71.56,970.08,6274.58,2112853.0
2018-10-13,36610000,1217.93,34229895,2380105,23311,95.22,0.4703,71.56,970.08,6285.99,2370105.0
2018-10-14,36610000,1217.93,34229895,2380105,23311,95.22,0.4703,72.39,970.08,6290.93,2380105.0
2018-10-15,36670000,1226.93,34482100,2187900,23310,95.07,0.4703,71.92,951.64,6596.54,2380105.0
2018-10-16,36630000,1224.43,34392648,2237352,23298,95.05,0.4703,72.32,963.37,6596.11,2187900.0
2018-10-17,36660000,1222.68,34353074,2306926,23304,95.58,0.4703,69.95,971.6,6544.43,2237352.0
2018-10-18,36630000,1225.75,34448198,2181802,23310,95.9,0.4703,68.83,963.47,6476.71,2306926.0
2018-10-19,36630000,1226.32,34467913,2162087,23312,95.71,0.4703,69.39,958.36,6465.41,2181802.0
2018-10-20,36630000,1226.32,34467913,2162087,23312,95.71,0.4703,69.39,958.36,6489.19,2162087.0
2018-10-21,36630000,1226.32,34467913,2162087,23312,95.71,0.4703,69.34,958.36,6482.35,2162087.0
2018-10-22,36610000,1222.17,34350240,2259760,23312,96.01,0.4703,69.47,953.51,6487.16,2162087.0
2018-10-23,36660000,1230.49,34586602,2073398,23314,95.96,0.4703,66.27,939.68,6475.74,2259760.0
2018-10-24,36620000,1234.22,34691445,1928555,23314,96.43,0.4703,66.06,922.73,6495.84,2073398.0
2018-10-25,36600000,1232.23,34647543,1952457,23322,96.68,0.4703,66.81,910.17,6476.29,1928555.0
2018-10-26,36640000,1233.59,34683404,1956596,23320,96.36,0.4703,67.5,900.82,6474.75,1952457.0
2018-10-27,36620000,1233.59,34683404,1936596,23320,96.36,0.4703,67.5,900.82,6480.38,1956596.0
2018-10-28,36620000,1233.59,34683404,1936596,23320,96.36,0.4703,67.59,900.82,6486.39,1936596.0
2018-10-29,36570000,1229.74,33950373,2619627,22899,96.58,0.4703,66.61,888.82,6332.63,1936596.0
2018-10-30,36520000,1223.44,34384016,2135984,23310,97.01,0.4703,66.4,888.69,6334.27,2619627.0
2018-10-31,36500000,1214.54,34133154,2366846,23310,97.13,0.4703,64.95,914.76,6317.61,2135984.0
2018-11-01,36560000,1233.24,34660330,1899670,23311,96.28,0.4703,63.52,907.96,6377.78,2366846.0
2018-11-02,36600000,1232.89,34646481,1953519,23308,96.54,0.4703,62.77,924.86,6388.44,1899670.0
2018-11-03,36600000,1232.89,34646481,1953519,23308,96.54,0.4703,62.77,924.86,6361.26,1953519.0
2018-11-04,36600000,1232.89,34646481,1953519,23308,96.54,0.4703,62.91,924.86,6376.13,1953519.0
2018-11-05,36590000,1231.3,34599720,1990280,23307,96.35,0.4703,62.8,925.53,6419.66,1953519.0
2018-11-06,36540000,1226.8,34462916,2077084,23300,96.32,0.4703,61.74,922.05,6461.01,1990280.0
2018-11-07,36570000,1226.11,34430228,2139772,23291,96.0,0.4703,61.62,922.16,6530.14,2077084.0
2018-11-08,36530000,1223.54,34363961,2166039,23295,96.64,0.4703,60.68,926.28,6453.72,2139772.0
2018-11-09,36510000,1209.6,33963987,2546013,23289,96.91,0.4703,59.8,914.29,6385.62,2166039.0
2018-11-10,36500000,1209.6,33963987,2536013,23289,96.91,0.4703,59.8,914.29,6409.22,2546013.0
2018-11-11,36500000,1209.6,33963987,2536013,23289,96.91,0.4703,60.76,914.29,6411.27,2536013.0
2018-11-12,36480000,1200.65,33670415,2809585,23260,97.54,0.4703,58.94,918.12,6371.27,2536013.0
2018-11-13,36480000,1202.35,33728961,2751039,23268,97.3,0.4703,55.7,905.38,6359.49,2809585.0
2018-11-14,36500000,1210.91,33987340,2512660,23280,96.8,0.4703,55.89,900.93,5738.35,2751039.0
2018-11-15,36580000,1213.0,34043953,2536047,23279,96.93,0.4703,56.47,897.15,5648.03,2512660.0
2018-11-16,36640000,1221.47,34274898,2365102,23274,96.47,0.4703,56.81,898.19,5575.55,2536047.0
2018-11-17,36680000,1221.47,34274898,2405102,23274,96.47,0.4703,56.81,898.19,5554.33,2365102.0
2018-11-18,36680000,1221.47,34274898,2405102,23274,96.47,0.4703,57.09,898.19,5623.54,2405102.0
2018-11-19,36650000,1224.05,33605420,3044580,22771,96.19,0.4703,57.19,916.06,4871.49,2405102.0
2018-11-20,36620000,1221.55,34280824,2339176,23276,96.81,0.4703,53.3,919.02,4451.87,3044580.0
2018-11-21,36590000,1226.02,34443961,2146039,23302,96.71,0.4703,54.47,922.56,4602.17,2339176.0
2018-11-22,36570000,1227.45,34507813,2062187,23318,96.71,0.4703,53.84,924.42,4365.94,2146039.0
2018-11-23,36540000,1223.19,34388050,2151950,23318,96.92,0.4703,50.89,917.97,4347.11,2062187.0
2018-11-24,36540000,1223.19,34388050,2151950,23318,96.92,0.4703,50.89,917.97,3880.76,2151950.0
2018-11-25,36540000,1223.19,34388050,2151950,23318,96.92,0.4703,50.45,917.97,4009.97,2151950.0
2018-11-26,36530000,1222.37,33927882,2602118,23021,97.07,0.4703,51.45,921.03,3779.13,2151950.0
2018-11-27,36480000,1214.69,34131512,2348488,23306,97.37,0.4703,51.93,923.12,3820.72,2602118.0
2018-11-28,36450000,1221.11,34321477,2128523,23312,96.79,0.4703,50.47,930.2,4257.42,2348488.0
2018-11-29,36500000,1223.99,34385454,2114546,23301,96.78,0.4703,51.27,926.79,4278.85,2128523.0
2018-11-30,36480000,1221.97,34316183,2163817,23292,97.27,0.4703,50.6,926.54,4017.27,2114546.0
2018-12-01,36480000,1221.97,34316183,2163817,23292,97.27,0.4703,50.6,926.54,4214.67,2163817.0
2018-12-02,36480000,1221.97,34316183,2163817,23292,97.27,0.4703,52.21,926.54,4139.88,2163817.0
2018-12-03,36480000,1231.08,34249043,2230957,23075,97.04,0.4703,53.16,951.59,3894.13,2163817.0
2018-12-04,36490000,1238.55,34744462,1745538,23268,96.97,0.4703,52.68,958.84,3956.89,2230957.0
2018-12-05,36460000,1237.56,34701770,1758230,23258,96.97,0.4703,52.59,957.14,3753.99,1745538.0
2018-12-06,36420000,1237.99,34732484,1687516,23270,96.81,0.4703,51.42,954.82,3521.1,1758230.0
2018-12-07,36430000,1248.1,35057507,1372493,23298,96.51,0.4703,52.05,958.59,3419.94,1687516.0
2018-12-08,36490000,1248.1,35057507,1432493,23298,96.51,0.4703,52.05,958.59,3476.11,1372493.0
2018-12-09,36490000,1248.1,35057507,1432493,23298,96.51,0.4703,52.33,958.59,3614.23,1432493.0
2018-12-10,36510000,1244.59,34928905,1581095,23278,97.22,0.4703,50.89,955.89,3502.66,1432493.0
2018-12-11,36470000,1242.94,34872858,1597142,23271,97.39,0.4703,51.98,954.58,3424.59,1581095.0
2018-12-12,36420000,1245.8,34951598,1468402,23270,97.04,0.4703,51.31,961.28,3486.95,1597142.0
2018-12-13,36380000,1242.46,34855046,1524954,23268,97.06,0.4703,52.78,960.25,3313.68,1468402.0
2018-12-14,36410000,1238.21,34716264,1693736,23255,97.44,0.4703,51.17,952.04,3242.48,1524954.0
2018-12-15,36440000,1238.21,34716264,1723736,23255,97.44,0.4703,51.17,952.04,3236.76,1693736.0
2018-12-16,36440000,1238.21,34716264,1723736,23255,97.44,0.4703,51.3,952.04,3252.84,1723736.0
2018-12-17,36430000,1245.91,34929148,1500852,23253,97.1,0.4703,49.32,933.65,3545.86,1723736.0
2018-12-18,36420000,1249.38,35073126,1346874,23284,97.14,0.4703,46.3,927.25,3696.06,1500852.0
2018-12-19,36410000,1243.39,34907220,1502780,23286,97.04,0.4703,47.08,919.24,3745.95,1346874.0
2018-12-20,36400000,1260.14,35366829,1033171,23278,96.28,0.4703,46.06,918.24,4134.44,1502780.0
2018-12-21,36430000,1256.01,35234260,1195740,23268,96.96,0.4703,45.08,912.26,3896.54,1033171.0
2018-12-22,36420000,1256.01,35234260,1185740,23268,96.96,0.4703,45.08,912.26,4014.18,1195740.0
2018-12-23,36420000,1256.01,35234260,1185740,23268,96.96,0.4703,45.33,912.26,3998.98,1185740.0
2018-12-24,36440000,1269.13,35573236,866764,23248,96.55,0.4703,42.27,908.56,4078.6,1185740.0
2018-12-25,36410000,1269.13,35101039,1308961,22940,96.55,0.4703,42.27,897.94,3815.49,866764.0
2018-12-26,36460000,1266.98,35505335,954665,23244,97.05,0.4703,46.39,891.75,3857.3,1308961.0
2018-12-27,36450000,1275.22,35735481,714519,23243,96.48,0.4703,45.23,900.81,3654.83,954665.0
2018-12-28,36540000,1280.75,35804748,735252,23188,96.39,0.4703,44.92,892.54,3923.92,714519.0
2018-12-29,36550000,1280.75,35804748,745252,23188,96.39,0.4703,44.92,892.54,3820.41,735252.0
2018-12-30,36550000,1280.75,35804748,745252,23188,96.39,0.4703,45.34,892.54,3865.95,745252.0
2018-12-31,36570000,1282.82,35872670,697330,23194,96.17,0.4703,45.0,892.54,3742.7,745252.0
2019-01-01,36570000,1282.62,35814500,755500,23160,96.17,0.4703,45.0,892.54,3843.52,697330.0
2019-01-02,36580000,1284.77,35927200,652800,23194,96.82,0.4703,45.66,891.75,3943.41,755500.0
2019-01-03,36580000,1293.99,36185027,394973,23194,96.31,0.4703,46.78,878.22,3836.74,652800.0
2019-01-04,36580000,1284.92,35931394,648606,23194,96.19,0.4703,48.18,880.9,3857.72,394973.0
2019-01-05,36740000,1284.92,35931394,808606,23194,96.19,0.4703,48.18,880.9,3845.19,648606.0
2019-01-06,36740000,1284.92,35931394,808606,23194,96.19,0.4703,48.49,880.9,4076.63,808606.0
2019-01-07,36810000,1288.67,36036259,773741,23194,95.71,0.4703,48.66,889.64,4025.25,808606.0
2019-01-08,36720000,1285.35,35943419,776581,23194,95.9,0.4703,49.89,887.44,4030.85,773741.0
2019-01-09,36670000,1293.13,36160978,509022,23194,95.22,0.4703,52.08,896.99,4035.3,776581.0
2019-01-10,36760000,1286.38,35972222,787778,23194,95.54,0.4703,52.2,898.3,3678.92,509022.0
2019-01-11,36730000,1288.0,36017523,712477,23194,95.67,0.4703,51.64,902.71,3687.37,787778.0
2019-01-12,36720000,1288.0,36017523,702477,23194,95.67,0.4703,51.64,902.71,3661.3,712477.0
2019-01-13,36720000,1288.0,36017523,702477,23194,95.67,0.4703,51.78,902.71,3552.95,702477.0
2019-01-14,36710000,1291.73,36121829,588171,23194,95.59,0.4703,50.64,901.8,3706.05,702477.0
2019-01-15,36680000,1289.31,36054156,625844,23194,95.97,0.4703,51.87,909.68,3630.68,588171.0
2019-01-16,36650000,1293.52,36171884,478116,23194,96.06,0.4703,52.23,908.7,3655.01,625844.0
2019-01-17,36720000,1291.9,36126583,593417,23194,96.07,0.4703,52.17,901.89,3678.56,478116.0
2019-01-18,36740000,1281.49,35835478,904522,23194,96.34,0.4703,53.67,902.3,3657.84,593417.0
2019-01-19,36700000,1281.49,35835478,864522,23194,96.34,0.4703,53.67,902.3,3728.57,904522.0
2019-01-20,36700000,1281.49,35835478,864522,23194,96.34,0.4703,53.36,902.3,3601.01,864522.0
2019-01-21,36590000,1280.28,35801642,788358,23194,96.34,0.4703,53.95,911.05,3576.03,864522.0
2019-01-22,36530000,1285.04,35934750,595250,23194,96.3,0.4703,52.62,906.55,3604.58,788358.0
2019-01-23,36550000,1282.39,35860646,689354,23194,96.12,0.4703,52.2,908.18,3585.12,595250.0
2019-01-24,36540000,1280.94,35820098,719902,23194,96.6,0.4703,52.84,908.79,3600.87,689354.0
2019-01-25,36660000,1303.22,36443134,216866,23194,95.79,0.4703,53.3,908.88,3599.77,719902.0
2019-01-26,36830000,1303.22,36443134,386866,23194,95.79,0.4703,53.3,908.88,3602.46,216866.0
2019-01-27,36830000,1303.22,36443134,386866,23194,95.79,0.4703,53.05,908.88,3583.97,386866.0
2019-01-28,36780000,1303.53,35727606,1052394,22733,95.75,0.4703,51.86,912.18,3470.45,386866.0
2019-01-29,36850000,1311.93,36686700,163300,23194,95.82,0.4703,53.12,915.93,3448.12,1052394.0
2019-01-30,36920000,1319.91,36909852,10148,23194,95.34,0.4703,54.28,915.84,3486.18,163300.0
2019-01-31,37100000,1320.94,36938655,161345,23194,95.58,0.4703,53.71,910.65,3457.79,10148.0
2019-02-01,37100000,1318.0,36870742,229258,23203,95.58,0.4703,55.17,908.67,3487.95,161345.0
2019-02-02,37100000,1318.0,36870742,229258,23203,95.58,0.4703,55.17,908.67,3521.06,229258.0
2019-02-03,37100000,1318.0,36870742,229258,23203,95.58,0.4703,55.06,908.67,3464.01,229258.0
2019-02-04,37100000,1311.75,36695900,404100,23203,95.85,0.4703,54.59,908.67,3459.15,229258.0
2019-02-05,37100000,1315.01,36787098,312902,23203,96.1,0.4703,53.64,908.67,3466.36,404100.0
2019-02-06,37100000,1306.22,36541199,558801,23203,96.42,0.4703,53.83,908.67,3413.77,312902.0
2019-02-07,37100000,1310.09,36649462,450538,23203,96.51,0.4703,52.38,908.67,3399.47,558801.0
2019-02-08,37100000,1314.07,36760801,339199,23203,96.64,0.4703,52.6,908.67,3666.78,450538.0
2019-02-09,37100000,1314.07,36760801,339199,23203,96.64,0.4703,52.6,908.67,3671.2,339199.0
2019-02-10,37100000,1314.07,36760801,339199,23203,96.64,0.4703,52.41,908.67,3690.19,339199.0
2019-02-11,37130000,1308.33,36063438,1066562,22863,97.06,0.4703,52.34,926.1,3648.43,339199.0
2019-02-12,37150000,1310.89,36671842,478158,23203,96.71,0.4703,53.41,937.54,3653.53,1066562.0
2019-02-13,37020000,1306.19,36540360,479640,23203,97.13,0.4703,53.92,945.25,3632.07,478158.0
2019-02-14,37000000,1312.55,36718280,281720,23203,96.98,0.4703,54.52,952.34,3616.88,479640.0
2019-02-15,36880000,1321.41,36966136,-86136,23203,96.92,0.4703,55.76,950.89,3620.81,281720.0
2019-02-16,36980000,1321.41,36966136,13864,23203,96.92,0.4703,55.76,950.89,3629.79,-86136.0
2019-02-17,36980000,1321.41,36966136,13864,23203,96.92,0.4703,55.91,950.89,3673.84,13864.0
2019-02-18,37000000,1326.9,37119718,-119718,23203,96.92,0.4703,55.86,961.3,3915.71,13864.0
2019-02-19,37000000,1341.16,37518638,-518638,23203,96.52,0.4703,55.91,964.35,3947.09,-119718.0
2019-02-20,37150000,1338.49,37443945,-293945,23203,96.45,0.4703,56.83,970.58,3999.82,-518638.0
2019-02-21,37130000,1323.49,37024324,105676,23203,96.61,0.4703,56.49,987.57,3954.12,-293945.0
2019-02-22,37100000,1327.8,37144895,-44895,23203,96.51,0.4703,56.74,988.91,4005.53,105676.0
2019-02-23,37100000,1327.8,37144895,-44895,23203,96.51,0.4703,56.74,988.91,4142.53,-44895.0
2019-02-24,37100000,1327.8,37144895,-44895,23203,96.51,0.4703,57.02,988.91,3810.43,-44895.0
2019-02-25,37070000,1327.12,36563456,506544,22852,96.41,0.4703,55.15,994.43,3882.7,-44895.0
2019-02-26,37060000,1328.96,37177346,-117346,23203,96.0,0.4703,55.73,987.06,3854.36,506544.0
2019-02-27,37050000,1319.88,36923335,126665,23203,96.15,0.4703,56.7,990.27,3851.05,-117346.0
2019-02-28,37000000,1313.05,36724352,275648,23198,96.16,0.4703,56.94,965.47,3854.79,126665.0
2019-03-01,36860000,1293.56,36179241,680759,23198,96.53,0.4703,55.5,979.63,3859.58,275648.0
2019-03-02,36680000,1293.56,36179241,500759,23198,96.53,0.4703,55.5,979.63,3864.42,680759.0
2019-03-03,36680000,1293.56,36179241,500759,23198,96.53,0.4703,55.78,979.63,3847.18,500759.0
2019-03-04,36600000,1286.66,35986257,613743,23198,96.68,0.4703,56.22,993.99,3761.56,500759.0
2019-03-05,36600000,1287.43,36007793,592207,23198,96.85,0.4703,55.98,992.45,3896.38,613743.0
2019-03-06,36610000,1286.76,35989054,620946,23198,96.87,0.4703,55.95,994.49,3903.94,592207.0
2019-03-07,36620000,1285.74,35960525,659475,23198,97.67,0.4703,56.28,994.03,3911.48,620946.0
2019-03-08,36640000,1298.39,36314330,325670,23198,97.37,0.4703,55.86,985.25,3901.13,659475.0
2019-03-09,36680000,1298.39,36314330,365670,23198,97.37,0.4703,55.86,985.25,3963.31,325670.0
2019-03-10,36680000,1298.39,36314330,365670,23198,97.37,0.4703,56.02,985.25,3951.6,365670.0
2019-03-11,36650000,1294.25,35567662,1082338,22794,97.22,0.4703,56.87,984.6,3905.23,365670.0
2019-03-12,36630000,1302.01,36415577,214423,23198,96.94,0.4703,57.06,1001.32,3909.16,1082338.0
2019-03-13,36730000,1309.28,36618910,111090,23198,96.55,0.4703,58.23,1005.41,3906.72,214423.0
2019-03-14,36670000,1296.28,36255316,414684,23198,96.79,0.4703,58.48,1008.44,3924.37,111090.0
2019-03-15,36650000,1301.38,36397957,252043,23198,96.6,0.4703,58.34,1004.12,3960.91,414684.0
2019-03-16,36630000,1301.38,36397957,232043,23198,96.6,0.4703,58.34,1004.12,4048.73,252043.0
2019-03-17,36630000,1301.38,36397957,232043,23198,96.6,0.4703,58.41,1004.12,4025.23,232043.0
2019-03-18,36650000,1303.7,36462844,187156,23198,96.52,0.4703,59.05,1011.86,4032.51,232043.0
2019-03-19,36670000,1306.55,36542555,127445,23198,96.38,0.4703,58.92,1006.59,4071.19,187156.0
2019-03-20,36660000,1312.48,36708410,-48410,23198,95.76,0.4703,59.8,1002.3,4087.48,127445.0
2019-03-21,36800000,1309.45,36623664,176336,23198,96.5,0.4703,59.64,981.78,4029.33,-48410.0
2019-03-22,36700000,1313.38,36733581,-33581,23198,96.65,0.4703,58.69,988.71,4023.97,176336.0
2019-03-23,36740000,1313.38,36733581,6419,23198,96.65,0.4703,58.69,988.71,4035.83,-33581.0
2019-03-24,36740000,1313.38,36733581,6419,23198,96.65,0.4703,58.56,988.71,4022.17,6419.0
2019-03-25,36780000,1321.9,36343619,436381,22804,96.57,0.4703,58.92,970.07,3963.07,6419.0
2019-03-26,36790000,1315.51,36793155,-3155,23198,96.74,0.4703,59.62,969.79,3985.08,436381.0
2019-03-27,36770000,1309.87,36635411,134589,23198,96.77,0.4703,59.12,975.91,4087.07,-3155.0
2019-03-28,36730000,1290.55,36095055,634945,23198,97.2,0.4703,59.3,982.98,4069.11,134589.0
2019-03-29,36520000,1292.15,36139805,380195,23198,97.28,0.4703,59.98,980.76,4098.37,634945.0
2019-03-30,36550000,1292.15,36139805,410195,23198,97.28,0.4703,59.98,980.76,4106.66,380195.0
2019-03-31,36550000,1292.15,36139805,410195,23198,97.28,0.4703,60.17,980.76,4105.4,410195.0
2019-04-01,36530000,1287.66,36014225,515775,23198,97.25,0.4703,61.58,988.53,4158.18,410195.0
2019-04-02,36490000,1293.15,36167774,322226,23198,97.36,0.4703,62.36,985.81,4879.88,515775.0
2019-04-03,36490000,1289.9,36076875,413125,23198,97.09,0.4703,62.26,984.46,4973.02,322226.0
2019-04-04,36500000,1292.38,36146238,353762,23198,97.31,0.4703,61.84,986.91,4922.8,413125.0
2019-04-05,36480000,1291.7,36127219,352781,23198,97.4,0.4703,63.16,989.26,5036.68,353762.0
2019-04-06,36480000,1291.7,36127219,352781,23198,97.4,0.4703,63.16,989.26,5059.82,352781.0
2019-04-07,36480000,1291.7,36127219,352781,23198,97.4,0.4703,63.31,989.26,5198.9,352781.0
2019-04-08,36520000,1297.41,36286921,233079,23198,97.05,0.4703,64.35,997.56,5289.77,352781.0
2019-04-09,36520000,1304.13,36474871,45129,23198,97.01,0.4703,64.09,988.48,5204.96,233079.0
2019-04-10,36560000,1308.05,36584508,-24508,23198,96.95,0.4703,64.27,981.91,5324.55,45129.0
2019-04-11,36570000,1292.6,36152391,417609,23198,97.18,0.4703,63.71,985.95,5064.49,-24508.0
2019-04-12,36490000,1290.4,36090860,399140,23198,96.97,0.4703,63.73,982.9,5089.54,417609.0
2019-04-13,36490000,1290.4,36090860,399140,23198,96.97,0.4703,63.73,982.9,5096.59,399140.0
2019-04-14,36490000,1290.4,36090860,399140,23198,96.97,0.4703,63.61,982.9,5167.72,399140.0
2019-04-15,36490000,1287.88,35453939,1036061,22833,96.94,0.4703,63.46,982.9,5067.11,399140.0
2019-04-16,36440000,1276.57,35652492,787508,23164,97.04,0.4703,64.33,977.17,5235.56,1036061.0
2019-04-17,36350000,1274.14,35589235,760765,23168,97.01,0.4703,63.71,972.1,5251.94,787508.0
2019-04-18,36360000,1275.39,35617999,742001,23164,97.47,0.4703,63.96,962.3,5298.39,760765.0
2019-04-19,36350000,1275.39,35625688,724312,23168,97.47,0.4703,63.96,966.21,5303.81,742001.0
2019-04-20,36380000,1275.39,35625688,754312,23168,97.47,0.4703,63.96,966.21,5337.89,724312.0
2019-04-21,36380000,1275.39,35625688,754312,23168,97.47,0.4703,64.39,966.21,5314.53,754312.0
2019-04-22,36350000,1274.92,35626393,723607,23178,97.28,0.4703,65.67,965.86,5399.37,754312.0
2019-04-23,36310000,1272.4,35081793,1228207,22868,97.57,0.4703,65.94,968.0,5572.36,723607.0
2019-04-24,36270000,1275.36,35646377,623623,23182,98.1,0.4703,65.66,976.92,5464.87,1228207.0
2019-04-25,36350000,1277.35,35702460,647540,23183,98.2,0.4703,64.89,974.13,5210.52,623623.0
2019-04-26,36420000,1286.25,35954629,465371,23185,98.01,0.4703,62.77,979.64,5279.35,647540.0
2019-04-27,36500000,1286.25,35954629,545371,23185,98.01,0.4703,62.77,979.64,5268.29,465371.0
2019-04-28,36500000,1286.25,35954629,545371,23185,98.01,0.4703,62.78,979.64,5285.14,545371.0
2019-04-29,36500000,1279.8,35298011,1201989,22876,97.86,0.4703,63.47,979.64,5247.35,545371.0
2019-04-30,36500000,1283.6,35988730,511270,23255,97.48,0.4703,63.48,979.64,5350.73,1201989.0
2019-05-01,36500000,1276.61,35792902,707098,23255,97.69,0.4703,63.41,979.64,5402.7,511270.0
2019-05-02,36270000,1270.54,35605560,664440,23244,97.83,0.4703,61.62,978.5,5505.28,707098.0
2019-05-03,36240000,1279.19,35834394,405606,23235,97.52,0.4703,61.8,974.14,5768.29,664440.0
2019-05-04,36350000,1279.19,35834394,515606,23235,97.52,0.4703,61.8,974.14,5831.17,405606.0
2019-05-05,36350000,1279.19,35834394,515606,23235,97.52,0.4703,60.45,974.14,5795.71,515606.0
2019-05-06,36370000,1280.33,35839315,530685,23218,97.52,0.4703,62.26,957.97,5746.81,515606.0
2019-05-07,36330000,1285.15,36019172,310828,23246,97.63,0.4703,61.51,957.56,5829.5,530685.0
2019-05-08,36370000,1280.93,35921746,448254,23260,97.62,0.4703,61.91,951.22,5982.46,310828.0
2019-05-09,36350000,1284.14,36124012,225988,23332,97.37,0.4703,61.84,947.01,6174.53,448254.0
2019-05-10,36410000,1286.0,36226726,183274,23365,97.33,0.4703,61.71,952.55,6378.85,225988.0
2019-05-11,36430000,1286.0,36226726,203274,23365,97.33,0.4703,61.71,952.55,7204.77,183274.0
2019-05-12,36430000,1286.0,36226726,203274,23365,97.33,0.4703,61.3,952.55,6972.37,203274.0
2019-05-13,36370000,1299.9,36536010,-166010,23312,97.32,0.4703,60.92,958.54,7814.92,203274.0
2019-05-14,36550000,1297.03,36426414,123586,23294,97.53,0.4703,61.27,965.34,7994.42,-166010.0
2019-05-15,36510000,1296.66,36495752,14248,23345,97.57,0.4703,62.2,975.64,8205.17,123586.0
2019-05-16,36510000,1286.65,36128692,381308,23290,97.84,0.4703,63.16,975.69,7884.91,14248.0
2019-05-17,36470000,1277.55,35846519,623481,23273,98.0,0.4703,62.74,976.48,7343.9,381308.0
2019-05-18,36430000,1277.55,35846519,583481,23273,98.0,0.4703,62.74,976.48,7271.21,623481.0
2019-05-19,36430000,1277.55,35846519,583481,23273,98.0,0.4703,63.41,976.48,8197.69,583481.0
2019-05-20,36370000,1277.74,35982487,387513,23358,97.93,0.4703,63.24,987.13,7978.31,583481.0
2019-05-21,36320000,1274.97,35927539,392461,23372,98.06,0.4703,62.63,986.29,7963.33,387513.0
2019-05-22,36300000,1273.62,35889497,410503,23372,98.11,0.4703,61.2,983.78,7680.07,392461.0
2019-05-23,36330000,1283.45,35665296,664704,23049,97.85,0.4703,58.05,982.71,7881.85,410503.0
2019-05-24,36420000,1284.89,36178417,241583,23354,97.61,0.4703,58.88,970.03,7987.37,664704.0
2019-05-25,36450000,1284.89,36178417,271583,23354,97.61,0.4703,58.88,970.03,8052.54,241583.0
2019-05-26,36450000,1284.89,36178417,271583,23354,97.61,0.4703,58.66,970.03,8673.22,271583.0
2019-05-27,36450000,1285.2,35623434,826566,22990,97.61,0.4703,59.04,975.14,8805.78,271583.0
2019-05-28,36400000,1279.49,36027912,372088,23355,97.96,0.4703,58.8,972.0,8719.96,826566.0
2019-05-29,36360000,1279.6,35617859,742141,23087,98.14,0.4703,58.95,971.54,8659.49,372088.0
2019-05-30,36340000,1288.85,36310895,29105,23368,98.14,0.4703,55.79,969.34,8319.47,742141.0
2019-05-31,36500000,1305.65,36808129,-308129,23383,97.75,0.4703,53.25,959.88,8574.5,29105.0
2019-06-01,36700000,1305.65,36808129,-108129,23383,97.75,0.4703,53.25,959.88,8564.02,-308129.0
2019-06-02,36700000,1305.65,36808129,-108129,23383,97.75,0.4703,52.74,959.88,8742.96,-108129.0
2019-06-03,36810000,1325.17,36660554,149446,22946,97.14,0.4703,53.02,946.47,8209.0,-108129.0
2019-06-04,37020000,1325.28,37324459,-304459,23360,97.07,0.4703,52.98,951.16,7707.77,149446.0
2019-06-05,37150000,1330.18,37467271,-317271,23362,97.37,0.4703,51.55,951.41,7824.23,-304459.0
2019-06-06,37200000,1335.55,37638655,-438655,23375,97.03,0.4703,53.2,948.21,7822.02,-317271.0
2019-06-07,37200000,1340.7,37772479,-572479,23368,96.61,0.4703,53.98,958.28,8043.95,-438655.0
2019-06-08,37450000,1340.7,37772479,-322479,23368,96.61,0.4703,53.98,958.28,7954.13,-572479.0
2019-06-09,37450000,1340.7,37772479,-322479,23368,96.61,0.4703,54.38,958.28,7688.08,-322479.0
2019-06-10,37250000,1328.13,37408728,-158728,23362,96.76,0.4703,53.28,962.9,8000.33,-322479.0
2019-06-11,37110000,1326.91,37323171,-213171,23330,96.69,0.4703,52.77,962.07,7927.71,-158728.0
2019-06-12,37400000,1333.55,37509940,-109940,23330,97.0,0.4703,51.2,954.17,8145.86,-213171.0
2019-06-13,37400000,1342.35,37685446,-285446,23286,97.01,0.4703,52.05,950.08,8230.92,-109940.0
2019-06-14,37800000,1341.58,37663021,136979,23285,97.57,0.4703,52.47,953.61,8693.83,-285446.0
2019-06-15,37600000,1341.58,37663021,-63021,23285,97.57,0.4703,52.47,953.61,8838.38,136979.0
2019-06-16,37600000,1341.58,37663021,-63021,23285,97.57,0.4703,52.66,953.61,8994.49,-63021.0
2019-06-17,37500000,1339.54,37201188,298812,23034,97.56,0.4703,51.84,946.95,9320.35,-63021.0
2019-06-18,37700000,1346.48,37849283,-149283,23315,97.64,0.4703,54.2,944.01,9081.76,298812.0
2019-06-19,37600000,1360.27,38213957,-613957,23301,97.12,0.4703,54.41,949.69,9273.52,-149283.0
2019-06-20,38430000,1388.18,38996357,-566357,23300,96.63,0.4703,57.18,959.18,9527.16,-613957.0
2019-06-21,38650000,1399.05,39242677,-592677,23265,96.22,0.4703,57.36,959.2,10144.56,-566357.0
2019-06-22,38850000,1399.05,39242677,-392677,23265,96.22,0.4703,57.36,959.2,10701.69,-592677.0
2019-06-23,38850000,1399.05,39242677,-392677,23265,96.22,0.4703,57.61,959.2,10855.37,-392677.0
2019-06-24,38850000,1419.55,39152780,-302780,22876,95.98,0.4703,57.6,962.85,11011.1,-392677.0
2019-06-25,39400000,1423.25,39917185,-517185,23262,96.16,0.4703,58.59,960.13,11790.92,-302780.0
2019-06-26,39050000,1408.75,39527665,-477665,23273,96.21,0.4703,58.77,959.13,13016.23,-517185.0
2019-06-27,38700000,1409.68,39549341,-849341,23270,96.19,0.4703,59.17,943.11,11182.81,-477665.0
2019-06-28,38900000,1409.5,39561285,-661285,23280,96.13,0.4703,58.02,949.94,12407.33,-849341.0
2019-06-29,38900000,1409.5,39561285,-661285,23280,96.13,0.4703,58.02,949.94,11959.37,-661285.0
2019-06-30,38900000,1409.5,39561285,-661285,23280,96.13,0.4703,59.38,949.94,10817.16,-661285.0
2019-07-01,38350000,1384.31,38845917,-495917,23275,96.84,0.4703,58.58,965.61,10583.13,-661285.0
2019-07-02,38450000,1418.44,39329263,-879263,22998,96.73,0.4703,56.4,961.98,10801.68,-495917.0
2019-07-03,39150000,1418.94,39178383,-28383,22901,96.77,0.4703,57.27,960.39,11961.27,-879263.0
2019-07-04,39000000,1415.64,39622680,-622680,23215,96.77,0.4703,56.66,973.04,11215.44,-28383.0
2019-07-05,39100000,1399.95,39183529,-83529,23215,97.25,0.4703,57.61,975.34,10978.46,-622680.0
2019-07-06,38800000,1399.95,39183529,-383529,23215,97.25,0.4703,57.61,975.34,11208.55,-83529.0
2019-07-07,38800000,1399.95,39183529,-383529,23215,97.25,0.4703,57.55,975.34,11450.85,-383529.0
2019-07-08,39050000,1395.5,39037945,12055,23202,97.38,0.4703,57.34,966.35,12285.96,-383529.0
2019-07-09,38750000,1397.9,39105083,-355083,23202,97.49,0.4703,58.57,969.05,12573.81,12055.0
2019-07-10,38900000,1419.0,39695338,-795338,23202,97.1,0.4703,60.38,973.65,12156.51,-355083.0
2019-07-11,39350000,1404.0,39275726,74274,23202,97.05,0.4703,60.34,978.63,11358.66,-795338.0
2019-07-12,39150000,1415.74,39604142,-454142,23202,96.81,0.4703,60.28,975.4,11815.99,74274.0
2019-07-13,39250000,1415.74,39604142,-354142,23202,96.81,0.4703,60.28,975.4,11392.38,-454142.0
2019-07-14,39250000,1415.74,39604142,-354142,23202,96.81,0.4703,60.06,975.4,10256.06,-354142.0
2019-07-15,39300000,1414.08,39557705,-257705,23202,96.93,0.4703,59.41,972.53,10895.09,-354142.0
2019-07-16,39250000,1406.33,39279866,-29866,23166,97.4,0.4703,57.56,982.11,9477.64,-257705.0
2019-07-17,39150000,1426.8,39850748,-700748,23166,97.22,0.4703,56.53,982.57,9693.8,-29866.0
2019-07-18,39420000,1446.3,40398002,-978002,23168,96.79,0.4703,55.66,976.05,10666.48,-700748.0
2019-07-19,39900000,1425.3,39832569,67431,23180,97.15,0.4703,55.74,982.34,10530.73,-978002.0
2019-07-20,39700000,1425.3,39832569,-132569,23180,97.15,0.4703,55.74,982.34,10767.14,67431.0
2019-07-21,39700000,1425.3,39832569,-132569,23180,97.15,0.4703,56.09,982.34,10599.11,-132569.0
2019-07-22,39750000,1425.12,39348674,401326,22901,97.26,0.4703,55.95,982.04,10343.11,-132569.0
2019-07-23,39600000,1417.39,39633211,-33211,23192,97.71,0.4703,56.91,989.46,9900.77,401326.0
2019-07-24,39740000,1425.9,39841084,-101084,23175,97.73,0.4703,55.86,988.41,9811.93,-33211.0
2019-07-25,39800000,1414.53,39523394,276606,23175,97.82,0.4703,55.95,994.95,9911.84,-101084.0
2019-07-26,39620000,1418.69,39639799,-19799,23175,98.01,0.4703,56.05,993.35,9870.3,276606.0
2019-07-27,39670000,1418.69,39639799,30201,23175,98.01,0.4703,56.05,993.35,9477.68,-19799.0
2019-07-28,39670000,1418.69,39639799,30201,23175,98.01,0.4703,55.88,993.35,9552.86,30201.0
2019-07-29,39620000,1426.94,39872723,-252723,23176,98.04,0.4703,57.01,997.94,9519.15,30201.0
2019-07-30,39730000,1430.85,40034595,-304595,23207,98.05,0.4703,58.16,986.02,9607.42,-252723.0
2019-07-31,39800000,1413.8,39557543,242457,23207,98.52,0.4703,57.54,991.66,10085.63,-304595.0
2019-08-01,39440000,1445.31,40439180,-999180,23207,98.39,0.4703,54.34,997.39,10399.67,242457.0
2019-08-02,39900000,1440.7,40310194,-410194,23207,98.1,0.4703,55.12,991.1,10518.17,-999180.0
2019-08-03,39950000,1440.7,40310194,-360194,23207,98.1,0.4703,55.12,991.1,10821.73,-410194.0
2019-08-04,39950000,1440.7,40310194,-360194,23207,98.1,0.4703,55.27,991.1,10970.18,-360194.0
2019-08-05,40550000,1463.8,40956523,-406523,23207,97.5,0.4703,53.98,973.15,11805.65,-360194.0
2019-08-06,40800000,1474.27,41249469,-449469,23207,97.63,0.4703,53.31,964.61,11478.17,-406523.0
2019-08-07,41600000,1501.2,42002959,-402959,23207,97.54,0.4703,52.23,965.93,11941.97,-449469.0
2019-08-08,42250000,1500.95,41995964,254036,23207,97.62,0.4703,52.77,975.24,11966.41,-402959.0
2019-08-09,42050000,1497.24,41892160,157840,23207,97.49,0.4703,54.22,974.34,11862.94,254036.0
2019-08-10,41850000,1497.24,41892160,-42160,23207,97.49,0.4703,54.22,974.34,11354.02,157840.0
2019-08-11,41850000,1497.24,41892160,-42160,23207,97.49,0.4703,54.2,974.34,11523.58,-42160.0
2019-08-12,41700000,1511.4,42288351,-588351,23207,97.38,0.4703,54.8,975.31,11382.62,-42160.0
2019-08-13,42200000,1501.39,42008275,191725,23207,97.81,0.4703,56.76,966.83,10895.83,-588351.0
2019-08-14,41650000,1516.34,42426570,-776570,23207,97.99,0.4703,54.92,968.91,10051.7,191725.0
2019-08-15,42000000,1523.2,42618510,-618510,23207,98.14,0.4703,54.76,979.38,10311.55,-776570.0
2019-08-16,41850000,1514.15,42365295,-515295,23207,98.14,0.4703,54.88,980.0,10374.34,-618510.0
2019-08-17,41900000,1514.15,42365295,-465295,23207,98.14,0.4703,54.88,980.0,10231.74,-515295.0
2019-08-18,41900000,1514.15,42365295,-465295,23207,98.14,0.4703,55.22,980.0,10345.81,-465295.0
2019-08-19,41650000,1495.3,41837880,-187880,23207,98.35,0.4703,56.01,981.03,10916.05,-465295.0
2019-08-20,41750000,1507.1,42168039,-418039,23207,98.19,0.4703,56.23,984.67,10763.23,-187880.0
2019-08-21,41600000,1502.3,42033737,-433737,23207,98.3,0.4703,56.02,994.38,10138.05,-418039.0
2019-08-22,41730000,1498.8,41935808,-205808,23207,98.17,0.4703,55.55,997.26,10131.06,-433737.0
2019-08-23,41750000,1526.85,42720636,-970636,23207,97.64,0.4703,53.96,992.45,10407.96,-205808.0
2019-08-24,42400000,1526.85,42720636,-320636,23207,97.64,0.4703,53.96,992.45,10159.96,-970636.0
2019-08-25,42400000,1526.85,42720636,-320636,23207,97.64,0.4703,53.15,992.45,10138.52,-320636.0
2019-08-26,42800000,1526.35,41331797,1468203,22460,98.08,0.4703,53.82,982.88,10370.82,-320636.0
2019-08-27,42700000,1542.64,43162433,-462433,23207,98.0,0.4703,55.63,976.79,10185.5,1468203.0
2019-08-28,42800000,1539.1,43063386,-263386,23207,98.21,0.4703,55.88,977.26,9754.42,-462433.0
2019-08-29,42900000,1527.7,42744418,155582,23207,98.51,0.4703,56.61,978.59,9510.2,-263386.0
2019-08-30,42650000,1520.25,42535970,114030,23207,98.92,0.4703,55.17,984.06,9598.17,155582.0
2019-08-31,42600000,1520.25,42535970,64030,23207,98.92,0.4703,55.17,984.06,9630.66,114030.0
2019-09-01,42600000,1520.25,42535970,64030,23207,98.92,0.4703,54.83,984.06,9757.97,64030.0
2019-09-02,42600000,1530.59,42825279,-225279,23207,98.92,0.4703,54.69,984.06,10346.76,64030.0
2019-09-03,42650000,1547.0,43284424,-634424,23207,98.95,0.4703,53.88,979.36,10623.54,-225279.0
2019-09-04,42750000,1552.6,43441110,-691110,23207,98.45,0.4703,56.05,977.63,10594.49,-634424.0
2019-09-05,42900000,1519.35,42510789,389211,23207,98.41,0.4703,56.28,976.79,10575.53,-691110.0
2019-09-06,42450000,1506.95,42163842,286158,23207,98.39,0.4703,56.66,974.08,10353.3,389211.0
2019-09-07,42450000,1506.95,42163842,286158,23207,98.39,0.4703,56.66,974.08,10517.25,286158.0
2019-09-08,42450000,1506.95,42163842,286158,23207,98.39,0.4703,56.88,974.08,10441.28,286158.0
2019-09-09,42100000,1498.95,40890918,1209082,22626,98.28,0.4703,58.19,974.12,10334.97,286158.0
2019-09-10,41800000,1486.4,41588861,211139,23207,98.33,0.4703,57.97,970.26,10115.98,1209082.0
2019-09-11,41700000,1497.6,41902233,-202233,23207,98.65,0.4703,56.22,969.31,10178.37,211139.0
2019-09-12,41950000,1498.95,41940005,9995,23207,98.31,0.4703,55.17,976.07,10410.13,-202233.0
2019-09-13,42150000,1488.7,41653214,496786,23207,98.26,0.4703,54.84,987.22,10360.55,9995.0
2019-09-14,41900000,1488.7,41653214,246786,23207,98.26,0.4703,54.84,987.22,10358.05,496786.0
2019-09-15,41900000,1488.7,41653214,246786,23207,98.26,0.4703,61.34,987.22,10347.71,246786.0
2019-09-16,41950000,1498.8,41935808,14192,23207,98.65,0.4703,61.88,989.86,10276.79,246786.0
2019-09-17,41850000,1503.1,42056120,-206120,23207,98.26,0.4703,58.91,996.74,10241.27,14192.0
2019-09-18,41950000,1493.9,41798708,151292,23207,98.6,0.4703,58.11,995.15,10198.25,-206120.0
2019-09-19,41950000,1499.2,41947000,3000,23207,98.27,0.4703,58.87,997.1,10266.42,151292.0
2019-09-20,41950000,1517.15,42449234,-499234,23207,98.51,0.4703,58.41,990.36,10181.64,3000.0
2019-09-21,42200000,1517.15,42449234,-249234,23207,98.51,0.4703,58.41,990.36,10019.72,-499234.0
2019-09-22,42200000,1517.15,42449234,-249234,23207,98.51,0.4703,58.72,990.36,10070.39,-249234.0
2019-09-23,42280000,1522.12,42588292,-308292,23207,98.6,0.4703,58.38,985.75,9729.32,-249234.0
2019-09-24,42350000,1532.3,42873124,-523124,23207,98.34,0.4703,56.83,988.13,8620.57,-308292.0
2019-09-25,42600000,1504.15,42085499,514501,23207,99.04,0.4703,56.74,987.3,8486.99,-523124.0
2019-09-26,42250000,1505.8,42131665,118335,23207,99.21,0.4703,56.3,990.75,8118.97,514501.0
2019-09-27,42000000,1496.94,41883766,116234,23207,99.11,0.4703,56.17,997.84,8251.85,118335.0
2019-09-28,42000000,1496.94,41883766,116234,23207,99.11,0.4703,56.17,997.84,8245.92,116234.0
2019-09-29,42000000,1496.94,41883766,116234,23207,99.11,0.4703,56.08,997.84,8104.19,116234.0
2019-09-30,41800000,1472.25,40532818,1267182,22835,99.38,0.4703,54.26,996.56,8293.87,116234.0
2019-10-01,41250000,1478.98,41381253,-131253,23207,99.13,0.4703,54.05,999.59,8343.28,1267182.0
2019-10-02,41550000,1499.51,41156407,393593,22765,99.04,0.4703,52.52,991.19,8393.04,-131253.0
2019-10-03,41950000,1505.0,41290939,659061,22756,98.86,0.4703,52.38,989.67,8259.99,393593.0
2019-10-04,42050000,1504.6,42098090,-48090,23207,98.81,0.4703,53.0,987.59,8205.94,659061.0
2019-10-05,42050000,1504.6,42098090,-48090,23207,98.81,0.4703,53.0,987.59,8151.5,-48090.0
2019-10-06,42050000,1504.6,42098090,-48090,23207,98.81,0.4703,52.64,987.59,7988.16,-48090.0
2019-10-07,41950000,1493.6,41156804,793196,22855,98.99,0.4703,52.95,983.09,8245.62,-48090.0
2019-10-08,41850000,1505.51,42123551,-273551,23207,99.14,0.4703,52.41,988.22,8228.78,793196.0
2019-10-09,42040000,1505.7,42128867,-88867,23207,99.12,0.4703,52.2,987.83,8595.74,-273551.0
2019-10-10,42050000,1494.3,41809900,240100,23207,98.71,0.4703,53.92,987.38,8586.47,-88867.0
2019-10-11,42020000,1489.85,41685391,334609,23207,98.3,0.4703,54.89,991.84,8321.76,240100.0
2019-10-12,41800000,1489.85,41685391,114609,23207,98.3,0.4703,54.89,991.84,8336.56,334609.0
2019-10-13,41800000,1489.85,41685391,114609,23207,98.3,0.4703,54.8,991.84,8321.01,114609.0
2019-10-14,41830000,1492.9,41115150,714850,22843,98.45,0.4703,53.55,993.57,8374.69,114609.0
2019-10-15,41740000,1481.17,41442528,297472,23207,98.29,0.4703,52.99,993.05,8205.37,714850.0
2019-10-16,41690000,1489.77,41683152,6848,23207,98.01,0.4703,52.81,994.46,8047.53,297472.0
2019-10-17,41700000,1491.89,41742469,-42469,23207,97.61,0.4703,53.95,989.82,8103.91,6848.0
2019-10-18,41750000,1490.1,41692386,57614,23207,97.28,0.4703,53.73,989.2,7973.21,-42469.0
2019-10-19,41750000,1490.1,41692386,57614,23207,97.28,0.4703,53.73,989.2,7988.56,57614.0
2019-10-20,41750000,1490.1,41692386,57614,23207,97.28,0.4703,53.56,989.2,8222.08,57614.0
2019-10-21,41770000,1484.5,41535700,234300,23207,97.33,0.4703,53.39,983.56,8243.72,57614.0
2019-10-22,41720000,1488.05,41635028,84972,23207,97.53,0.4703,54.05,987.19,8078.2,234300.0
2019-10-23,41820000,1492.1,41748345,71655,23207,97.47,0.4703,55.59,987.79,7514.67,84972.0
2019-10-24,41760000,1503.65,42071509,-311509,23207,97.63,0.4703,55.95,993.6,7493.49,71655.0
2019-10-25,41930000,1504.73,42101727,-171727,23207,97.83,0.4703,56.49,996.57,8660.7,-311509.0
2019-10-26,41950000,1504.73,42101727,-151727,23207,97.83,0.4703,56.49,996.57,9244.97,-171727.0
2019-10-27,41950000,1504.73,42101727,-151727,23207,97.83,0.4703,56.56,996.57,9551.71,-151727.0
2019-10-28,41980000,1492.69,41764853,215147,23207,97.76,0.4703,55.7,996.48,9256.15,-151727.0
2019-10-29,41910000,1487.6,41622437,287563,23207,97.69,0.4703,55.36,995.87,9427.69,215147.0
2019-10-30,41810000,1495.4,41840678,-30678,23207,97.65,0.4703,54.76,1000.89,9205.73,287563.0
2019-10-31,41960000,1513.36,42343191,-383191,23207,97.35,0.4703,53.97,998.82,9199.58,-30678.0
2019-11-01,42140000,1513.95,42359699,-219699,23207,97.24,0.4703,56.05,1015.59,9261.1,-383191.0
2019-11-02,42160000,1513.95,42359699,-199699,23207,97.24,0.4703,56.05,1015.59,9324.72,-219699.0
2019-11-03,42160000,1513.95,42359699,-199699,23207,97.24,0.4703,56.11,1015.59,9235.35,-199699.0
2019-11-04,42050000,1509.63,42238827,-188827,23207,97.51,0.4703,56.48,1022.43,9412.61,-199699.0
2019-11-05,41980000,1484.1,41524508,455492,23207,97.98,0.4703,57.01,1024.34,9342.53,-188827.0
2019-11-06,41840000,1490.46,41702458,137542,23207,97.95,0.4703,56.24,1024.91,9360.88,455492.0
2019-11-07,41870000,1468.07,41075995,794005,23207,98.14,0.4703,56.88,1024.03,9267.56,137542.0
2019-11-08,41650000,1458.66,40812707,837293,23207,98.35,0.4703,57.36,1022.49,8804.88,794005.0
2019-11-09,41540000,1458.66,40812707,727293,23207,98.35,0.4703,57.36,1022.49,8813.58,837293.0
2019-11-10,41540000,1458.66,40812707,727293,23207,98.35,0.4703,57.06,1022.49,9055.53,727293.0
2019-11-11,41560000,1455.9,40735484,824516,23207,98.2,0.4703,56.59,1016.75,8757.79,727293.0
2019-11-12,41340000,1457.19,40771577,568423,23207,98.31,0.4703,56.62,1018.33,8815.66,824516.0
2019-11-13,41420000,1463.19,40939455,480545,23207,98.37,0.4703,57.38,1012.77,8808.26,568423.0
2019-11-14,41500000,1471.2,41163571,336429,23207,98.16,0.4703,56.95,1012.3,8708.09,480545.0
2019-11-15,41480000,1467.37,41056410,423590,23207,98.0,0.4703,57.86,1010.03,8491.99,336429.0
2019-11-16,41520000,1467.37,41056410,463590,23207,98.0,0.4703,57.86,1010.03,8550.76,423590.0
2019-11-17,41520000,1467.37,41056410,463590,23207,98.0,0.4703,57.73,1010.03,8577.98,463590.0
2019-11-18,41410000,1470.85,40436901,973099,22803,97.79,0.4703,56.91,1002.91,8309.29,463590.0
2019-11-19,41480000,1472.38,41196587,283413,23207,97.86,0.4703,55.26,1008.35,8206.15,973099.0
2019-11-20,41640000,1471.25,41164970,475030,23207,97.93,0.4703,56.88,1000.56,8027.27,283413.0
2019-11-21,41630000,1464.4,40973310,656690,23207,97.99,0.4703,58.26,987.89,7642.75,475030.0
2019-11-22,41620000,1462.29,40914273,705727,23207,98.27,0.4703,57.84,977.78,7296.58,656690.0
2019-11-23,41520000,1462.29,40914273,605727,23207,98.27,0.4703,57.84,977.78,7397.8,705727.0
2019-11-24,41520000,1462.29,40914273,605727,23207,98.27,0.4703,57.92,977.78,7047.92,605727.0
2019-11-25,41400000,1454.97,40709463,690537,23207,98.32,0.4703,57.87,976.35,7146.13,605727.0
2019-11-26,41400000,1461.6,40894967,505033,23207,98.25,0.4703,58.2,976.79,7218.37,690537.0
2019-11-27,41400000,1454.35,40692115,707885,23207,98.41,0.4703,57.91,978.17,7531.66,505033.0
2019-11-28,41330000,1458.34,40803754,526246,23207,98.41,0.4703,58.01,970.39,7463.11,707885.0
2019-11-29,41400000,1464.8,40984502,415498,23207,98.27,0.4703,55.36,970.75,7761.24,526246.0
2019-11-30,41470000,1464.8,40984502,485498,23207,98.27,0.4703,55.36,970.75,7569.63,415498.0
2019-12-01,41470000,1464.8,40984502,485498,23207,98.27,0.4703,55.76,970.75,7424.29,485498.0
2019-12-02,41350000,1462.44,40150630,1199370,22772,97.86,0.4703,55.99,959.31,7321.99,485498.0
2019-12-03,41440000,1477.34,41335366,104634,23207,97.74,0.4703,56.37,953.43,7320.15,1199370.0
2019-12-04,41580000,1474.35,41251707,328293,23207,97.65,0.4703,58.38,965.9,7252.03,104634.0
2019-12-05,41580000,1475.7,41225429,354571,23171,97.41,0.4703,58.31,963.27,7448.31,328293.0
2019-12-06,41550000,1459.76,40780126,769874,23171,97.7,0.4703,59.11,963.56,7547.0,354571.0
2019-12-07,41450000,1459.76,40780126,669874,23171,97.7,0.4703,59.11,963.56,7556.24,769874.0
2019-12-08,41450000,1459.76,40780126,669874,23171,97.7,0.4703,58.94,963.56,7564.35,669874.0
2019-12-09,41420000,1461.99,40842424,577576,23171,97.64,0.4703,58.84,966.06,7400.9,669874.0
2019-12-10,41450000,1464.21,40904442,545558,23171,97.41,0.4703,59.06,960.3,7278.12,577576.0
2019-12-11,41440000,1474.85,41201683,238317,23171,97.16,0.4703,58.91,961.78,7217.43,545558.0
2019-12-12,41530000,1469.43,41050269,479731,23171,97.4,0.4703,59.56,968.17,7243.13,238317.0
2019-12-13,41520000,1475.81,41228502,291498,23171,97.17,0.4703,59.78,966.18,7269.68,479731.0
2019-12-14,41530000,1475.81,41228502,301498,23171,97.17,0.4703,59.78,966.18,7124.67,291498.0
2019-12-15,41530000,1475.81,41228502,301498,23171,97.17,0.4703,59.76,966.18,7152.3,301498.0
2019-12-16,41600000,1476.25,41240794,359206,23171,97.07,0.4703,60.12,961.47,6932.48,301498.0
2019-12-17,41630000,1476.45,41246381,383619,23171,97.21,0.4703,60.55,954.03,6640.52,359206.0
2019-12-18,41640000,1475.44,41218166,421834,23171,97.41,0.4703,60.88,951.13,7276.8,383619.0
2019-12-19,41580000,1479.15,41321809,258191,23171,97.42,0.4703,61.14,952.26,7202.84,421834.0
2019-12-20,41630000,1478.2,41295270,334730,23171,97.71,0.4703,60.44,956.41,7218.82,258191.0
2019-12-21,41650000,1478.2,41295270,354730,23171,97.71,0.4703,60.44,956.41,7191.16,334730.0
2019-12-22,41650000,1478.2,41295270,354730,23171,97.71,0.4703,60.51,956.41,7511.59,354730.0
2019-12-23,41740000,1485.52,41499762,240238,23171,97.66,0.4703,60.64,959.43,7355.63,354730.0
2019-12-24,41890000,1499.56,41891986,-1986,23171,97.65,0.4703,61.16,958.88,7322.53,240238.0
2019-12-25,42120000,1499.55,41891707,228293,23171,97.65,0.4703,61.16,960.92,7275.16,-1986.0
2019-12-26,42200000,1511.55,42226941,-26941,23171,97.59,0.4703,61.73,958.59,7238.97,228293.0
2019-12-27,42370000,1510.67,42202357,167643,23171,96.92,0.4703,61.74,963.51,7290.09,-26941.0
2019-12-28,42450000,1510.67,42202357,247643,23171,96.92,0.4703,61.74,963.51,7317.99,167643.0
2019-12-29,42450000,1510.67,42202357,247643,23171,96.92,0.4703,61.77,963.51,7422.65,247643.0
2019-12-30,42530000,1515.22,42329467,200533,23171,96.74,0.4703,61.69,965.03,7293.0,247643.0
2019-12-31,42750000,1517.39,42390089,359911,23171,96.39,0.4703,61.22,960.99,7193.6,200533.0
2020-01-01,42750000,1517.3,42387574,362426,23171,96.39,0.4703,61.22,960.99,7200.17,359911.0
2020-01-02,42640000,1528.94,42712752,-72752,23171,96.85,0.4703,61.19,966.67,6985.47,362426.0
2020-01-03,43030000,1551.65,43347182,-317182,23171,96.84,0.4703,63.1,965.14,7344.88,-72752.0
2020-01-04,43300000,1551.65,43347182,-47182,23171,96.84,0.4703,63.1,965.14,7410.66,-317182.0
2020-01-05,43300000,1551.65,43347182,-47182,23171,96.84,0.4703,63.89,965.14,7411.32,-47182.0
2020-01-06,44450000,1565.96,43746949,703051,23171,96.67,0.4703,62.99,955.79,7769.22,-47182.0
2020-01-07,44000000,1573.99,43971277,28723,23171,96.98,0.4703,64.92,958.88,8163.69,703051.0
2020-01-08,44500000,1555.81,43463397,1036603,23171,97.3,0.4703,59.97,948.98,8079.86,28723.0
2020-01-09,43450000,1552.37,43367296,82704,23171,97.45,0.4703,59.55,960.15,7879.07,1036603.0
2020-01-10,43350000,1562.28,43644144,-294144,23171,97.36,0.4703,59.17,968.54,8166.55,82704.0
2020-01-11,43650000,1562.28,43644144,5856,23171,97.36,0.4703,59.17,968.54,8037.54,-294144.0
2020-01-12,43650000,1562.28,43644144,5856,23171,97.36,0.4703,58.94,968.54,8192.49,5856.0
2020-01-13,43300000,1548.3,42489535,810465,22762,97.35,0.4703,58.12,965.84,8144.19,5856.0
2020-01-14,43250000,1546.37,43199679,50321,23171,97.37,0.4703,58.09,967.0,8827.76,810465.0
2020-01-15,43300000,1556.19,43474013,-174013,23171,97.23,0.4703,58.12,967.56,8807.01,50321.0
2020-01-16,43350000,1552.79,43379030,-29030,23171,97.32,0.4703,58.61,974.31,8723.79,-174013.0
2020-01-17,43450000,1556.61,43485746,-35746,23171,97.61,0.4703,58.77,978.96,8929.04,-29030.0
2020-01-18,43550000,1556.61,43485746,64254,23171,97.61,0.4703,58.77,978.96,8942.81,-35746.0
2020-01-19,43550000,1556.61,43485746,64254,23171,97.61,0.4703,59.22,978.96,8706.25,64254.0
2020-01-20,43850000,1561.58,43624589,225411,23171,97.61,0.4703,58.67,978.63,8657.64,64254.0
2020-01-21,43850000,1558.02,43525136,324864,23171,97.53,0.4703,58.26,986.37,8745.89,225411.0
2020-01-22,43750000,1558.91,43549999,200001,23171,97.53,0.4703,56.09,991.46,8680.88,324864.0
2020-01-23,43750000,1563.33,43673477,76523,23171,97.69,0.4703,55.62,991.46,8406.52,200001.0
2020-01-24,43750000,1570.65,43877970,-127970,23171,97.85,0.4703,54.13,991.46,8445.43,76523.0
2020-01-25,43750000,1570.65,43877970,-127970,23171,97.85,0.4703,54.13,991.46,8367.85,-127970.0
2020-01-26,43750000,1570.65,43877970,-127970,23171,97.85,0.4703,52.56,991.46,8596.83,-127970.0
2020-01-27,43750000,1581.95,44193649,-443649,23171,97.96,0.4703,52.91,991.46,8909.82,-127970.0
2020-01-28,43750000,1566.24,43754771,-4771,23171,98.02,0.4703,53.74,991.46,9358.59,-443649.0
2020-01-29,43750000,1577.12,44058717,-308717,23171,97.99,0.4703,53.09,991.46,9316.63,-4771.0
2020-01-30,44600000,1574.22,43977702,622298,23171,97.87,0.4703,52.84,959.58,9508.99,-308717.0
2020-01-31,44650000,1590.2,44445212,204788,23182,97.39,0.4703,51.57,936.62,9350.53,622298.0
2020-02-01,44950000,1590.2,44445212,504788,23182,97.39,0.4703,51.57,936.62,9392.88,204788.0
2020-02-02,44850000,1590.2,44445212,404788,23182,97.39,0.4703,51.02,936.62,9344.37,504788.0
2020-02-03,44500000,1576.45,44060907,439093,23182,97.8,0.4703,49.88,928.14,9293.52,404788.0
2020-02-04,43950000,1552.55,43392915,557085,23182,97.96,0.4703,49.58,929.09,9180.96,439093.0
2020-02-05,43900000,1556.7,43612132,287868,23237,98.27,0.4703,51.2,925.91,9613.42,557085.0
2020-02-06,43950000,1566.85,43896491,53509,23237,98.5,0.4703,51.41,938.54,9729.8,287868.0
2020-02-07,44000000,1570.29,43992866,7134,23237,98.68,0.4703,50.34,940.75,9795.94,53509.0
2020-02-08,44200000,1570.29,43992866,207134,23237,98.68,0.4703,50.34,940.75,9865.12,7134.0
2020-02-09,44200000,1570.29,43992866,207134,23237,98.68,0.4703,49.74,940.75,10116.67,207134.0
2020-02-10,44350000,1572.3,44049177,300823,23237,98.83,0.4703,49.78,930.73,9856.61,207134.0
2020-02-11,44200000,1567.72,43920865,279135,23237,98.72,0.4703,50.12,934.67,10208.24,300823.0
2020-02-12,44200000,1565.63,43862312,337688,23237,99.05,0.4703,51.45,937.68,10326.05,279135.0
2020-02-13,44300000,1576.39,44163762,136238,23237,99.07,0.4703,51.39,938.24,10214.38,337688.0
2020-02-14,44250000,1584.7,44396573,-146573,23237,99.12,0.4703,52.2,937.45,10312.12,136238.0
2020-02-15,44400000,1584.7,44396573,3427,23237,99.12,0.4703,52.2,937.45,9889.42,-146573.0
2020-02-16,44400000,1584.7,44396573,3427,23237,99.12,0.4703,52.11,937.45,9934.43,3427.0
2020-02-17,44450000,1581.1,44295716,154284,23237,99.12,0.4703,51.95,934.77,9690.14,3427.0
2020-02-18,44630000,1601.91,44878724,-248724,23237,99.46,0.4703,52.16,927.93,10142.0,154284.0
2020-02-19,45050000,1611.64,45147431,-97431,23235,99.6,0.4703,53.53,928.76,9633.39,-248724.0
2020-02-20,45000000,1619.7,45373219,-373219,23235,99.87,0.4703,53.26,938.13,9608.48,-97431.0
2020-02-21,45650000,1643.7,46045539,-395539,23235,99.26,0.4703,53.22,933.09,9686.44,-373219.0
2020-02-22,46050000,1643.7,46045539,4461,23235,99.26,0.4703,53.22,933.09,9663.18,-395539.0
2020-02-23,46050000,1643.7,46045539,4461,23235,99.26,0.4703,51.87,933.09,9924.52,4461.0
2020-02-24,49000000,1660.72,46522326,2477674,23235,99.29,0.4703,51.27,903.34,9650.17,4461.0
2020-02-25,47400000,1635.38,45812468,1587532,23235,98.97,0.4703,50.01,909.67,9341.71,2477674.0
2020-02-26,46950000,1639.96,45940769,1009231,23235,99.0,0.4703,48.26,895.97,8820.52,1587532.0
2020-02-27,46700000,1642.35,46017622,682378,23240,98.44,0.4703,46.66,898.44,8784.49,1009231.0
2020-02-28,46500000,1585.12,44414073,2085927,23240,98.13,0.4703,45.13,882.19,8672.46,682378.0
2020-02-29,45800000,1585.12,44414073,1385927,23240,98.13,0.4703,45.13,882.19,8599.51,2085927.0
2020-03-01,45800000,1585.12,44414073,1385927,23240,98.13,0.4703,44.45,882.19,8562.45,1385927.0
2020-03-02,46450000,1590.73,44559754,1890246,23234,97.36,0.4703,47.8,884.43,8869.67,1385927.0
2020-03-03,46400000,1639.77,45933470,466530,23234,97.15,0.4703,46.91,890.61,8787.79,1890246.0
2020-03-04,47000000,1635.83,45823102,1176898,23234,97.34,0.4703,47.23,889.37,8755.25,466530.0
2020-03-05,46950000,1670.61,46736939,213061,23204,96.82,0.4703,46.12,893.31,9078.76,1176898.0
2020-03-06,47300000,1674.23,46838212,461788,23204,95.95,0.4703,41.53,891.44,9122.55,213061.0
2020-03-07,47300000,1674.23,46838212,461788,23204,95.95,0.4703,41.53,891.44,8909.95,461788.0
2020-03-08,47300000,1674.23,46838212,461788,23204,95.95,0.4703,32.45,891.44,8108.12,461788.0
2020-03-09,47850000,1680.2,47005228,844772,23204,94.9,0.4703,32.38,835.49,7923.64,461788.0
2020-03-10,47550000,1649.36,46142449,1407551,23204,96.41,0.4703,34.01,837.5,7909.73,844772.0
2020-03-11,47450000,1635.03,45741554,1708446,23204,96.51,0.4703,33.09,811.35,7911.43,1407551.0
2020-03-12,47500000,1577.09,44120626,3379374,23204,97.47,0.4703,31.02,769.25,4970.79,1708446.0
2020-03-13,47000000,1529.7,42794845,4205155,23204,98.75,0.4703,32.98,761.78,5563.71,3379374.0
2020-03-14,47000000,1529.7,42794845,4205155,23204,98.75,0.4703,32.98,761.78,5200.37,4205155.0
2020-03-15,47000000,1529.7,42794845,4205155,23204,98.75,0.4703,30.45,761.78,5392.31,4205155.0
2020-03-16,47000000,1514.61,42372687,4627313,23204,98.09,0.4703,29.13,747.86,5014.48,4205155.0
2020-03-17,47000000,1528.58,42763511,4236489,23204,99.58,0.4703,26.48,745.78,5225.63,4627313.0
2020-03-18,47000000,1486.3,41652366,5347634,23244,101.16,0.4703,23.57,747.66,5238.44,4236489.0
2020-03-19,46600000,1471.0,41223596,5376404,23244,102.76,0.4703,26.0,725.94,6191.19,5347634.0
2020-03-20,46650000,1498.24,41986975,4663025,23244,102.82,0.4703,23.2,709.73,6198.78,5376404.0
2020-03-21,46550000,1498.24,41986975,4563025,23244,102.82,0.4703,23.2,709.73,6185.07,4663025.0
2020-03-22,46550000,1498.24,41986975,4563025,23244,102.82,0.4703,21.23,709.73,5830.25,4563025.0
2020-03-23,46500000,1553.81,43544279,2955721,23244,102.49,0.4703,24.05,666.59,6416.31,4563025.0
2020-03-24,47200000,1622.03,45456090,1743910,23244,101.74,0.4703,24.25,659.21,6734.8,2955721.0
2020-03-25,47350000,1613.79,45225171,2124829,23244,101.05,0.4703,23.89,690.25,6681.06,1743910.0
2020-03-26,47450000,1632.38,45746141,1703859,23244,99.42,0.4703,22.77,694.21,6716.44,2124829.0
2020-03-27,47750000,1623.5,45497286,2252714,23244,98.37,0.4703,21.53,696.06,6469.8,1703859.0
2020-03-28,47900000,1623.5,45497286,2402714,23244,98.37,0.4703,21.53,696.06,6242.19,2252714.0
2020-03-29,47900000,1623.5,45497286,2402714,23244,98.37,0.4703,20.05,696.06,5922.04,2402714.0
2020-03-30,48350000,1623.3,45034372,3315628,23010,99.18,0.4703,20.27,662.26,6429.84,2402714.0
2020-03-31,48200000,1571.31,44767857,3432143,23631,99.05,0.4703,20.05,662.53,6438.64,3315628.0
2020-04-01,48050000,1595.05,45444228,2605772,23631,99.67,0.4703,21.02,680.23,6606.78,3432143.0
2020-04-02,48050000,1613.79,45978145,2071855,23631,100.18,0.4703,24.46,680.23,6793.62,2605772.0
2020-04-03,48050000,1618.45,46110913,1939087,23631,100.58,0.4703,28.5,701.8,6733.39,2071855.0
2020-04-04,48050000,1618.45,46110913,1939087,23631,100.58,0.4703,28.5,701.8,6867.53,1939087.0
2020-04-05,48050000,1618.45,46110913,1939087,23631,100.58,0.4703,26.13,701.8,6791.13,1939087.0
2020-04-06,48100000,1663.0,47380177,719823,23631,100.69,0.4703,26.75,736.75,7271.78,1939087.0
2020-04-07,48100000,1648.95,46979882,1120118,23631,99.98,0.4703,24.45,746.69,7176.41,719823.0
2020-04-08,48000000,1646.52,46910649,1089351,23631,100.12,0.4703,26.23,748.02,7334.1,1120118.0
2020-04-09,48100000,1684.07,47980478,119522,23631,99.52,0.4703,23.05,760.33,7302.09,1089351.0
2020-04-10,48250000,1689.9,48146579,103421,23631,99.52,0.4703,23.05,757.94,6865.49,119522.0
2020-04-11,48250000,1689.9,48146579,103421,23631,99.52,0.4703,23.05,757.94,6859.08,103421.0
2020-04-12,48250000,1689.9,48146579,103421,23631,99.52,0.4703,23.12,757.94,6971.09,103421.0
2020-04-13,48400000,1714.32,48842324,-442324,23631,99.35,0.4703,22.8,765.79,6845.04,103421.0
2020-04-14,48550000,1729.7,49280512,-730512,23631,98.89,0.4703,20.79,767.41,6842.43,-442324.0
2020-04-15,48300000,1716.6,48530612,-230612,23449,99.46,0.4703,20.25,777.22,6642.11,-730512.0
2020-04-16,48350000,1718.4,48564926,-214926,23441,100.03,0.4703,19.88,780.7,7116.8,-230612.0
2020-04-17,48250000,1684.69,47612223,637777,23441,99.78,0.4703,18.16,789.6,7096.18,-214926.0
2020-04-18,48250000,1684.69,47612223,637777,23441,99.78,0.4703,18.16,789.6,7257.67,637777.0
2020-04-19,48250000,1684.69,47612223,637777,23441,99.78,0.4703,17.05,789.6,7189.42,637777.0
2020-04-20,48000000,1694.12,46922572,1077428,22973,99.96,0.4703,11.96,794.97,6881.96,637777.0
2020-04-21,48150000,1687.02,47678073,471927,23441,100.26,0.4703,7.98,766.84,6880.32,1077428.0
2020-04-22,48150000,1714.82,48463749,-313749,23441,100.39,0.4703,8.05,768.92,7117.21,471927.0
2020-04-23,48450000,1731.59,48937698,-487698,23441,100.43,0.4703,8.21,773.91,7429.72,-313749.0
2020-04-24,48500000,1729.43,48876652,-376652,23441,100.38,0.4703,7.99,776.66,7550.9,-487698.0
2020-04-25,48550000,1729.43,48876652,-326652,23441,100.38,0.4703,7.99,776.66,7569.94,-376652.0
2020-04-26,48550000,1729.43,48876652,-326652,23441,100.38,0.4703,8.07,776.66,7679.87,-326652.0
2020-04-27,48550000,1715.57,48484945,65055,23441,100.04,0.4703,7.79,770.77,7795.6,-326652.0
2020-04-28,48600000,1708.63,48288809,311191,23441,99.87,0.4703,7.79,767.21,7807.06,65055.0
2020-04-29,48500000,1712.38,48400984,99016,23444,99.57,0.4703,8.16,769.11,8801.04,311191.0
2020-04-30,48500000,1685.05,47628492,871508,23444,99.02,0.4703,8.62,769.11,8658.55,99016.0
2020-05-01,48500000,1700.41,48062648,437352,23444,98.8,0.4703,8.31,769.11,8864.77,871508.0
2020-05-02,48500000,1700.41,48062648,437352,23444,98.8,0.4703,8.31,769.11,8988.6,437352.0
2020-05-03,48500000,1700.41,48062648,437352,23444,98.8,0.4703,8.27,769.11,8897.47,437352.0
2020-05-04,48500000,1701.69,48098827,401173,23444,99.48,0.4703,8.73,762.47,8912.65,437352.0
2020-05-05,48450000,1707.17,48253721,196279,23444,99.71,0.4703,9.68,764.16,9003.07,401173.0
2020-05-06,48450000,1685.88,47651953,798047,23444,100.09,0.4703,9.11,782.59,9268.76,196279.0
2020-05-07,48250000,1717.94,48558139,-308139,23444,99.89,0.4703,9.12,796.54,9951.52,798047.0
2020-05-08,48400000,1702.65,48125962,274038,23444,99.73,0.4703,9.61,813.73,9842.67,-308139.0
2020-05-09,48250000,1702.65,48125962,124038,23444,99.73,0.4703,9.61,813.73,9593.9,274038.0
2020-05-10,48250000,1702.65,48125962,124038,23444,99.73,0.4703,9.71,813.73,8756.43,124038.0
2020-05-11,48250000,1697.35,47884067,365933,23399,100.24,0.4703,9.46,828.33,8601.8,124038.0
2020-05-12,48670000,1702.72,48035561,634439,23399,99.93,0.4703,9.38,835.32,8804.48,365933.0
2020-05-13,48400000,1715.99,48275444,124556,23334,100.24,0.4703,9.41,834.21,9269.99,634439.0
2020-05-14,48550000,1730.65,48687869,-137869,23334,100.47,0.4703,9.79,832.4,9733.72,124556.0
2020-05-15,48670000,1743.0,49035308,-365308,23334,100.4,0.4703,10.17,827.03,9328.2,-137869.0
2020-05-16,48750000,1743.0,49035308,-285308,23334,100.4,0.4703,10.17,827.03,9377.01,-365308.0
2020-05-17,48750000,1743.0,49035308,-285308,23334,100.4,0.4703,10.46,827.03,9670.74,-285308.0
2020-05-18,49400000,1732.32,48734851,665149,23334,99.67,0.4703,11.21,837.01,9726.58,-285308.0
2020-05-19,49030000,1745.11,49094668,-64668,23334,99.37,0.4703,11.0,845.92,9729.04,665149.0
2020-05-20,49100000,1749.5,49218171,-118171,23334,99.12,0.4703,11.5,852.91,9522.98,-64668.0
2020-05-21,48950000,1726.34,48566617,383383,23334,99.37,0.4703,11.75,862.73,9081.76,-118171.0
2020-05-22,48950000,1736.07,48840349,109651,23334,99.86,0.4703,11.63,852.74,9182.58,383383.0
2020-05-23,48900000,1736.07,48840349,59651,23334,99.86,0.4703,11.63,852.74,9209.29,109651.0
2020-05-24,48900000,1736.07,48840349,59651,23334,99.86,0.4703,11.66,852.74,8790.37,59651.0
2020-05-25,48900000,1729.57,48657486,242514,23334,99.86,0.4703,12.02,859.04,8906.93,59651.0
2020-05-26,48850000,1712.45,48175854,674146,23334,98.91,0.4703,12.18,869.13,8835.05,242514.0
2020-05-27,48700000,1709.25,48040493,659507,23312,99.06,0.4703,11.59,857.48,9181.02,674146.0
2020-05-28,48800000,1719.4,48325770,474230,23312,98.38,0.4703,12.07,861.39,9525.75,659507.0
2020-05-29,48870000,1728.3,48569664,300336,23309,98.34,0.4703,12.67,864.47,9439.12,474230.0
2020-05-30,48900000,1728.3,48569664,330336,23309,98.34,0.4703,12.67,864.47,9700.41,300336.0
2020-05-31,48900000,1728.3,48569664,330336,23309,98.34,0.4703,12.77,864.47,9461.06,330336.0
2020-06-01,49000000,1740.34,48847170,152830,23280,97.83,0.4703,12.93,878.67,10167.27,330336.0
2020-06-02,48970000,1727.97,48466640,503360,23264,97.67,0.4703,13.48,874.8,9529.8,152830.0
2020-06-03,48830000,1698.63,47643703,1186297,23264,97.28,0.4703,13.59,881.17,9656.72,503360.0
2020-06-04,48800000,1711.84,48014221,785779,23264,96.68,0.4703,13.77,883.9,9800.64,1186297.0
2020-06-05,48820000,1685.83,47284685,1535315,23264,96.94,0.4703,14.33,886.22,9665.53,785779.0
2020-06-06,48650000,1685.83,47284685,1365315,23264,96.94,0.4703,14.33,886.22,9653.68,1535315.0
2020-06-07,48650000,1685.83,47284685,1365315,23264,96.94,0.4703,14.98,886.22,9758.85,1365315.0
2020-06-08,48700000,1695.47,47555070,1144930,23264,96.62,0.4703,14.46,899.92,9771.49,1365315.0
2020-06-09,48720000,1714.57,48090793,629207,23264,96.32,0.4703,14.45,899.43,9795.7,1144930.0
2020-06-10,48770000,1737.1,48722722,47278,23264,95.96,0.4703,14.62,900.0,9870.09,629207.0
2020-06-11,48800000,1727.51,48453738,346262,23264,96.73,0.4703,13.71,867.37,9321.78,47278.0
2020-06-12,48800000,1730.8,48546017,253983,23264,97.32,0.4703,14.12,863.52,9480.84,346262.0
2020-06-13,48770000,1730.8,48546017,223983,23264,97.32,0.4703,14.12,863.52,9475.28,253983.0
2020-06-14,48770000,1730.8,48546017,223983,23264,97.32,0.4703,13.96,863.52,9386.79,223983.0
2020-06-15,48720000,1725.53,48398203,321797,23264,96.68,0.4703,14.7,832.47,9450.7,223983.0
2020-06-16,48670000,1727.46,48452336,217664,23264,96.96,0.4703,14.96,856.13,9538.02,321797.0
2020-06-17,48600000,1727.04,48440556,159444,23264,97.16,0.4703,14.93,854.44,9480.25,217664.0
2020-06-18,48610000,1722.99,48326960,283040,23264,97.42,0.4703,15.54,855.27,9411.84,159444.0
2020-06-19,48720000,1743.62,48905597,-185597,23264,97.62,0.4703,15.61,868.56,9288.02,283040.0
2020-06-20,48850000,1743.62,48905597,-55597,23264,97.62,0.4703,15.61,868.56,9332.34,-185597.0
2020-06-21,48850000,1743.62,48905597,-55597,23264,97.62,0.4703,15.91,868.56,9303.63,-55597.0
2020-06-22,48900000,1755.44,49237128,-337128,23264,97.04,0.4703,16.46,871.28,9648.72,-55597.0
2020-06-23,49030000,1767.54,49576512,-546512,23264,96.69,0.4703,16.28,868.2,9629.66,-337128.0
2020-06-24,49240000,1762.43,49433185,-193185,23264,97.15,0.4703,15.62,859.71,9313.61,-546512.0
2020-06-25,49200000,1761.82,49416076,-216076,23264,97.43,0.4703,16.09,854.59,9264.81,-193185.0
2020-06-26,49200000,1771.47,49686742,-486742,23264,97.5,0.4703,15.87,851.98,9162.92,-216076.0
2020-06-27,49270000,1771.47,49686742,-416742,23264,97.5,0.4703,15.87,851.98,9045.39,-486742.0
2020-06-28,49270000,1771.47,49686742,-416742,23264,97.5,0.4703,15.96,851.98,9143.58,-416742.0
2020-06-29,49320000,1772.28,49594076,-274076,23210,97.54,0.4703,16.64,829.36,9190.85,-416742.0
2020-06-30,49390000,1781.66,49972554,-582554,23264,97.39,0.4703,16.73,825.11,9137.99,-274076.0
2020-07-01,49850000,1770.32,49654486,195514,23264,97.2,0.4703,16.86,843.49,9228.33,-582554.0
2020-07-02,49640000,1776.13,49817447,-177447,23264,97.32,0.4703,17.25,842.38,9123.41,195514.0
2020-07-03,49850000,1775.05,49654469,195531,23202,97.32,0.4703,17.38,847.61,9087.3,-177447.0
2020-07-04,49880000,1775.05,49654469,225531,23202,97.32,0.4703,17.38,847.61,9132.49,195531.0
2020-07-05,49880000,1775.05,49654469,225531,23202,97.32,0.4703,17.68,847.61,9073.94,225531.0
2020-07-06,50020000,1783.9,49895583,124417,23199,96.79,0.4703,17.89,861.16,9375.47,225531.0
2020-07-07,50150000,1795.26,50217650,-67650,23201,96.88,0.4703,17.86,863.42,9252.28,124417.0
2020-07-08,50350000,1810.78,50605935,-255935,23180,96.43,0.4703,18.19,864.5,9428.33,-67650.0
2020-07-09,50800000,1803.19,50411209,388791,23188,96.7,0.4703,17.88,876.46,9277.97,-255935.0
2020-07-10,50700000,1798.89,50282320,417680,23184,96.65,0.4703,18.37,871.21,9278.81,388791.0
2020-07-11,50600000,1798.89,50282320,317680,23184,96.65,0.4703,18.37,871.21,9240.35,417680.0
2020-07-12,50600000,1798.89,50282320,317680,23184,96.65,0.4703,18.41,871.21,9276.5,317680.0
2020-07-13,50600000,1803.39,49625933,974067,22824,96.46,0.4703,18.27,868.72,9243.61,317680.0
2020-07-14,50530000,1807.78,50519914,10086,23179,96.26,0.4703,18.77,868.11,9243.21,974067.0
2020-07-15,50670000,1811.9,50639420,30580,23181,96.08,0.4703,19.07,869.91,9192.84,10086.0
2020-07-16,50690000,1797.05,50228722,461278,23183,96.35,0.4703,19.09,876.83,9132.23,30580.0
2020-07-17,50690000,1809.9,50590070,99930,23184,95.94,0.4703,19.14,872.02,9151.39,461278.0
2020-07-18,50780000,1809.9,50590070,189930,23184,95.94,0.4703,19.14,872.02,9159.04,99930.0
2020-07-19,50780000,1809.9,50590070,189930,23184,95.94,0.4703,19.41,872.02,9185.82,189930.0
2020-07-20,50930000,1816.09,50778419,151581,23191,95.83,0.4703,19.54,861.4,9164.23,189930.0
2020-07-21,51500000,1842.22,51502358,-2358,23188,95.12,0.4703,19.96,861.69,9374.89,151581.0
2020-07-22,53050000,1872.07,52318809,731191,23180,94.97,0.4703,20.13,855.08,9525.36,-2358.0
2020-07-23,54800000,1887.44,52757457,2042543,23184,94.69,0.4703,20.0,856.75,9581.07,731191.0
2020-07-24,55300000,1901.46,53140172,2159828,23180,94.44,0.4703,20.27,829.16,9536.89,2042543.0
2020-07-25,55000000,1901.46,53140172,1859828,23180,94.44,0.4703,20.27,829.16,9677.11,2159828.0
2020-07-26,55000000,1901.46,53140172,1859828,23180,94.44,0.4703,20.43,829.16,9905.17,1859828.0
2020-07-27,56900000,1942.42,54273173,2626827,23175,93.67,0.4703,20.87,785.17,10990.87,1859828.0
2020-07-28,57400000,1959.5,54764580,2635420,23181,93.76,0.4703,20.77,813.36,10912.82,2626827.0
2020-07-29,57700000,1970.73,55052303,2647697,23170,93.26,0.4703,21.0,790.84,11100.47,2635420.0
2020-07-30,57800000,1960.5,54778347,3021653,23175,93.02,0.4703,20.73,801.13,11111.21,2647697.0
2020-07-31,57980000,1975.89,55208359,2771641,23175,93.49,0.4703,20.9,798.39,11323.47,3021653.0
2020-08-01,57930000,1975.89,55208359,2721641,23175,93.49,0.4703,20.9,798.39,11759.59,2771641.0
2020-08-02,57930000,1975.89,55208359,2721641,23175,93.49,0.4703,21.05,798.39,11053.61,2721641.0
2020-08-03,57900000,1977.25,55234439,2665561,23170,93.5,0.4703,21.41,814.65,11246.35,2721641.0
2020-08-04,57980000,2018.52,56387316,1592684,23170,93.38,0.4703,21.88,827.57,11205.89,2665561.0
2020-08-05,59100000,2040.4,57010833,2089167,23175,92.83,0.4703,22.45,837.8,11747.02,1592684.0
2020-08-06,61400000,2063.81,57662444,3737556,23174,92.79,0.4703,22.55,840.04,11779.77,2089167.0
2020-08-07,62400000,2035.03,56855883,5544117,23173,93.44,0.4703,22.42,841.46,11601.47,3737556.0
2020-08-08,60300000,2035.03,56855883,3444117,23173,93.44,0.4703,22.42,841.46,11754.05,5544117.0
2020-08-09,60300000,2035.03,56855883,3444117,23173,93.44,0.4703,22.73,841.46,11675.74,3444117.0
2020-08-10,58280000,2027.77,55995024,2284976,22904,93.58,0.4703,23.04,843.2,11878.11,3444117.0
2020-08-11,55480000,1911.64,53401625,2078375,23170,93.63,0.4703,22.98,843.08,11410.53,2284976.0
2020-08-12,56380000,1918.07,53590497,2789503,23174,93.44,0.4703,23.62,846.92,11584.93,2078375.0
2020-08-13,55780000,1954.0,54596730,1183270,23175,93.34,0.4703,23.75,855.05,11784.14,2789503.0
2020-08-14,56170000,1944.29,54323079,1846921,23174,93.1,0.4703,23.76,850.74,11768.87,1183270.0
2020-08-15,56180000,1944.29,54323079,1856921,23174,93.1,0.4703,23.76,850.74,11865.7,1846921.0
2020-08-16,56180000,1944.29,54323079,1856921,23174,93.1,0.4703,24.12,850.74,11892.8,1856921.0
2020-08-17,56500000,1986.2,55494036,1005964,23174,92.85,0.4703,24.5,850.15,12254.4,1856921.0
2020-08-18,58150000,2001.2,55913133,2236867,23174,92.27,0.4703,24.59,846.43,11991.23,1005964.0
2020-08-19,56950000,1929.82,53918790,3031210,23174,92.89,0.4703,24.69,851.21,11758.28,2236867.0
2020-08-20,56450000,1943.6,54303800,2146200,23174,92.79,0.4703,24.84,848.21,11878.37,3031210.0
2020-08-21,56750000,1940.16,54207687,2542313,23174,93.25,0.4703,24.62,854.78,11592.49,2146200.0
2020-08-22,56750000,1940.16,54207687,2542313,23174,93.25,0.4703,24.62,854.78,11681.83,2542313.0
2020-08-23,56750000,1940.16,54207687,2542313,23174,93.25,0.4703,25.02,854.78,11664.85,2542313.0
2020-08-24,56550000,1933.09,54012484,2537516,23175,93.3,0.4703,25.27,868.68,11774.6,2542313.0
2020-08-25,56150000,1928.19,53880222,2269778,23177,93.02,0.4703,25.91,874.12,11366.13,2537516.0
2020-08-26,56000000,1954.03,54585789,1414211,23170,93.01,0.4703,26.11,873.47,11488.36,2269778.0
2020-08-27,56300000,1929.2,53901467,2398533,23174,93.01,0.4703,25.95,874.71,11323.4,1414211.0
2020-08-28,56750000,1964.89,54898639,1851361,23174,92.37,0.4703,26.14,878.98,11542.5,2398533.0
2020-08-29,56900000,1964.89,54898639,2001361,23174,92.37,0.4703,26.14,878.98,11506.87,1851361.0
2020-08-30,56900000,1964.89,54898639,2001361,23174,92.37,0.4703,26.52,878.98,11711.51,2001361.0
2020-08-31,57400000,1970.15,55045602,2354398,23174,92.14,0.4703,26.57,881.65,11680.82,2001361.0
2020-09-01,57700000,1970.49,55055102,2644898,23174,92.34,0.4703,26.87,891.73,11970.48,2354398.0
2020-09-02,57700000,1942.98,54286478,3413522,23174,92.85,0.4703,26.29,891.73,11414.03,2644898.0
2020-09-03,56800000,1930.85,53947568,2852432,23174,92.74,0.4703,25.95,903.97,10245.3,3413522.0
2020-09-04,56800000,1932.85,54003447,2796553,23174,92.72,0.4703,25.22,901.54,10511.81,2852432.0
2020-09-05,56700000,1932.85,54003447,2696553,23174,92.72,0.4703,25.22,901.54,10169.57,2796553.0
2020-09-06,56700000,1932.85,54003447,2696553,23174,92.72,0.4703,25.07,901.54,10280.35,2696553.0
2020-09-07,56500000,1929.18,53910212,2589788,23178,92.72,0.4703,25.52,888.25,10369.56,2696553.0
2020-09-08,56400000,1931.26,53959023,2440977,23174,93.48,0.4703,24.07,890.14,10131.52,2589788.0
2020-09-09,56450000,1946.66,54393990,2056010,23176,93.26,0.4703,24.91,889.32,10242.35,2440977.0
2020-09-10,56750000,1954.07,54598686,2151314,23175,93.34,0.4703,24.73,888.82,10363.14,2056010.0
2020-09-11,56650000,1941.5,54242786,2407214,23173,93.33,0.4703,24.88,888.97,10400.92,2151314.0
2020-09-12,56550000,1941.5,54242786,2307214,23173,93.33,0.4703,24.88,888.97,10442.17,2407214.0
2020-09-13,56550000,1941.5,54242786,2307214,23173,93.33,0.4703,25.23,888.97,10323.76,2307214.0
2020-09-14,56500000,1956.37,54660591,1839409,23174,93.07,0.4703,25.32,894.57,10680.84,2307214.0
2020-09-15,56700000,1955.52,54639200,2060800,23175,93.05,0.4703,26.21,896.26,10796.95,1839409.0
2020-09-16,56750000,1959.32,54745376,2004624,23175,93.21,0.4703,27.48,897.47,10974.91,2060800.0
2020-09-17,56500000,1942.6,54285229,2214771,23178,92.97,0.4703,41.14,894.04,10948.99,2004624.0
2020-09-18,56550000,1949.69,54464551,2085449,23170,92.93,0.4703,41.19,900.95,10944.59,2214771.0
2020-09-19,56500000,1949.69,54464551,2035449,23170,92.93,0.4703,41.19,900.95,11094.35,2085449.0
2020-09-20,56500000,1949.69,54464551,2035449,23170,92.93,0.4703,41.07,900.95,10938.27,2035449.0
2020-09-21,56550000,1912.57,53427605,3122395,23170,93.54,0.4703,39.98,907.94,10462.26,2035449.0
2020-09-22,56150000,1899.28,53074668,3075332,23178,93.99,0.4703,39.77,906.19,10538.46,3122395.0
2020-09-23,55850000,1863.55,52073959,3776041,23177,94.39,0.4703,39.41,912.5,10246.19,3075332.0
2020-09-24,55000000,1868.04,52217443,2782557,23185,94.35,0.4703,40.4,908.58,10760.07,3776041.0
2020-09-25,55650000,1860.05,51991855,3658145,23184,94.58,0.4703,40.16,908.27,10692.72,2782557.0
2020-09-26,55600000,1860.05,51991855,3608145,23184,94.58,0.4703,40.16,908.27,10750.72,3658145.0
2020-09-27,55600000,1860.05,51991855,3608145,23184,94.58,0.4703,40.2,908.27,10775.27,3608145.0
2020-09-28,55300000,1880.85,52589128,2710872,23191,94.26,0.4703,40.7,912.5,10709.65,3608145.0
2020-09-29,55550000,1897.69,53053115,2496885,23188,93.89,0.4703,39.27,903.98,10844.64,2710872.0
2020-09-30,55600000,1885.44,52715192,2884808,23190,93.89,0.4703,40.17,905.21,10784.49,2496885.0
2020-10-01,56050000,1905.05,53242799,2807201,23181,93.71,0.4703,38.66,914.09,10619.45,2884808.0
2020-10-02,56550000,1898.7,53081352,3468648,23188,93.84,0.4703,37.2,909.91,10575.97,2807201.0
2020-10-03,56450000,1898.7,53081352,3368648,23188,93.84,0.4703,37.2,909.91,10549.33,3468648.0
2020-10-04,56450000,1898.7,53081352,3368648,23188,93.84,0.4703,37.48,909.91,10669.58,3368648.0
2020-10-05,56350000,1912.9,53485255,2864745,23191,93.51,0.4703,39.39,914.68,10793.34,3368648.0
2020-10-06,56350000,1877.13,52512273,3837727,23203,93.83,0.4703,40.01,915.67,10604.41,2864745.0
2020-10-07,56200000,1887.22,52799089,3400911,23205,93.63,0.4703,40.27,919.72,10668.97,3837727.0
2020-10-08,56150000,1893.09,52963315,3186685,23205,93.61,0.4703,41.45,918.84,10915.69,3400911.0
2020-10-09,56300000,1929.43,53947439,2352561,23191,93.06,0.4703,40.8,924.0,11064.46,3186685.0
2020-10-10,56450000,1929.43,53947439,2502561,23191,93.06,0.4703,40.8,924.0,11296.36,2352561.0
2020-10-11,56450000,1929.43,53947439,2502561,23191,93.06,0.4703,40.48,924.0,11384.18,2502561.0
2020-10-12,56400000,1921.95,53712807,2687193,23180,93.07,0.4703,39.86,925.83,11555.36,2502561.0
2020-10-13,56500000,1890.82,52838256,3661744,23178,93.53,0.4703,40.41,929.86,11425.9,2687193.0
2020-10-14,56300000,1900.89,53117367,3182633,23177,93.38,0.4703,41.48,940.18,11429.51,3661744.0
2020-10-15,56200000,1907.82,53306414,2893586,23175,93.86,0.4703,41.19,942.76,11495.35,3182633.0
2020-10-16,56300000,1898.97,53047689,3252311,23170,93.68,0.4703,41.01,943.3,11322.12,2893586.0
2020-10-17,56270000,1898.97,53047689,3222311,23170,93.68,0.4703,41.01,943.3,11358.1,3252311.0
2020-10-18,56270000,1898.97,53047689,3222311,23170,93.68,0.4703,41.23,943.3,11483.36,3222311.0
2020-10-19,56400000,1904.27,53207224,3192776,23175,93.43,0.4703,40.95,943.69,11742.04,3222311.0
2020-10-20,56400000,1906.39,53266459,3133541,23175,93.07,0.4703,41.47,944.42,11916.33,3192776.0
2020-10-21,56450000,1924.49,53781472,2668528,23179,92.61,0.4703,39.95,939.03,12823.69,3133541.0
2020-10-22,56450000,1904.04,53205388,3244612,23177,92.95,0.4703,40.67,949.9,12965.89,2668528.0
2020-10-23,56400000,1900.79,53112281,3287719,23176,92.77,0.4703,39.8,961.26,12931.54,3244612.0
2020-10-24,56350000,1900.79,53112281,3237719,23176,92.77,0.4703,39.8,961.26,13108.06,3287719.0
2020-10-25,56350000,1900.79,53112281,3237719,23176,92.77,0.4703,39.31,961.26,13031.17,3237719.0
2020-10-26,56350000,1901.69,53137429,3212571,23176,93.05,0.4703,38.75,950.8,13075.25,3237719.0
2020-10-27,56350000,1906.83,53278753,3071247,23175,92.94,0.4703,38.99,946.47,13654.22,3212571.0
2020-10-28,56400000,1877.06,52446949,3953051,23175,93.41,0.4703,37.88,921.05,13271.29,3071247.0
2020-10-29,56300000,1867.13,52171746,4128254,23176,93.96,0.4703,36.34,919.08,13437.88,3953051.0
2020-10-30,56350000,1877.95,52460496,3889504,23170,94.04,0.4703,35.92,925.47,13546.52,4128254.0
2020-10-31,56450000,1877.95,52460496,3989504,23170,94.04,0.4703,35.92,925.47,13781.0,3889504.0
2020-11-01,56450000,1877.95,52460496,3989504,23170,94.04,0.4703,34.19,925.47,13737.11,3989504.0
2020-11-02,56600000,1895.1,52962429,3637571,23180,94.05,0.4703,37.27,933.68,13550.49,3989504.0
2020-11-03,56700000,1908.36,53326104,3373896,23177,93.55,0.4703,38.62,935.41,13950.3,3637571.0
2020-11-04,56350000,1903.21,53179901,3170099,23176,93.41,0.4703,39.23,939.76,14133.71,3373896.0
2020-11-05,56550000,1948.56,54447080,2102920,23176,92.53,0.4703,38.66,937.75,15579.85,3170099.0
2020-11-06,56750000,1951.51,54527157,2222843,23175,92.23,0.4703,37.7,938.29,15565.88,2102920.0
2020-11-07,56800000,1951.51,54527157,2272843,23175,92.23,0.4703,37.7,938.29,14833.75,2222843.0
2020-11-08,56800000,1951.51,54527157,2272843,23175,92.23,0.4703,38.05,938.29,15479.57,2272843.0
2020-11-09,57000000,1861.86,52024490,4975510,23176,92.73,0.4703,39.93,951.99,15332.32,2272843.0
2020-11-10,56350000,1876.5,52419990,3930010,23170,92.75,0.4703,41.88,951.9,15290.9,4975510.0
2020-11-11,56430000,1864.71,52097381,4332619,23173,93.04,0.4703,41.78,952.22,15701.34,3930010.0
2020-11-12,56350000,1875.76,52410626,3939374,23175,92.96,0.4703,41.0,959.28,16276.34,4332619.0
2020-11-13,56350000,1888.04,52753741,3596259,23175,92.76,0.4703,40.38,966.29,16317.81,3939374.0
2020-11-14,56400000,1888.04,52753741,3646259,23175,92.76,0.4703,40.38,966.29,16068.14,3596259.0
2020-11-15,56400000,1888.04,52753741,3646259,23175,92.76,0.4703,40.73,966.29,15955.59,3646259.0
2020-11-16,56400000,1888.52,52767153,3632847,23175,92.57,0.4703,41.62,950.79,16716.11,3646259.0
2020-11-17,56300000,1878.6,52489978,3810022,23175,92.42,0.4703,41.52,968.9,17645.41,3632847.0
2020-11-18,56300000,1871.41,52262007,4037993,23163,92.32,0.4703,41.8,973.53,17804.01,3810022.0
2020-11-19,56100000,1867.37,52142429,3957571,23160,92.29,0.4703,41.69,983.26,17817.09,4037993.0
2020-11-20,56150000,1870.49,52265632,3884368,23176,92.39,0.4703,42.48,990.0,18621.31,3957571.0
2020-11-21,56200000,1870.49,52265632,3934368,23176,92.39,0.4703,42.48,990.0,18642.23,3884368.0
2020-11-22,56200000,1870.49,52265632,3934368,23176,92.39,0.4703,42.52,990.0,18370.0,3934368.0
2020-11-23,56070000,1835.85,51297713,4772287,23176,92.51,0.4703,43.22,994.19,18364.12,3934368.0
2020-11-24,55450000,1807.51,50508010,4941990,23177,92.23,0.4703,44.88,995.76,19107.46,4772287.0
2020-11-25,54800000,1805.3,50389665,4410335,23151,91.99,0.4703,45.86,999.94,18732.12,4941990.0
2020-11-26,55000000,1810.57,50556407,4443593,23160,91.99,0.4703,45.05,1005.97,17150.62,4410335.0
2020-11-27,54900000,1788.13,49938440,4961560,23164,91.79,0.4703,45.74,1010.22,17108.4,4443593.0
2020-11-28,54550000,1788.13,49938440,4611560,23164,91.79,0.4703,45.74,1010.22,17717.41,4961560.0
2020-11-29,54550000,1788.13,49938440,4611560,23164,91.79,0.4703,45.24,1010.22,18177.48,4611560.0
2020-11-30,53750000,1777.02,49619593,4130407,23160,91.87,0.4703,45.29,1003.08,19625.84,4611560.0
2020-12-01,54300000,1814.87,50632714,3667286,23140,91.31,0.4703,44.25,1008.87,18803.0,4130407.0
2020-12-02,55100000,1831.01,51058718,4041282,23129,91.12,0.4703,45.0,1014.32,19201.09,3667286.0
2020-12-03,55500000,1840.36,51319447,4180553,23129,90.71,0.4703,45.79,1019.8,19445.4,4041282.0
2020-12-04,55350000,1837.61,51233900,4116100,23125,90.7,0.4703,46.19,1021.49,18699.77,4180553.0
2020-12-05,55250000,1837.61,51233900,4016100,23125,90.7,0.4703,46.19,1021.49,19154.23,4116100.0
2020-12-06,55250000,1837.61,51233900,4016100,23125,90.7,0.4703,46.17,1021.49,19345.12,4016100.0
2020-12-07,55200000,1863.69,51972264,3227736,23130,90.79,0.4703,45.75,1029.98,19191.63,4016100.0
2020-12-08,55500000,1871.36,52179387,3320613,23127,90.97,0.4703,45.66,1029.26,18321.14,3227736.0
2020-12-09,55300000,1839.11,51282373,4017627,23128,91.09,0.4703,45.84,1039.13,18553.92,3320613.0
2020-12-10,55050000,1835.31,51176413,3873587,23128,90.79,0.4703,47.23,1030.91,18264.99,4017627.0
2020-12-11,55250000,1839.03,51280142,3969858,23128,90.98,0.4703,46.7,1045.96,18058.9,3873587.0
2020-12-12,55250000,1839.03,51280142,3969858,23128,90.98,0.4703,46.7,1045.96,18803.66,3969858.0
2020-12-13,55250000,1839.03,51280142,3969858,23128,90.98,0.4703,46.82,1045.96,19142.38,3969858.0
2020-12-14,55100000,1827.17,50949434,4150566,23128,90.71,0.4703,47.12,1064.09,19246.64,3969858.0
2020-12-15,55250000,1853.46,51678044,3571956,23126,90.47,0.4703,47.71,1055.27,19417.08,4150566.0
2020-12-16,55400000,1864.15,51976102,3423898,23126,90.45,0.4703,48.02,1066.99,21310.6,3571956.0
2020-12-17,55550000,1885.87,52581698,2968302,23126,89.82,0.4703,48.55,1051.77,22805.16,3423898.0
2020-12-18,55500000,1880.66,52422828,3077172,23120,90.02,0.4703,49.26,1067.46,23137.96,2968302.0
2020-12-19,55500000,1880.66,52422828,3077172,23120,90.02,0.4703,49.26,1067.46,23869.83,3077172.0
2020-12-20,55500000,1880.66,52422828,3077172,23120,90.02,0.4703,48.6,1067.46,23477.29,3077172.0
2020-12-21,55800000,1876.21,52307834,3492166,23124,90.04,0.4703,47.83,1081.08,22803.08,3077172.0
2020-12-22,55550000,1859.56,51834672,3715328,23120,90.65,0.4703,46.89,1083.45,23783.03,3492166.0
2020-12-23,55600000,1872.08,52199463,3400537,23127,90.41,0.4703,48.09,1078.9,23241.35,3715328.0
2020-12-24,55800000,1876.56,52331167,3468833,23130,90.33,0.4703,48.28,1067.52,23735.95,3400537.0
2020-12-25,55800000,1875.82,52299223,3500777,23125,90.33,0.4703,48.28,1084.42,24664.79,3468833.0
2020-12-26,55800000,1875.82,52299223,3500777,23125,90.33,0.4703,48.28,1084.42,26437.04,3500777.0
2020-12-27,55800000,1875.82,52299223,3500777,23125,90.33,0.4703,47.93,1084.42,26272.29,3500777.0
2020-12-28,55750000,1871.19,52181415,3568585,23130,90.34,0.4703,47.87,1091.33,27084.81,3500777.0
2020-12-29,55900000,1877.99,52359724,3540276,23125,90.01,0.4703,47.94,1099.49,27362.44,3568585.0
2020-12-30,55900000,1893.37,52777116,3122884,23120,89.63,0.4703,48.22,1097.54,28840.95,3540276.0
2020-12-31,56100000,1896.49,52790916,3309084,23088,89.94,0.4703,48.27,1103.87,29001.72,3122884.0
2021-01-01,56100000,1898.1,52794540,3305460,23070,89.94,0.4703,48.27,1103.87,29374.15,3309084.0
2021-01-02,56150000,1898.1,52794540,3355460,23070,89.94,0.4703,48.27,1103.87,32127.27,3305460.0
2021-01-03,56150000,1898.1,52794540,3355460,23070,89.94,0.4703,48.3,1103.87,32782.02,3355460.0
2021-01-04,56800000,1942.28,54023381,2776619,23070,89.88,0.4703,47.28,1120.47,31971.91,3355460.0
2021-01-05,57150000,1949.35,54220029,2929971,23070,89.44,0.4703,49.66,1132.55,33992.43,2776619.0
2021-01-06,57300000,1918.81,53393711,3906289,23080,89.53,0.4703,50.38,1143.21,36824.36,2929971.0
2021-01-07,56800000,1912.5,53241184,3558816,23090,89.83,0.4703,50.84,1156.49,39371.04,3906289.0
2021-01-08,56350000,1848.26,51426097,4923903,23078,90.1,0.4703,52.6,1167.69,40797.61,3558816.0
2021-01-09,56000000,1848.26,51426097,4573903,23078,90.1,0.4703,52.6,1167.69,40254.55,4923903.0
2021-01-10,56000000,1848.26,51426097,4573903,23078,90.1,0.4703,52.22,1167.69,38356.44,4573903.0
2021-01-11,56450000,1844.66,50682185,5767815,22789,90.54,0.4703,52.03,1184.89,35566.66,4573903.0
2021-01-12,56650000,1855.63,51568517,5081483,23050,90.05,0.4703,53.3,1192.28,33922.96,5767815.0
2021-01-13,56500000,1843.41,51262258,5237742,23065,90.32,0.4703,52.69,1186.05,37316.36,5081483.0
2021-01-14,56450000,1846.37,51342344,5107656,23064,90.24,0.4703,53.73,1187.4,39187.33,5237742.0
2021-01-15,56600000,1826.59,50792318,5807682,23064,90.78,0.4703,52.01,1194.2,36825.37,5107656.0
2021-01-16,56400000,1826.59,50792318,5607682,23064,90.78,0.4703,52.01,1194.2,36178.14,5807682.0
2021-01-17,56400000,1826.59,50792318,5607682,23064,90.78,0.4703,52.12,1194.2,35791.28,5607682.0
2021-01-18,56450000,1836.89,50535757,5914243,22819,90.78,0.4703,52.3,1191.94,36630.07,5607682.0
2021-01-19,56400000,1839.34,51157948,5242052,23069,90.5,0.4703,53.12,1131.0,36069.8,5914243.0
2021-01-20,56600000,1870.91,52036011,4563989,23069,90.47,0.4703,52.89,1134.68,35547.75,5242052.0
2021-01-21,56550000,1869.91,52014961,4535039,23072,90.13,0.4703,52.95,1164.21,30825.7,4563989.0
2021-01-22,56450000,1852.55,51505258,4944742,23060,90.24,0.4703,51.92,1166.78,33005.76,4535039.0
2021-01-23,56400000,1852.55,51505258,4894742,23060,90.24,0.4703,51.92,1166.78,32067.64,4944742.0
2021-01-24,56400000,1852.55,51505258,4894742,23060,90.24,0.4703,52.23,1166.78,32289.38,4894742.0
2021-01-25,56550000,1854.99,51595461,4954539,23070,90.39,0.4703,52.8,1166.05,32366.39,4894742.0
2021-01-26,56600000,1850.31,51442981,5157019,23060,90.17,0.4703,52.72,1136.12,32569.85,4954539.0
2021-01-27,56650000,1843.99,51287279,5362721,23069,90.65,0.4703,52.36,1097.17,30432.55,5157019.0
2021-01-28,56650000,1840.36,51186317,5463683,23069,90.46,0.4703,52.17,1023.94,33466.1,5362721.0
2021-01-29,56750000,1846.09,51323430,5426570,23059,90.58,0.4703,52.1,1056.61,34316.39,5463683.0
2021-01-30,56750000,1846.09,51323430,5426570,23059,90.58,0.4703,52.1,1056.61,34269.52,5426570.0
2021-01-31,56750000,1846.09,51323430,5426570,23059,90.58,0.4703,51.92,1056.61,33114.36,5426570.0
2021-02-01,57100000,1860.16,50907379,6192621,22699,91.02,0.4703,53.55,1035.51,33537.18,5426570.0
2021-02-02,56850000,1837.35,51049435,5800565,23045,91.2,0.4703,54.91,1075.53,35510.29,6192621.0
2021-02-03,56850000,1833.76,50909893,5940107,23027,91.12,0.4703,55.86,1111.29,37472.09,5800565.0
2021-02-04,56750000,1792.26,49742621,7007379,23020,91.53,0.4703,56.49,1112.19,36926.07,5940107.0
2021-02-05,56900000,1811.62,50269020,6630980,23015,91.04,0.4703,57.04,1126.91,38144.31,7007379.0
2021-02-06,56900000,1811.62,50269020,6630980,23015,91.04,0.4703,57.04,1126.91,39266.01,6630980.0
2021-02-07,56900000,1811.62,50269020,6630980,23015,91.04,0.4703,57.36,1126.91,38903.44,6630980.0
2021-02-08,57050000,1830.16,50750371,6299629,23000,90.93,0.4703,58.02,1083.18,46196.46,6630980.0
2021-02-09,57350000,1837.06,50875263,6474737,22970,90.44,0.4703,58.37,1114.93,46481.11,6299629.0
2021-02-10,57350000,1842.22,51107006,6242994,23010,90.37,0.4703,58.3,1114.93,44918.18,6474737.0
2021-02-11,57350000,1825.36,50639275,6710725,23010,90.42,0.4703,57.94,1114.93,47909.33,6242994.0
2021-02-12,57350000,1823.46,50586565,6763435,23010,90.48,0.4703,59.68,1114.93,47504.85,6710725.0
2021-02-13,57350000,1823.46,50586565,6763435,23010,90.48,0.4703,59.68,1114.93,47105.52,6763435.0
2021-02-14,57350000,1823.46,50586565,6763435,23010,90.48,0.4703,60.34,1114.93,48717.29,6763435.0
2021-02-15,57350000,1818.51,50449242,6900758,23010,90.48,0.4703,60.08,1114.93,47945.06,6763435.0
2021-02-16,57350000,1794.31,49777883,7572117,23010,90.51,0.4703,59.97,1114.93,49199.87,6900758.0
2021-02-17,56900000,1776.26,49277139,7622861,23010,90.95,0.4703,61.77,1155.78,52149.01,7572117.0
2021-02-18,56500000,1775.49,49255778,7244222,23010,90.59,0.4703,59.7,1174.38,51679.8,7622861.0
2021-02-19,56300000,1782.31,49455723,6844277,23015,90.36,0.4703,59.02,1173.5,55888.13,7244222.0
2021-02-20,56300000,1782.31,49455723,6844277,23015,90.36,0.4703,59.02,1173.5,56099.52,6844277.0
2021-02-21,56300000,1782.31,49455723,6844277,23015,90.36,0.4703,59.59,1173.5,57539.95,6844277.0
2021-02-22,56300000,1808.66,49560401,6739599,22728,90.01,0.4703,61.56,1175.04,54207.32,6844277.0
2021-02-23,56600000,1805.06,50097873,6502127,23020,90.17,0.4703,61.2,1177.64,48824.43,6739599.0
2021-02-24,56500000,1804.36,50089323,6410677,23025,90.18,0.4703,63.52,1162.01,49705.33,6502127.0
2021-02-25,56450000,1769.88,49121483,7328517,23020,90.13,0.4703,63.39,1165.43,47093.85,6410677.0
2021-02-26,56350000,1733.49,48121960,8228040,23025,90.93,0.4703,61.56,1168.47,46339.76,7328517.0
2021-02-27,56200000,1733.49,48121960,8078040,23025,90.93,0.4703,61.56,1168.47,46188.45,8228040.0
2021-02-28,56200000,1733.49,48121960,8078040,23025,90.93,0.4703,62.45,1168.47,45137.77,8078040.0
2021-03-01,56250000,1723.84,47833291,8416709,23015,91.04,0.4703,60.23,1186.17,49631.24,8078040.0
2021-03-02,56100000,1738.09,48239179,7860821,23020,90.79,0.4703,59.39,1186.61,48378.99,8416709.0
2021-03-03,56000000,1710.95,47490058,8509942,23022,90.95,0.4703,60.7,1186.95,50538.24,7860821.0
2021-03-04,56000000,1697.19,47104035,8895965,23020,91.63,0.4703,64.19,1168.52,48561.17,8509942.0
2021-03-05,55500000,1700.86,47203842,8296158,23019,91.98,0.4703,66.23,1168.69,48927.3,8895965.0
2021-03-06,55600000,1700.86,47203842,8396158,23019,91.98,0.4703,66.23,1168.69,48912.38,8296158.0
2021-03-07,55600000,1700.86,47203842,8396158,23019,91.98,0.4703,67.12,1168.69,51206.69,8396158.0
2021-03-08,55500000,1681.24,46687708,8812292,23033,92.31,0.4703,64.86,1168.27,52246.52,8396158.0
2021-03-09,55150000,1715.36,46962038,8187962,22708,91.96,0.4703,63.92,1161.97,54824.12,8812292.0
2021-03-10,55380000,1726.05,47294180,8085820,22726,91.79,0.4703,64.64,1170.08,56008.55,8187962.0
2021-03-11,55800000,1721.41,47842654,7957346,23052,91.42,0.4703,65.89,1181.73,57805.12,8085820.0
2021-03-12,55600000,1726.41,47979536,7620464,23051,91.68,0.4703,65.54,1181.56,57332.09,7957346.0
2021-03-13,55850000,1726.41,47979536,7870464,23051,91.68,0.4703,65.54,1181.56,61243.09,7620464.0
2021-03-14,55850000,1726.41,47979536,7870464,23051,91.68,0.4703,65.94,1181.56,59302.32,7870464.0
2021-03-15,55700000,1731.84,47296456,8403544,22652,91.83,0.4703,65.3,1184.56,55907.2,7870464.0
2021-03-16,55650000,1730.94,48168039,7481961,23081,91.87,0.4703,64.88,1179.9,56804.9,8403544.0
2021-03-17,55650000,1744.44,48545816,7104184,23082,91.4,0.4703,64.58,1186.09,58870.89,7481961.0
2021-03-18,55500000,1736.41,48244890,7255110,23045,91.85,0.4703,59.76,1200.94,57858.92,7104184.0
2021-03-19,55500000,1744.74,48518404,6981596,23065,91.92,0.4703,61.46,1194.05,58346.65,7255110.0
2021-03-20,55650000,1744.74,48518404,7131596,23065,91.92,0.4703,61.46,1194.05,58313.64,6981596.0
2021-03-21,55650000,1744.74,48518404,7131596,23065,91.92,0.4703,60.88,1194.05,57523.42,7131596.0
2021-03-22,55450000,1738.69,47714220,7735780,22762,91.8,0.4703,61.27,1194.43,54529.14,7131596.0
2021-03-23,55600000,1727.11,48051047,7548953,23076,92.34,0.4703,57.53,1183.45,54738.95,7735780.0
2021-03-24,55500000,1734.19,48235480,7264520,23070,92.53,0.4703,60.59,1161.81,52774.27,7548953.0
2021-03-25,55480000,1726.82,48051307,7428693,23080,92.88,0.4703,58.74,1163.1,51704.16,7264520.0
2021-03-26,55300000,1731.97,48202966,7097034,23084,92.77,0.4703,60.71,1162.21,55137.31,7428693.0
2021-03-27,55400000,1731.97,48202966,7197034,23084,92.77,0.4703,60.71,1162.21,55973.51,7097034.0
2021-03-28,55400000,1731.97,48202966,7197034,23084,92.77,0.4703,60.72,1162.21,55950.75,7197034.0
2021-03-29,55170000,1711.99,47646897,7523103,23084,92.94,0.4703,62.09,1175.68,57750.2,7197034.0
2021-03-30,54850000,1684.8,46861726,7988274,23070,93.3,0.4703,60.38,1186.36,58917.69,7523103.0
2021-03-31,54500000,1707.01,47479484,7020516,23070,93.23,0.4703,59.55,1191.44,58918.83,7988274.0
2021-04-01,54900000,1730.18,48132288,6767712,23074,92.93,0.4703,61.25,1216.1,59095.81,7020516.0
2021-04-02,55350000,1728.84,48076251,7273749,23065,92.93,0.4703,61.25,1224.45,59384.31,6767712.0
2021-04-03,55420000,1728.84,48076251,7343749,23065,92.93,0.4703,61.25,1224.45,57603.89,7273749.0
2021-04-04,55420000,1728.84,48076251,7343749,23065,92.93,0.4703,61.26,1224.45,58758.55,7343749.0
2021-04-05,55100000,1728.44,48081799,7018201,23073,92.6,0.4703,58.89,1236.05,59057.88,7343749.0
2021-04-06,55250000,1743.57,48515298,6734702,23079,92.34,0.4703,59.17,1239.96,58192.36,7018201.0
2021-04-07,55250000,1737.28,48363317,6886683,23090,92.46,0.4703,59.62,1242.38,56048.94,6734702.0
2021-04-08,55250000,1755.94,48882784,6367216,23090,92.06,0.4703,59.73,1234.89,58323.95,6886683.0
2021-04-09,55250000,1743.1,48514830,6735170,23085,92.16,0.4703,59.32,1231.66,58245.0,6367216.0
2021-04-10,55250000,1743.1,48514830,6735170,23085,92.16,0.4703,59.32,1231.66,59793.23,6735170.0
2021-04-11,55250000,1743.1,48514830,6735170,23085,92.16,0.4703,59.55,1231.66,60204.96,6735170.0
2021-04-12,55250000,1732.51,47410949,7839051,22698,92.14,0.4703,59.76,1252.45,59893.45,6735170.0
2021-04-13,55200000,1743.83,48497303,6702697,23067,91.85,0.4703,60.52,1248.33,63503.46,7839051.0
2021-04-14,55300000,1736.0,48283731,7016269,23069,91.69,0.4703,62.88,1255.87,63109.7,6702697.0
2021-04-15,55300000,1763.21,49059661,6240339,23078,91.67,0.4703,63.34,1247.25,63314.01,7016269.0
2021-04-16,55450000,1776.31,49413448,6036552,23073,91.56,0.4703,63.07,1238.71,61572.79,6240339.0
2021-04-17,55450000,1776.31,49413448,6036552,23073,91.56,0.4703,63.07,1238.71,60683.82,6036552.0
2021-04-18,55450000,1776.31,49413448,6036552,23073,91.56,0.4703,62.8,1238.71,56216.18,6036552.0
2021-04-19,55450000,1769.31,48524478,6925522,22748,91.07,0.4703,63.55,1260.58,55724.27,6036552.0
2021-04-20,55450000,1777.25,49439597,6010403,23073,91.24,0.4703,62.28,1268.28,56473.03,6925522.0
2021-04-21,55450000,1793.46,49892689,5557311,23074,91.16,0.4703,61.08,1268.28,53906.09,6010403.0
2021-04-22,55450000,1783.94,49627850,5822150,23074,91.33,0.4703,61.8,1227.82,51762.27,5557311.0
2021-04-23,55750000,1777.18,49431221,6318779,23070,90.86,0.4703,61.98,1248.53,51093.65,5822150.0
2021-04-24,55600000,1777.18,49431221,6168779,23070,90.86,0.4703,61.98,1248.53,50050.87,6318779.0
2021-04-25,55600000,1777.18,49431221,6168779,23070,90.86,0.4703,61.88,1248.53,49004.25,6168779.0
2021-04-26,55500000,1780.19,48645355,6854645,22665,90.81,0.4703,62.02,1215.77,54021.75,6168779.0
2021-04-27,55650000,1776.69,49353330,6296670,23040,90.91,0.4703,62.95,1219.75,55033.12,6854645.0
2021-04-28,55650000,1781.32,49486239,6163761,23042,90.61,0.4703,63.77,1229.55,54824.7,6296670.0
2021-04-29,55650000,1771.24,49216887,6433113,23047,90.61,0.4703,64.75,1239.39,53555.11,6163761.0
2021-04-30,55650000,1768.59,49158179,6491821,23054,91.28,0.4703,63.44,1239.39,57750.18,6433113.0
2021-05-01,55650000,1768.59,49158179,6491821,23054,91.28,0.4703,63.44,1239.39,57828.05,6491821.0
2021-05-02,55650000,1768.59,49158179,6491821,23054,91.28,0.4703,63.7,1239.39,56631.08,6491821.0
2021-05-03,55750000,1792.36,49350011,6399989,22837,90.95,0.4703,64.61,1239.39,57200.29,6491821.0
2021-05-04,55650000,1778.48,49433072,6216928,23054,91.29,0.4703,66.2,1242.2,53333.54,6399989.0
2021-05-05,55660000,1786.44,49645706,6014294,23050,91.31,0.4703,65.09,1256.43,57424.01,6216928.0
2021-05-06,55700000,1815.18,50466284,5233716,23060,90.95,0.4703,64.88,1250.57,56396.52,6014294.0
2021-05-07,55970000,1830.48,50907109,5062891,23067,90.23,0.4703,64.81,1241.81,57356.4,5233716.0
2021-05-08,56180000,1830.48,50907109,5272891,23067,90.23,0.4703,64.81,1241.81,58803.78,5062891.0
2021-05-09,56180000,1830.48,50907109,5272891,23067,90.23,0.4703,65.44,1241.81,58232.32,5272891.0
2021-05-10,56300000,1835.44,49928035,6371965,22562,90.21,0.4703,64.95,1259.58,55859.8,5272891.0
2021-05-11,56230000,1836.94,51071264,5158736,23060,90.14,0.4703,65.5,1256.04,56704.57,6371965.0
2021-05-12,56130000,1815.44,50462569,5667431,23055,90.71,0.4703,65.69,1269.09,49150.54,5158736.0
2021-05-13,56070000,1826.57,50767538,5302462,23053,90.75,0.4703,63.82,1261.99,49716.19,5667431.0
2021-05-14,56250000,1842.19,51172805,5077195,23040,90.32,0.4703,65.49,1266.36,49880.54,5302462.0
2021-05-15,56370000,1842.19,51172805,5197195,23040,90.32,0.4703,65.49,1266.36,46760.19,5077195.0
2021-05-16,56370000,1842.19,51172805,5197195,23040,90.32,0.4703,65.53,1266.36,46456.06,5197195.0
2021-05-17,56370000,1866.13,51855816,4514184,23048,90.22,0.4703,66.34,1258.7,43537.51,5197195.0
2021-05-18,56430000,1868.22,51909387,4520613,23046,89.75,0.4703,65.17,1252.68,42909.4,4514184.0
2021-05-19,56250000,1869.57,51933374,4316626,23040,90.19,0.4703,63.34,1262.49,37002.44,4520613.0
2021-05-20,56330000,1876.69,52142468,4187532,23045,89.81,0.4703,62.09,1278.22,40782.74,4316626.0
2021-05-21,56430000,1880.3,52242769,4187231,23045,90.02,0.4703,63.84,1283.93,37304.69,4187532.0
2021-05-22,56480000,1880.3,52242769,4237231,23045,90.02,0.4703,63.84,1283.93,37536.63,4187231.0
2021-05-23,56480000,1880.3,52242769,4237231,23045,90.02,0.4703,63.62,1283.93,34770.58,4237231.0
2021-05-24,56400000,1881.07,52284574,4115426,23054,89.83,0.4703,66.0,1297.98,38705.98,4237231.0
2021-05-25,56420000,1899.26,52794747,3625253,23056,89.64,0.4703,65.89,1308.58,38402.22,4115426.0
2021-05-26,56550000,1896.44,52725504,3824496,23060,90.04,0.4703,66.11,1316.7,39294.2,3625253.0
2021-05-27,56540000,1896.08,52704065,3835935,23055,89.97,0.4703,67.3,1303.57,38436.97,3824496.0
2021-05-28,56700000,1902.64,52863470,3836530,23045,90.03,0.4703,66.64,1320.46,35697.61,3835935.0
2021-05-29,56870000,1902.64,52863470,4006530,23045,90.03,0.4703,66.64,1320.46,34616.07,3836530.0
2021-05-30,56870000,1902.64,52863470,4006530,23045,90.03,0.4703,66.56,1320.46,35678.13,4006530.0
2021-05-31,57400000,1906.36,52966827,4433173,23045,90.03,0.4703,66.94,1328.05,37332.86,4006530.0
2021-06-01,57650000,1900.19,52783943,4866057,23040,89.83,0.4703,67.91,1337.78,36684.93,4433173.0
2021-06-02,57550000,1907.94,53008426,4541574,23044,89.9,0.4703,68.72,1340.78,37575.18,4866057.0
2021-06-03,57350000,1870.57,51961152,5388848,23040,90.5,0.4703,68.75,1364.28,39208.77,4541574.0
2021-06-04,57250000,1889.97,52502328,4747672,23041,90.14,0.4703,69.39,1374.05,36894.41,5388848.0
2021-06-05,57450000,1889.97,52502328,4947672,23041,90.14,0.4703,69.39,1374.05,35551.96,4747672.0
2021-06-06,57450000,1889.97,52502328,4947672,23041,90.14,0.4703,69.7,1374.05,35862.38,4947672.0
2021-06-07,57200000,1899.0,52760045,4439955,23044,89.95,0.4703,69.09,1358.78,33560.71,4947672.0
2021-06-08,57350000,1892.82,52487934,4862066,23000,90.08,0.4703,70.0,1319.88,33472.63,4439955.0
2021-06-09,57250000,1888.3,52253316,4996684,22952,90.12,0.4703,69.7,1332.9,37345.12,4862066.0
2021-06-10,57300000,1898.14,52532476,4767524,22955,90.08,0.4703,70.17,1323.58,36702.6,4996684.0
2021-06-11,57500000,1876.64,51919346,5580654,22947,90.56,0.4703,70.79,1351.74,37334.4,4767524.0
2021-06-12,57300000,1876.64,51919346,5380654,22947,90.56,0.4703,70.79,1351.74,35552.52,5580654.0
2021-06-13,57300000,1876.64,51919346,5380654,22947,90.56,0.4703,70.95,1351.74,39097.86,5380654.0
2021-06-14,57150000,1865.99,51620202,5529798,22945,90.52,0.4703,71.03,1361.72,40218.48,5380654.0
2021-06-15,57200000,1858.69,51416016,5783984,22944,90.54,0.4703,72.39,1367.36,40406.27,5529798.0
2021-06-16,57250000,1811.95,50129625,7120375,22947,91.13,0.4703,71.47,1356.52,38347.06,5783984.0
2021-06-17,56850000,1773.31,49058468,7791532,22946,91.89,0.4703,70.91,1359.92,38053.5,7120375.0
2021-06-18,56800000,1763.34,48812413,7987587,22960,92.23,0.4703,71.39,1377.77,35787.25,7791532.0
2021-06-19,56800000,1763.34,48812413,7987587,22960,92.23,0.4703,71.39,1377.77,35615.87,7987587.0
2021-06-20,56800000,1763.34,48812413,7987587,22960,92.23,0.4703,71.84,1377.77,35698.3,7987587.0
2021-06-21,56950000,1782.95,49430489,7519511,22995,91.86,0.4703,73.41,1372.63,31676.69,7987587.0
2021-06-22,57000000,1778.51,49348136,7651864,23014,91.73,0.4703,73.19,1379.97,32505.66,7519511.0
2021-06-23,57100000,1778.73,49377830,7722170,23025,91.8,0.4703,73.52,1376.87,33723.03,7651864.0
2021-06-24,57050000,1775.18,49268580,7781420,23020,91.82,0.4703,73.59,1379.72,34662.44,7722170.0
2021-06-25,57050000,1780.34,49375301,7674699,23003,91.81,0.4703,74.34,1390.12,31637.78,7781420.0
2021-06-26,57100000,1780.34,49375301,7724699,23003,91.81,0.4703,74.34,1390.12,32186.28,7674699.0
2021-06-27,57100000,1780.34,49375301,7724699,23003,91.81,0.4703,74.44,1390.12,34649.64,7724699.0
2021-06-28,57000000,1778.18,48665922,8334078,22700,91.88,0.4703,73.17,1405.81,34434.34,7724699.0
2021-06-29,56900000,1761.09,48877524,8022476,23020,92.05,0.4703,73.72,1410.04,35867.78,8334078.0
2021-06-30,56850000,1769.8,49119263,7730737,23020,92.44,0.4703,73.77,1408.55,35040.84,8022476.0
2021-07-01,56900000,1776.6,49295139,7604861,23014,92.6,0.4703,75.28,1417.08,33572.12,7730737.0
2021-07-02,57150000,1786.79,49569263,7580737,23010,92.23,0.4703,75.29,1420.27,33897.05,7604861.0
2021-07-03,57200000,1786.79,49569263,7630737,23010,92.23,0.4703,75.29,1420.27,34668.55,7580737.0
2021-07-04,57200000,1786.79,49569263,7630737,23010,92.23,0.4703,75.36,1420.27,35287.78,7630737.0
2021-07-05,57350000,1791.61,48797510,8552490,22591,92.23,0.4703,76.44,1411.13,33746.0,7630737.0
2021-07-06,57400000,1796.69,49813583,7586417,22996,92.55,0.4703,73.77,1354.79,34235.2,8552490.0
2021-07-07,57450000,1803.41,50023813,7426187,23007,92.64,0.4703,72.28,1388.55,33855.33,7586417.0
2021-07-08,57550000,1802.56,50017622,7532378,23015,92.36,0.4703,73.39,1374.68,32877.37,7426187.0
2021-07-09,57500000,1807.98,50150578,7349422,23007,92.13,0.4703,74.78,1347.14,33798.01,7532378.0
2021-07-10,57500000,1807.98,50150578,7349422,23007,92.13,0.4703,74.78,1347.14,33520.52,7349422.0
2021-07-11,57500000,1807.98,50150578,7349422,23007,92.13,0.4703,74.83,1347.14,34240.19,7349422.0
2021-07-12,57350000,1805.88,49264805,8085195,22627,92.23,0.4703,74.33,1296.3,33155.85,7349422.0
2021-07-13,57350000,1807.44,50163928,7186072,23020,92.75,0.4703,75.12,1297.54,32702.03,8085195.0
2021-07-14,57400000,1827.06,50686436,6713564,23010,92.41,0.4703,72.86,1279.91,32822.35,7186072.0
2021-07-15,57600000,1829.19,50747732,6852268,23011,92.62,0.4703,71.44,1293.92,31780.73,6713564.0
2021-07-16,57500000,1810.89,50235664,7264336,23009,92.69,0.4703,71.52,1299.31,31421.54,6852268.0
2021-07-17,57500000,1810.89,50235664,7264336,23009,92.69,0.4703,71.52,1299.31,31533.07,7264336.0
2021-07-18,57500000,1810.89,50235664,7264336,23009,92.69,0.4703,71.42,1299.31,31796.81,7264336.0
2021-07-19,57550000,1812.34,49529897,8020103,22668,92.89,0.4703,67.19,1243.51,30817.83,7264336.0
2021-07-20,57550000,1810.03,50235811,7314189,23020,92.97,0.4703,67.03,1273.29,29807.35,8020103.0
2021-07-21,57450000,1803.31,50062349,7387651,23026,92.75,0.4703,70.53,1270.79,32110.69,7314189.0
2021-07-22,57450000,1806.69,50147469,7302531,23022,92.82,0.4703,72.0,1293.67,32313.11,7387651.0
2021-07-23,57500000,1801.34,49972910,7527090,23010,92.91,0.4703,72.45,1268.83,33581.55,7302531.0
2021-07-24,57450000,1801.34,49972910,7477090,23010,92.91,0.4703,72.45,1268.83,34292.45,7527090.0
2021-07-25,57450000,1801.34,49972910,7477090,23010,92.91,0.4703,72.45,1268.83,35350.19,7477090.0
2021-07-26,57450000,1797.27,49085453,8364547,22653,92.65,0.4703,72.33,1272.71,37337.54,7477090.0
2021-07-27,57300000,1798.73,49896166,7403834,23008,92.43,0.4703,72.22,1276.93,39406.94,8364547.0
2021-07-28,57200000,1806.88,50115709,7084291,23005,92.32,0.4703,72.64,1277.07,39995.91,7403834.0
2021-07-29,57350000,1827.95,50686884,6663116,22999,91.86,0.4703,73.52,1293.6,40008.42,7084291.0
2021-07-30,57400000,1813.58,50214079,7185921,22965,92.17,0.4703,73.94,1310.05,42235.55,6663116.0
2021-07-31,57250000,1813.58,50214079,7035921,22965,92.17,0.4703,73.94,1310.05,41626.2,7185921.0
2021-08-01,57250000,1813.58,50214079,7035921,22965,92.17,0.4703,73.92,1310.05,39974.89,7035921.0
2021-08-02,57200000,1813.39,50176023,7023977,22950,92.05,0.4703,71.56,1314.22,39201.95,7035921.0
2021-08-03,57300000,1809.94,50080562,7219438,22950,92.08,0.4703,70.56,1332.44,38152.98,7023977.0
2021-08-04,57350000,1811.41,50121237,7228763,22950,92.27,0.4703,68.25,1334.74,39747.5,7219438.0
2021-08-05,57250000,1804.01,49905606,7344394,22945,92.24,0.4703,69.17,1345.55,40869.55,7228763.0
2021-08-06,57250000,1762.69,48743415,8506585,22936,92.8,0.4703,68.02,1341.45,42816.5,7344394.0
2021-08-07,57000000,1762.69,48743415,8256585,22936,92.8,0.4703,68.02,1341.45,44555.8,8506585.0
2021-08-08,57000000,1762.69,48743415,8256585,22936,92.8,0.4703,67.3,1341.45,43798.12,8256585.0
2021-08-09,56900000,1729.46,47274708,9625292,22672,92.95,0.4703,67.05,1359.86,46365.4,8256585.0
2021-08-10,56950000,1728.71,47780844,9169156,22925,93.06,0.4703,68.58,1362.43,45585.03,9625292.0
2021-08-11,56900000,1751.56,48332162,8567838,22887,92.91,0.4703,69.39,1357.79,45593.64,9169156.0
2021-08-12,57100000,1752.44,48191643,8908357,22809,93.04,0.4703,68.91,1353.05,44428.29,8567838.0
2021-08-13,57100000,1779.15,48917581,8182419,22805,92.52,0.4703,68.1,1357.05,47793.32,8908357.0
2021-08-14,57250000,1779.15,48917581,8332419,22805,92.52,0.4703,68.1,1357.05,47096.95,8182419.0
2021-08-15,57250000,1779.15,48917581,8332419,22805,92.52,0.4703,68.12,1357.05,47047.0,8332419.0
2021-08-16,57250000,1787.24,49193884,8056116,22830,92.63,0.4703,67.64,1370.96,46004.48,8332419.0
2021-08-17,57350000,1785.96,49158652,8191348,22830,93.13,0.4703,66.59,1363.09,44695.36,8056116.0
2021-08-18,57350000,1787.59,49203518,8146482,22830,93.14,0.4703,64.7,1360.94,44801.19,8191348.0
2021-08-19,57250000,1780.18,48950193,8299807,22807,93.57,0.4703,63.86,1374.85,46717.58,8146482.0
2021-08-20,57150000,1780.87,48979902,8170098,22812,93.5,0.4703,62.06,1329.43,49339.18,8299807.0
2021-08-21,57150000,1780.87,48979902,8170098,22812,93.5,0.4703,62.06,1329.43,48905.49,8170098.0
2021-08-22,57150000,1780.87,48979902,8170098,22812,93.5,0.4703,62.51,1329.43,49321.65,8170098.0
2021-08-23,57100000,1805.2,48863485,8236515,22451,92.96,0.4703,65.73,1298.86,49546.15,8170098.0
2021-08-24,57200000,1802.61,49606078,7593922,22825,92.89,0.4703,67.61,1298.74,47706.12,8236515.0
2021-08-25,57150000,1790.68,49266981,7883019,22820,92.83,0.4703,68.17,1309.55,48960.79,7593922.0
2021-08-26,57000000,1792.16,49242879,7757121,22790,93.06,0.4703,68.0,1301.12,46942.22,7883019.0
2021-08-27,57100000,1816.67,49905385,7194615,22785,92.69,0.4703,68.89,1313.2,49058.67,7757121.0
2021-08-28,57150000,1816.67,49905385,7244615,22785,92.69,0.4703,68.89,1313.2,48902.4,7194615.0
2021-08-29,57150000,1816.67,49905385,7244615,22785,92.69,0.4703,69.5,1313.2,48829.83,7244615.0
2021-08-30,57300000,1810.17,49735554,7564446,22789,92.65,0.4703,69.28,1328.14,47054.98,7244615.0
2021-08-31,57400000,1813.43,49794516,7605484,22775,92.63,0.4703,68.64,1331.47,47166.69,7564446.0
2021-09-01,57400000,1813.66,49800831,7599169,22775,92.45,0.4703,68.34,1334.65,48847.03,7605484.0
2021-09-02,57400000,1809.4,49651134,7748866,22760,92.23,0.4703,69.86,1334.65,49327.72,7599169.0
2021-09-03,57350000,1826.19,50111863,7238137,22760,92.04,0.4703,69.25,1334.65,50025.38,7748866.0
2021-09-04,57450000,1826.19,50111863,7338137,22760,92.04,0.4703,69.25,1334.65,49944.62,7238137.0
2021-09-05,57450000,1826.19,50111863,7338137,22760,92.04,0.4703,68.86,1334.65,51753.41,7338137.0
2021-09-06,57450000,1823.1,50027071,7422929,22760,92.04,0.4703,68.89,1346.39,52633.54,7338137.0
2021-09-07,57450000,1794.13,49232115,8217885,22760,92.52,0.4703,68.53,1341.9,46811.13,7422929.0
2021-09-08,57200000,1788.93,49085110,8114890,22758,92.65,0.4703,69.33,1333.61,46091.39,8217885.0
2021-09-09,57250000,1794.69,49240991,8009009,22757,92.48,0.4703,68.03,1343.98,46391.42,8114890.0
2021-09-10,57300000,1787.34,49056568,8243432,22765,92.58,0.4703,69.75,1345.31,44883.91,8009009.0
2021-09-11,57300000,1787.34,49056568,8243432,22765,92.58,0.4703,69.75,1345.31,45201.46,8243432.0
2021-09-12,57300000,1787.34,49056568,8243432,22765,92.58,0.4703,70.17,1345.31,46063.27,8243432.0
2021-09-13,57300000,1793.49,49208066,8091934,22757,92.62,0.4703,70.69,1341.43,44963.07,8243432.0
2021-09-14,57250000,1804.27,49508188,7741812,22759,92.65,0.4703,70.84,1339.7,47092.49,8091934.0
2021-09-15,57350000,1792.59,49187695,8162305,22759,92.49,0.4703,72.59,1345.83,48176.35,7741812.0
2021-09-16,57200000,1753.39,48109955,9090045,22758,92.86,0.4703,72.61,1345.87,47783.36,8162305.0
2021-09-17,56650000,1754.16,48120508,8529492,22753,93.2,0.4703,72.09,1352.64,47267.52,9090045.0
2021-09-18,56650000,1754.16,48120508,8529492,22753,93.2,0.4703,72.09,1352.64,48278.36,8529492.0
2021-09-19,56650000,1754.16,48120508,8529492,22753,93.2,0.4703,71.75,1352.64,47260.22,8529492.0
2021-09-20,56800000,1763.88,48423302,8376698,22770,93.24,0.4703,70.89,1350.48,42843.8,8529492.0
2021-09-21,57100000,1774.25,48705847,8394153,22769,93.2,0.4703,70.97,1339.84,40693.68,8376698.0
2021-09-22,57150000,1767.91,48501964,8648036,22755,93.46,0.4703,72.19,1350.68,43574.51,8394153.0
2021-09-23,57350000,1742.57,47817275,9532725,22760,93.1,0.4703,73.5,1352.76,44895.1,8648036.0
2021-09-24,57050000,1749.86,48021537,9028463,22762,93.33,0.4703,74.2,1351.17,42839.75,9532725.0
2021-09-25,57000000,1749.86,48021537,8978463,22762,93.33,0.4703,74.2,1351.17,42716.59,9028463.0
2021-09-26,57000000,1749.86,48021537,8978463,22762,93.33,0.4703,75.03,1351.17,43208.54,8978463.0
2021-09-27,57000000,1749.85,48017043,8982957,22760,93.38,0.4703,75.58,1324.99,42235.73,8978463.0
2021-09-28,57100000,1733.68,47585869,9514131,22766,93.77,0.4703,74.64,1339.31,41034.54,8982957.0
2021-09-29,56950000,1726.11,47367683,9582317,22761,94.34,0.4703,74.86,1339.21,41564.36,9514131.0
2021-09-30,56850000,1756.66,48189088,8660912,22753,94.25,0.4703,75.44,1342.06,43790.89,9582317.0
2021-10-01,57200000,1760.36,48284220,8915780,22750,94.04,0.4703,75.88,1334.89,48116.94,8660912.0
2021-10-02,57150000,1760.36,48284220,8865780,22750,94.04,0.4703,75.88,1334.89,47711.49,8915780.0
2021-10-03,57150000,1760.36,48284220,8865780,22750,94.04,0.4703,75.97,1334.89,48199.95,8865780.0
2021-10-04,57400000,1769.51,48550126,8849874,22757,93.81,0.4703,77.69,1339.54,49112.9,8865780.0
2021-10-05,57450000,1759.96,48288102,9161898,22757,93.98,0.4703,79.12,1354.63,51514.81,8849874.0
2021-10-06,57450000,1762.48,48350869,9099131,22754,94.27,0.4703,77.31,1362.82,55361.45,9161898.0
2021-10-07,57850000,1755.29,48145157,9704843,22750,94.22,0.4703,78.94,1365.99,53805.98,9099131.0
2021-10-08,57850000,1756.67,48183009,9666991,22750,94.07,0.4703,79.68,1372.73,53967.85,9704843.0
2021-10-09,57950000,1756.67,48183009,9766991,22750,94.07,0.4703,79.68,1372.73,54968.22,9666991.0
2021-10-10,57950000,1756.67,48183009,9766991,22750,94.07,0.4703,79.78,1372.73,54771.58,9766991.0
2021-10-11,57950000,1753.86,47365418,10584582,22400,94.32,0.4703,80.48,1394.09,57484.79,9766991.0
2021-10-12,58050000,1759.93,48272426,9777574,22750,94.52,0.4703,80.38,1394.8,56041.06,10584582.0
2021-10-13,58050000,1792.65,49185019,8864981,22757,94.08,0.4703,80.83,1391.91,57401.1,9777574.0
2021-10-14,58000000,1795.56,49264861,8735139,22757,93.96,0.4703,81.78,1391.85,57321.52,8864981.0
2021-10-15,57800000,1767.26,48488393,9311607,22757,93.94,0.4703,82.57,1392.7,61593.95,8735139.0
2021-10-16,57700000,1767.26,48488393,9211607,22757,93.94,0.4703,82.57,1392.7,60892.18,9311607.0
2021-10-17,57700000,1767.26,48488393,9211607,22757,93.94,0.4703,83.0,1392.7,61553.62,9211607.0
2021-10-18,57800000,1764.6,48417538,9382462,22758,93.95,0.4703,82.25,1395.53,62026.08,9211607.0
2021-10-19,58000000,1768.87,48534699,9465301,22758,93.79,0.4703,83.12,1395.33,64261.99,9382462.0
2021-10-20,58050000,1781.83,48883854,9166146,22755,93.56,0.4703,84.25,1393.8,65992.84,9465301.0
2021-10-21,58100000,1782.76,48909368,9190632,22755,93.77,0.4703,82.88,1384.77,62210.17,9166146.0
2021-10-22,58200000,1792.48,49165227,9034773,22750,93.61,0.4703,84.56,1389.24,60692.27,9190632.0
2021-10-23,58250000,1792.48,49165227,9084773,22750,93.61,0.4703,84.56,1389.24,61393.62,9034773.0
2021-10-24,58250000,1792.48,49165227,9084773,22750,93.61,0.4703,84.58,1389.24,60930.84,9084773.0
2021-10-25,58250000,1807.47,48801347,9448653,22394,93.81,0.4703,84.31,1385.4,63039.82,9084773.0
2021-10-26,58600000,1792.63,49158535,9441465,22745,93.95,0.4703,84.7,1391.63,60363.79,9448653.0
2021-10-27,58700000,1796.69,49295865,9404135,22757,93.86,0.4703,82.67,1423.02,58482.39,9441465.0
2021-10-28,58500000,1798.62,49344481,9155519,22755,93.35,0.4703,83.16,1438.01,60622.14,9404135.0
2021-10-29,58500000,1782.81,48899992,9600008,22750,94.12,0.4703,83.67,1444.27,62227.96,9155519.0
2021-10-30,58450000,1782.81,48899992,9550008,22750,94.12,0.4703,83.67,1444.27,61888.83,9600008.0
2021-10-31,58450000,1782.81,48899992,9550008,22750,94.12,0.4703,83.34,1444.27,61318.96,9550008.0
2021-11-01,58300000,1793.05,49180861,9119139,22750,93.88,0.4703,84.23,1438.97,61004.41,9550008.0
2021-11-02,58550000,1787.28,49022598,9527402,22750,94.09,0.4703,83.28,1452.46,63226.4,9119139.0
2021-11-03,58600000,1769.52,48531199,10068801,22748,93.86,0.4703,80.66,1444.3,62970.05,9527402.0
2021-11-04,58500000,1791.7,49137352,9362648,22747,94.35,0.4703,80.05,1448.34,61452.23,10068801.0
2021-11-05,58750000,1816.73,49677047,9072953,22680,94.32,0.4703,81.44,1456.51,61125.68,9362648.0
2021-11-06,58750000,1816.73,49677047,9072953,22680,94.32,0.4703,81.44,1456.51,61527.48,9072953.0
2021-11-07,58750000,1816.73,49677047,9072953,22680,94.32,0.4703,81.77,1456.51,63326.99,9072953.0
2021-11-08,59000000,1824.26,49882948,9117052,22680,94.05,0.4703,82.26,1467.57,67566.83,9072953.0
2021-11-09,59300000,1831.48,50036211,9263789,22660,93.96,0.4703,84.83,1461.5,66971.83,9117052.0
2021-11-10,59400000,1849.57,50534891,8865109,22662,94.85,0.4703,81.72,1465.02,64995.23,9263789.0
2021-11-11,60000000,1861.52,50856907,9143093,22660,95.18,0.4703,81.5,1462.35,64949.96,8865109.0
2021-11-12,60700000,1864.04,50892043,9807957,22645,95.13,0.4703,80.8,1473.37,64155.94,9143093.0
2021-11-13,60850000,1864.04,50892043,9957957,22645,95.13,0.4703,80.8,1473.37,64469.53,9807957.0
2021-11-14,60850000,1864.04,50892043,9957957,22645,95.13,0.4703,81.02,1473.37,65466.84,9957957.0
2021-11-15,60800000,1862.46,50837678,9962322,22640,95.41,0.4703,80.8,1476.57,63557.87,9957957.0
2021-11-16,61800000,1849.91,50506265,11293735,22645,95.92,0.4703,80.61,1466.45,60161.25,9962322.0
2021-11-17,61800000,1866.96,50983019,10816981,22650,95.83,0.4703,78.53,1475.85,60368.01,11293735.0
2021-11-18,61750000,1858.46,50746419,11003581,22648,95.54,0.4703,79.31,1469.83,56942.14,10816981.0
2021-11-19,60800000,1844.6,50372411,10427589,22650,96.07,0.4703,76.63,1452.35,58119.58,11003581.0
2021-11-20,60500000,1844.6,50372411,10127589,22650,96.07,0.4703,76.63,1452.35,59697.2,10427589.0
2021-11-21,60500000,1844.6,50372411,10127589,22650,96.07,0.4703,76.42,1452.35,58730.48,10127589.0
2021-11-22,60000000,1805.04,49307339,10692661,22657,96.5,0.4703,77.26,1447.25,56289.29,10127589.0
2021-11-23,60050000,1789.73,48917175,11132825,22670,96.49,0.4703,79.08,1463.63,57569.07,10692661.0
2021-11-24,60100000,1788.5,48894338,11205662,22675,96.84,0.4703,79.17,1488.87,56280.43,11132825.0
2021-11-25,60150000,1788.45,48903752,11246248,22680,96.84,0.4703,78.17,1500.81,57274.68,11205662.0
2021-11-26,61050000,1791.81,48974026,12075974,22670,96.09,0.4703,68.89,1493.03,53569.77,11246248.0
2021-11-27,60850000,1791.81,48974026,11875974,22670,96.09,0.4703,68.89,1493.03,54815.08,12075974.0
2021-11-28,60850000,1791.81,48974026,11875974,22670,96.09,0.4703,72.0,1493.03,57248.46,11875974.0
2021-11-29,60650000,1785.01,48805384,11844616,22678,96.34,0.4703,71.42,1484.84,57806.57,11875974.0
2021-11-30,60700000,1773.78,48523998,12176002,22690,95.99,0.4703,67.47,1478.44,57005.43,11844616.0
2021-12-01,60650000,1782.66,48762623,11887377,22688,96.05,0.4703,66.77,1485.19,57229.83,12176002.0
2021-12-02,60700000,1768.64,48426034,12273966,22710,96.13,0.4703,67.84,1482.05,56477.82,11887377.0
2021-12-03,60850000,1783.74,48882490,11967510,22730,96.12,0.4703,66.74,1443.32,53598.25,12273966.0
2021-12-04,61100000,1783.74,48882490,12217510,22730,96.12,0.4703,66.74,1443.32,49200.7,11967510.0
2021-12-05,61100000,1783.74,48882490,12217510,22730,96.12,0.4703,67.95,1443.32,49368.85,12217510.0
2021-12-06,61500000,1778.11,48942581,12557419,22830,96.29,0.4703,70.16,1413.58,50582.62,12217510.0
2021-12-07,61350000,1784.04,49514482,11835518,23020,96.37,0.4703,72.22,1446.77,50700.09,12557419.0
2021-12-08,61100000,1782.06,49566956,11533044,23070,95.89,0.4703,72.94,1452.87,50504.8,11835518.0
2021-12-09,61250000,1774.46,49034659,12215341,22920,96.27,0.4703,70.84,1467.98,47672.12,11533044.0
2021-12-10,61250000,1782.51,49386054,11863946,22980,96.05,0.4703,72.27,1463.54,47243.3,12215341.0
2021-12-11,61400000,1782.51,49386054,12013946,22980,96.05,0.4703,72.27,1463.54,49362.51,11863946.0
2021-12-12,61400000,1782.51,49386054,12013946,22980,96.05,0.4703,72.72,1463.54,50098.34,12013946.0
2021-12-13,61550000,1786.94,49605741,11944259,23025,96.32,0.4703,71.47,1476.21,46737.48,12013946.0
2021-12-14,61600000,1770.18,49033769,12566231,22975,96.57,0.4703,70.51,1476.02,46612.63,11944259.0
2021-12-15,61400000,1777.06,49277907,12122093,23000,96.51,0.4703,71.83,1475.5,48896.72,12566231.0
2021-12-16,61550000,1799.03,49952206,11597794,23030,96.04,0.4703,72.08,1476.61,47665.43,12122093.0
2021-12-17,61750000,1797.68,49828027,11921973,22990,96.57,0.4703,70.53,1479.79,46202.14,11597794.0
2021-12-18,61600000,1797.68,49828027,11771973,22990,96.57,0.4703,70.53,1479.79,46848.78,11921973.0
2021-12-19,61600000,1797.68,49828027,11771973,22990,96.57,0.4703,69.61,1479.79,46707.02,11771973.0
2021-12-20,61700000,1789.32,49574731,12125269,22980,96.55,0.4703,69.56,1477.33,46880.28,11771973.0
2021-12-21,61550000,1788.36,49436014,12113986,22928,96.49,0.4703,71.61,1478.74,48936.61,12125269.0
2021-12-22,61550000,1803.4,49862640,11687360,22933,96.08,0.4703,73.42,1477.67,48628.51,12113986.0
2021-12-23,61600000,1807.91,50035291,11564709,22955,96.02,0.4703,74.06,1456.96,50784.54,11687360.0
2021-12-24,61550000,1808.11,50029927,11520073,22950,96.02,0.4703,74.06,1477.03,50822.2,11564709.0
2021-12-25,61600000,1808.11,50029927,11570073,22950,96.02,0.4703,74.06,1477.03,50429.86,11520073.0
2021-12-26,61600000,1808.11,50029927,11570073,22950,96.02,0.4703,73.61,1477.03,50809.52,11570073.0
2021-12-27,61550000,1810.9,49866961,11683039,22840,96.09,0.4703,76.14,1488.88,50640.42,11570073.0
2021-12-28,61500000,1805.37,49649381,11850619,22810,96.2,0.4703,76.42,1494.39,47588.86,11683039.0
2021-12-29,61300000,1803.66,49656719,11643281,22835,95.93,0.4703,76.84,1485.82,46444.71,11850619.0
2021-12-30,61300000,1815.01,49936373,11363627,22820,95.97,0.4703,76.61,1485.97,47178.12,11643281.0
2021-12-31,61650000,1828.39,50183254,11466746,22765,95.67,0.4703,75.63,1498.28,46306.45,11363627.0
2022-01-01,61650000,1828.39,50183254,11466746,22765,95.67,0.4703,75.63,1498.28,47686.81,11466746.0
2022-01-02,61650000,1828.39,50183254,11466746,22765,95.67,0.4703,76.03,1498.28,47345.22,11466746.0
2022-01-03,61600000,1800.85,49557645,12042355,22825,96.24,0.4703,76.17,1498.28,46458.12,11466746.0
2022-01-04,61600000,1814.56,49934930,11665070,22825,96.29,0.4703,77.25,1525.58,45897.57,12042355.0
2022-01-05,61700000,1809.53,49637248,12062752,22752,96.19,0.4703,77.39,1522.5,43569.0,11665070.0
2022-01-06,61450000,1788.68,49071781,12378219,22755,96.25,0.4703,79.69,1528.57,43160.93,12062752.0
2022-01-07,61600000,1795.63,49240803,12359197,22745,95.74,0.4703,79.07,1528.48,41557.9,12378219.0
2022-01-08,61750000,1795.63,49240803,12509197,22745,95.74,0.4703,79.07,1528.48,41733.94,12359197.0
2022-01-09,61750000,1795.63,49240803,12509197,22745,95.74,0.4703,78.7,1528.48,41911.6,12509197.0
2022-01-10,61500000,1801.41,49268993,12231007,22685,95.99,0.4703,78.7,1503.71,41821.26,12509197.0
2022-01-11,61650000,1822.01,49854375,11795625,22695,95.62,0.4703,81.42,1492.31,42735.86,12231007.0
2022-01-12,61600000,1825.32,49951546,11648454,22698,95.0,0.4703,82.86,1510.51,43949.1,11795625.0
2022-01-13,61700000,1822.09,49863154,11836846,22698,94.79,0.4703,82.03,1496.05,42591.57,11648454.0
2022-01-14,61700000,1817.22,49756173,11943827,22710,95.17,0.4703,84.35,1496.02,43099.7,11836846.0
2022-01-15,61700000,1817.22,49756173,11943827,22710,95.17,0.4703,84.35,1496.02,43177.4,11943827.0
2022-01-16,61700000,1817.22,49756173,11943827,22710,95.17,0.4703,84.5,1496.02,43113.88,11943827.0
2022-01-17,61700000,1818.99,49804637,11895363,22710,95.17,0.4703,84.33,1452.84,42250.55,11943827.0
2022-01-18,61700000,1813.54,49677279,12022721,22720,95.73,0.4703,86.75,1438.94,42375.63,11895363.0
2022-01-19,61750000,1839.96,50467537,11282463,22750,95.51,0.4703,85.58,1442.79,41744.33,12022721.0
2022-01-20,61700000,1838.36,50312830,11387170,22700,95.74,0.4703,84.67,1465.3,40680.42,11282463.0
2022-01-21,61750000,1833.24,50051141,11698859,22645,95.64,0.4703,85.43,1472.89,36457.32,11387170.0
2022-01-22,61930000,1833.24,50051141,11878859,22645,95.64,0.4703,85.43,1472.89,35030.25,11698859.0
2022-01-23,61930000,1833.24,50051141,11878859,22645,95.64,0.4703,86.39,1472.89,36276.8,11878859.0
2022-01-24,62100000,1843.06,50274805,11825195,22625,95.92,0.4703,84.7,1439.71,36654.33,11878859.0
2022-01-25,62550000,1847.56,50508931,12041069,22675,95.95,0.4703,85.86,1479.58,36954.0,11825195.0
2022-01-26,62450000,1818.12,49605454,12844546,22630,96.49,0.4703,87.89,1481.58,36852.12,12041069.0
2022-01-27,62550000,1796.51,49015848,13534152,22630,97.26,0.4703,87.86,1470.76,37138.23,12844546.0
2022-01-28,62500000,1791.03,48866332,13633668,22630,97.27,0.4703,87.79,1478.96,37784.33,13534152.0
2022-01-29,62500000,1791.03,48866332,13633668,22630,97.27,0.4703,87.79,1478.96,38138.18,13633668.0
2022-01-30,62500000,1791.03,48866332,13633668,22630,97.27,0.4703,88.19,1478.96,37917.6,13633668.0
2022-01-31,62500000,1796.47,49047246,13452754,22645,96.54,0.4703,88.8,1478.96,38483.12,13633668.0
2022-02-01,62500000,1800.65,49161368,13338632,22645,96.39,0.4703,88.73,1478.96,38743.27,13452754.0
2022-02-02,62500000,1806.5,49321085,13178915,22645,95.94,0.4703,88.02,1478.96,36952.98,13338632.0
2022-02-03,62500000,1804.4,49263751,13236249,22645,95.38,0.4703,90.52,1478.96,37154.6,13178915.0
2022-02-04,62500000,1807.49,49348114,13151886,22645,95.48,0.4703,92.33,1478.96,41500.88,13236249.0
2022-02-05,62500000,1807.49,49348114,13151886,22645,95.48,0.4703,92.33,1478.96,41441.16,13151886.0
2022-02-06,62500000,1807.49,49348114,13151886,22645,95.48,0.4703,92.14,1478.96,42412.43,13151886.0
2022-02-07,63450000,1820.31,49698126,13751874,22645,95.4,0.4703,91.69,1497.66,43840.29,13151886.0
2022-02-08,62500000,1825.48,49883295,12616705,22665,95.64,0.4703,90.08,1500.99,44118.45,13751874.0
2022-02-09,62150000,1832.43,50183675,11966325,22715,95.49,0.4703,90.28,1505.38,44338.8,12616705.0
2022-02-10,62200000,1826.57,49946114,12253886,22680,95.55,0.4703,90.17,1506.79,43565.11,11966325.0
2022-02-11,62350000,1859.96,50859137,11490863,22680,96.08,0.4703,94.17,1501.71,42407.94,12253886.0
2022-02-12,62700000,1859.96,50859137,11840863,22680,96.08,0.4703,94.17,1501.71,42244.47,11490863.0
2022-02-13,62700000,1859.96,50859137,11840863,22680,96.08,0.4703,94.55,1501.71,42197.52,11840863.0
2022-02-14,62950000,1870.29,51152877,11797123,22685,96.37,0.4703,94.97,1471.96,42586.92,11840863.0
2022-02-15,62950000,1853.06,50770998,12179002,22725,95.99,0.4703,92.55,1492.75,44575.2,11797123.0
2022-02-16,62900000,1868.37,51246784,11653216,22750,95.7,0.4703,91.42,1492.1,43961.86,12179002.0
2022-02-17,63150000,1897.27,52039471,11110529,22750,95.8,0.4703,91.8,1507.99,40538.01,11653216.0
2022-02-18,63200000,1897.87,52136014,11063986,22785,96.04,0.4703,92.52,1504.84,40030.98,11110529.0
2022-02-19,63250000,1897.87,52136014,11113986,22785,96.04,0.4703,92.52,1504.84,40122.16,11063986.0
2022-02-20,63250000,1897.87,52136014,11113986,22785,96.04,0.4703,93.33,1504.84,38431.38,11113986.0
2022-02-21,63400000,1905.63,52429601,10970399,22820,96.04,0.4703,94.31,1510.84,37075.28,11113986.0
2022-02-22,63600000,1898.13,52177484,11422516,22800,96.03,0.4703,93.28,1503.47,38286.03,10970399.0
2022-02-23,63900000,1907.55,52470927,11429073,22815,96.19,0.4703,94.36,1512.3,37296.57,11422516.0
2022-02-24,65650000,1903.14,52372566,13277434,22825,97.14,0.4703,96.28,1494.85,38332.61,11429073.0
2022-02-25,65800000,1887.56,51977956,13822044,22840,96.62,0.4703,93.41,1498.89,39214.22,13277434.0
2022-02-26,65750000,1887.56,51977956,13772044,22840,96.62,0.4703,93.41,1498.89,39105.15,13822044.0
2022-02-27,65750000,1887.56,51977956,13772044,22840,96.62,0.4703,98.13,1498.89,37709.79,13772044.0
2022-02-28,65950000,1907.9,52492055,13457945,22820,96.71,0.4703,97.25,1490.13,43193.23,13772044.0
2022-03-01,66400000,1943.22,53428672,12971328,22805,97.41,0.4703,107.77,1498.78,44354.64,13457945.0
2022-03-02,67400000,1926.11,52981456,14418544,22815,97.39,0.4703,112.22,1485.52,43924.12,12971328.0
2022-03-03,67350000,1935.21,53290099,14059901,22840,97.79,0.4703,110.52,1505.0,42451.79,14418544.0
2022-03-04,67700000,1968.45,54193567,13506433,22835,98.65,0.4703,116.37,1505.33,39137.61,14059901.0
2022-03-05,69300000,1968.45,54193567,15106433,22835,98.65,0.4703,116.37,1505.33,39400.59,13506433.0
2022-03-06,69000000,1968.45,54193567,14806433,22835,98.65,0.4703,128.26,1505.33,38419.98,15106433.0
2022-03-07,73500000,1998.11,54998093,18501907,22830,99.29,0.4703,122.09,1499.05,38062.04,14806433.0
2022-03-08,72000000,2052.41,56529822,15470178,22845,99.06,0.4703,126.47,1473.71,38737.27,18501907.0
2022-03-09,70200000,1991.49,54851893,15348107,22845,97.97,0.4703,111.59,1473.74,41982.93,15470178.0
2022-03-10,69600000,1995.86,54948194,14651806,22835,98.51,0.4703,108.32,1479.08,39437.46,15348107.0
2022-03-11,70200000,1985.29,54657190,15542810,22835,99.12,0.4703,110.0,1466.54,38794.97,14651806.0
2022-03-12,69800000,1985.29,54657190,15142810,22835,99.12,0.4703,110.0,1466.54,38904.01,15542810.0
2022-03-13,69800000,1985.29,54657190,15142810,22835,99.12,0.4703,107.76,1466.54,37849.66,15142810.0
2022-03-14,69000000,1951.11,53805567,15194433,22873,99.06,0.4703,101.84,1446.25,39666.75,15142810.0
2022-03-15,68700000,1917.84,52927392,15772608,22890,99.07,0.4703,96.28,1452.74,39338.79,15194433.0
2022-03-16,68200000,1927.93,53182606,15017394,22880,98.38,0.4703,96.69,1459.33,41143.93,15772608.0
2022-03-17,68700000,1942.64,53586044,15113956,22879,98.01,0.4703,103.92,1461.34,40951.38,15017394.0
2022-03-18,69100000,1921.09,52959179,16140821,22865,98.23,0.4703,105.47,1469.1,41801.16,15113956.0
2022-03-19,68900000,1921.09,52959179,15940821,22865,98.23,0.4703,105.47,1469.1,42190.65,16140821.0
2022-03-20,68900000,1921.09,52959179,15940821,22865,98.23,0.4703,106.65,1469.1,41247.82,15940821.0
2022-03-21,68700000,1935.95,53357158,15342842,22860,98.5,0.4703,114.2,1494.95,41078.0,15940821.0
2022-03-22,68750000,1921.44,52957245,15792755,22860,98.49,0.4703,110.59,1503.78,42358.81,15342842.0
2022-03-23,68800000,1943.38,53585369,15214631,22870,98.62,0.4703,116.44,1502.34,42892.96,15792755.0
2022-03-24,68900000,1957.48,53978872,14921128,22872,98.79,0.4703,113.83,1498.26,43960.93,15214631.0
2022-03-25,69250000,1957.4,53969586,15280414,22869,98.81,0.4703,114.39,1498.5,44348.73,14921128.0
2022-03-26,69450000,1957.4,53969586,15480414,22869,98.81,0.4703,114.39,1498.5,44500.83,15280414.0
2022-03-27,69450000,1957.4,53969586,15480414,22869,98.81,0.4703,112.31,1498.5,46820.49,15480414.0
2022-03-28,69300000,1923.2,53008071,16291929,22861,99.09,0.4703,105.47,1483.18,47128.0,15480414.0
2022-03-29,69100000,1919.19,52895232,16204768,22860,98.4,0.4703,107.69,1497.76,47465.73,16291929.0
2022-03-30,68700000,1933.06,53289159,15410841,22865,97.79,0.4703,108.88,1490.51,47062.66,16204768.0
2022-03-31,68850000,1937.23,53378423,15471577,22854,98.31,0.4703,102.19,1492.15,45538.68,15410841.0
2022-04-01,69100000,1924.3,52985029,16114971,22838,98.63,0.4703,100.57,1516.44,46281.64,15471577.0
2022-04-02,69050000,1924.3,52985029,16064971,22838,98.63,0.4703,100.57,1516.44,45868.95,16114971.0
2022-04-03,69050000,1924.3,52985029,16064971,22838,98.63,0.4703,99.39,1516.44,46453.57,16064971.0
2022-04-04,69000000,1932.44,53206832,15793168,22837,98.99,0.4703,105.3,1524.7,46622.68,16064971.0
2022-04-05,68850000,1923.76,52988716,15861284,22846,99.47,0.4703,101.94,1520.03,45555.99,15793168.0
2022-04-06,68800000,1925.48,53098771,15701229,22873,99.6,0.4703,97.59,1522.9,43206.74,15861284.0
2022-04-07,68850000,1932.17,53266954,15583046,22866,99.75,0.4703,97.69,1502.35,43503.85,15701229.0
2022-04-08,69050000,1945.85,53627669,15422331,22859,99.8,0.4703,98.6,1482.0,42287.66,15583046.0
2022-04-09,69450000,1945.85,53627669,15822331,22859,99.8,0.4703,98.6,1482.0,42782.14,15422331.0
2022-04-10,69450000,1945.85,53627669,15822331,22859,99.8,0.4703,97.33,1482.0,42207.67,15822331.0
2022-04-11,69450000,1953.43,53838929,15611071,22860,99.93,0.4703,95.83,1482.0,39521.9,15822331.0
2022-04-12,69500000,1966.59,54201634,15298366,22860,100.29,0.4703,101.91,1455.25,40127.18,15611071.0
2022-04-13,69800000,1977.72,54575155,15224845,22888,99.88,0.4703,104.19,1477.2,41166.73,15298366.0
2022-04-14,69550000,1973.52,54456877,15093123,22887,100.32,0.4703,106.91,1472.12,39935.52,15224845.0
2022-04-15,69700000,1974.54,54515971,15184029,22900,100.32,0.4703,106.91,1458.56,40553.46,15093123.0
2022-04-16,69850000,1974.54,54515971,15334029,22900,100.32,0.4703,106.91,1458.56,40424.48,15184029.0
2022-04-17,69850000,1974.54,54515971,15334029,22900,100.32,0.4703,108.28,1458.56,39716.95,15334029.0
2022-04-18,71000000,1978.5,54622919,16377081,22899,100.78,0.4703,108.16,1432.6,40826.21,15334029.0
2022-04-19,70750000,1949.84,53810509,16939491,22890,100.96,0.4703,104.0,1406.45,41502.75,16377081.0
2022-04-20,70200000,1957.41,54172818,16027182,22955,100.39,0.4703,103.08,1384.72,41374.38,16939491.0
2022-04-21,70400000,1951.49,54025447,16374553,22962,100.58,0.4703,104.34,1370.21,40527.36,16027182.0
2022-04-22,70500000,1929.73,53423039,17076961,22962,101.22,0.4703,102.42,1379.23,39740.32,16374553.0
2022-04-23,70350000,1929.73,53423039,16926961,22962,101.22,0.4703,102.42,1379.23,39486.73,17076961.0
2022-04-24,70350000,1929.73,53423039,16926961,22962,101.22,0.4703,101.16,1379.23,39469.29,16926961.0
2022-04-25,70250000,1897.69,52542901,17707099,22965,101.75,0.4703,99.2,1310.92,40458.31,16926961.0
2022-04-26,70150000,1905.56,52802158,17347842,22983,102.3,0.4703,102.58,1341.34,38117.46,17707099.0
2022-04-27,70050000,1886.12,52233923,17816077,22970,102.95,0.4703,102.41,1353.77,39241.12,17347842.0
2022-04-28,69900000,1894.34,52450147,17449853,22965,103.62,0.4703,105.56,1350.99,39773.83,17816077.0
2022-04-29,70350000,1896.4,52486606,17863394,22956,102.96,0.4703,104.78,1366.8,38609.82,17449853.0
2022-04-30,70350000,1896.4,52486606,17863394,22956,102.96,0.4703,104.78,1366.8,37714.88,17863394.0
2022-05-01,70350000,1896.4,52486606,17863394,22956,102.96,0.4703,105.17,1366.8,38469.09,17863394.0
2022-05-02,70350000,1862.77,51569305,18780695,22962,103.74,0.4703,105.7,1366.8,38529.33,17863394.0
2022-05-03,69950000,1867.79,51708280,18241720,22962,103.47,0.4703,103.86,1366.8,37750.45,18780695.0
2022-05-04,70100000,1880.92,52071773,18028227,22962,102.59,0.4703,108.61,1348.68,39698.37,18241720.0
2022-05-05,70350000,1876.84,51967873,18382127,22966,103.75,0.4703,109.09,1360.68,36575.14,18028227.0
2022-05-06,70450000,1882.96,52112358,18337642,22955,103.66,0.4703,110.95,1329.26,36040.92,18382127.0
2022-05-07,70450000,1882.96,52112358,18337642,22955,103.66,0.4703,110.95,1329.26,35501.95,18337642.0
2022-05-08,70450000,1882.96,52112358,18337642,22955,103.66,0.4703,109.47,1329.26,34059.27,18337642.0
2022-05-09,70300000,1853.92,51308653,18991347,22955,103.65,0.4703,103.03,1269.62,30296.95,18337642.0
2022-05-10,70150000,1838.14,50860849,19289151,22950,103.92,0.4703,99.08,1293.56,31022.91,18991347.0
2022-05-11,70200000,1852.12,51227575,18972425,22941,103.85,0.4703,105.97,1301.53,28936.36,19289151.0
2022-05-12,70300000,1821.72,50626148,19673852,23050,104.85,0.4703,107.23,1238.84,29047.75,18972425.0
2022-05-13,69800000,1811.15,50432851,19367149,23096,104.56,0.4703,110.3,1182.77,29283.1,19673852.0
2022-05-14,69500000,1811.15,50432851,19067149,23096,104.56,0.4703,110.3,1182.77,30101.27,19367149.0
2022-05-15,69500000,1811.15,50432851,19067149,23096,104.56,0.4703,111.44,1182.77,31305.11,19067149.0
2022-05-16,69250000,1823.79,50762833,18487167,23086,104.19,0.4703,113.67,1171.95,29862.92,19067149.0
2022-05-17,69250000,1814.67,50528680,18721320,23095,103.36,0.4703,112.83,1228.37,30425.86,18487167.0
2022-05-18,69250000,1815.61,50609579,18640421,23120,103.81,0.4703,107.35,1240.76,28720.27,18721320.0
2022-05-19,69250000,1841.72,51379576,17870424,23139,102.72,0.4703,110.89,1241.64,30314.33,18640421.0
2022-05-20,69800000,1845.68,51492276,18307724,23140,103.15,0.4703,112.04,1240.71,29200.74,17870424.0
2022-05-21,69850000,1845.68,51492276,18357724,23140,103.15,0.4703,112.04,1240.71,29432.23,18307724.0
2022-05-22,69850000,1845.68,51492276,18357724,23140,103.15,0.4703,111.89,1240.71,30323.72,18357724.0
2022-05-23,69950000,1853.22,51747320,18202680,23160,102.08,0.4703,111.23,1218.81,29098.91,18357724.0
2022-05-24,69900000,1865.9,52123879,17776121,23170,101.86,0.4703,112.06,1233.38,29655.59,18202680.0
2022-05-25,69100000,1852.83,51848124,17251876,23210,102.06,0.4703,112.13,1268.43,29562.36,17776121.0
2022-05-26,69300000,1850.02,51724881,17575119,23190,101.83,0.4703,115.45,1268.57,29267.22,17251876.0
2022-05-27,69550000,1852.73,51834157,17715843,23205,101.67,0.4703,116.45,1285.45,28627.57,17575119.0
2022-05-28,69500000,1852.73,51834157,17665843,23205,101.67,0.4703,116.45,1285.45,28814.9,17715843.0
2022-05-29,69500000,1852.73,51834157,17665843,23205,101.67,0.4703,116.86,1285.45,29445.96,17665843.0
2022-05-30,69300000,1856.21,51909138,17390862,23195,101.67,0.4703,118.83,1293.92,31726.39,17665843.0
2022-05-31,69300000,1837.09,51332362,17967638,23176,101.75,0.4703,116.2,1292.68,31792.31,17390862.0
2022-06-01,69300000,1845.55,51588779,17711221,23185,102.55,0.4703,114.22,1299.52,29799.08,17967638.0
2022-06-02,69450000,1868.13,52244734,17205266,23196,101.77,0.4703,118.45,1288.62,30467.49,17711221.0
2022-06-03,69700000,1850.77,51752545,17947455,23193,102.14,0.4703,121.43,1287.98,29704.39,17205266.0
2022-06-04,69650000,1850.77,51752545,17897455,23193,102.14,0.4703,121.43,1287.98,29832.91,17947455.0
2022-06-05,69650000,1850.77,51752545,17897455,23193,102.14,0.4703,121.19,1287.98,29906.66,17897455.0
2022-06-06,69500000,1841.0,51466031,18033969,23187,102.44,0.4703,119.83,1290.01,31370.67,17897455.0
2022-06-07,69600000,1851.97,51757073,17842927,23180,102.32,0.4703,120.27,1291.35,31155.48,18033969.0
2022-06-08,69600000,1853.26,51804297,17795703,23185,102.54,0.4703,122.86,1307.91,30214.36,17842927.0
2022-06-09,69700000,1847.61,51650817,18049183,23187,103.22,0.4703,122.0,1307.8,30112.0,17795703.0
2022-06-10,69450000,1870.96,52231394,17218606,23155,104.15,0.4703,121.08,1284.08,29083.8,18049183.0
2022-06-11,69650000,1870.96,52231394,17418606,23155,104.15,0.4703,121.08,1284.08,28360.81,17218606.0
2022-06-12,69650000,1870.96,52231394,17418606,23155,104.15,0.4703,119.34,1284.08,26762.65,17418606.0
2022-06-13,68650000,1818.77,50822653,17827347,23177,105.08,0.4703,121.02,1227.04,22487.39,17418606.0
2022-06-14,68400000,1808.1,50563736,17836264,23195,105.52,0.4703,118.97,1230.31,22206.79,17827347.0
2022-06-15,68450000,1833.38,51303850,17146150,23210,105.16,0.4703,117.14,1213.93,22572.84,17836264.0
2022-06-16,68600000,1856.71,52001469,16598531,23230,103.63,0.4703,117.38,1236.63,20381.65,17146150.0
2022-06-17,68750000,1839.35,51519698,17230302,23232,104.7,0.4703,111.42,1217.3,20471.48,16598531.0
2022-06-18,68650000,1839.35,51519698,17130302,23232,104.7,0.4703,111.42,1217.3,19017.64,17230302.0
2022-06-19,68650000,1839.35,51519698,17130302,23232,104.7,0.4703,111.42,1217.3,20553.27,17130302.0
2022-06-20,68650000,1838.29,51463411,17186589,23220,104.7,0.4703,111.2,1180.4,20599.54,17130302.0
2022-06-21,68650000,1832.56,51325093,17324907,23230,104.44,0.4703,111.47,1172.47,20710.6,17186589.0
2022-06-22,68550000,1837.39,51451507,17098493,23226,104.2,0.4703,105.97,1169.27,19987.03,17324907.0
2022-06-23,68700000,1822.43,51052365,17647635,23235,104.43,0.4703,106.44,1188.88,21085.88,17098493.0
2022-06-24,68600000,1826.18,51177230,17422770,23244,104.19,0.4703,109.16,1185.48,21231.66,17647635.0
2022-06-25,68650000,1826.18,51177230,17472770,23244,104.19,0.4703,109.16,1185.48,21502.34,17422770.0
2022-06-26,68650000,1826.18,51177230,17472770,23244,104.19,0.4703,108.33,1185.48,21027.29,17472770.0
2022-06-27,68650000,1822.73,51087140,17562860,23247,103.94,0.4703,112.11,1202.82,20735.48,17472770.0
2022-06-28,68650000,1819.69,50997547,17652453,23245,104.51,0.4703,113.64,1218.1,20280.63,17562860.0
2022-06-29,68650000,1817.11,50947150,17702850,23255,105.11,0.4703,111.39,1218.09,20104.02,17652453.0
2022-06-30,68650000,1806.89,50682392,17967608,23265,104.69,0.4703,107.75,1197.6,19784.73,17702850.0
2022-07-01,68650000,1810.18,50752850,17897150,23255,105.14,0.4703,109.94,1198.9,19269.37,17967608.0
2022-07-02,68650000,1810.18,50752850,17897150,23255,105.14,0.4703,109.94,1198.9,19242.26,17897150.0
2022-07-03,68650000,1810.18,50752850,17897150,23255,105.14,0.4703,109.5,1198.9,19297.08,17897150.0
2022-07-04,68650000,1809.12,50821283,17828717,23300,105.14,0.4703,111.67,1195.53,20231.26,17897150.0
2022-07-05,68650000,1764.35,49638069,19011931,23335,106.5,0.4703,102.28,1181.29,20190.12,17828717.0
2022-07-06,68650000,1738.3,48957575,19692425,23360,107.1,0.4703,99.25,1149.61,20548.25,19011931.0
2022-07-07,68450000,1739.61,49021736,19428264,23373,107.13,0.4703,103.78,1166.48,21637.59,19692425.0
2022-07-08,68600000,1741.82,49035712,19564288,23350,107.01,0.4703,105.8,1171.31,21731.12,19428264.0
2022-07-09,68550000,1741.82,49035712,19514288,23350,107.01,0.4703,105.8,1171.31,21592.21,19564288.0
2022-07-10,68550000,1741.82,49035712,19514288,23350,107.01,0.4703,105.16,1171.31,20860.45,19514288.0
2022-07-11,68200000,1733.67,48816724,19383276,23355,108.02,0.4703,103.81,1155.29,19970.56,19514288.0
2022-07-12,68250000,1725.81,48578757,19671243,23347,108.07,0.4703,94.94,1174.82,19323.91,19383276.0
2022-07-13,68200000,1735.23,48931782,19268218,23389,107.96,0.4703,96.34,1173.92,20212.07,19671243.0
2022-07-14,68200000,1709.45,48202750,19997250,23388,108.54,0.4703,96.56,1182.17,20569.92,19268218.0
2022-07-15,67950000,1706.78,48183022,19766978,23415,108.06,0.4703,97.41,1179.25,20836.33,19997250.0
2022-07-16,67950000,1706.78,48183022,19766978,23415,108.06,0.4703,97.41,1179.25,21190.32,19766978.0
2022-07-17,67950000,1706.78,48183022,19766978,23415,108.06,0.4703,96.89,1179.25,20779.34,19766978.0
2022-07-18,64500000,1709.01,48318092,16181908,23450,107.37,0.4703,101.67,1176.49,22485.69,19766978.0
2022-07-19,65300000,1711.07,48355704,16944296,23440,106.68,0.4703,102.95,1178.33,23389.43,16181908.0
2022-07-20,66500000,1696.43,47884702,18615298,23412,107.08,0.4703,102.08,1194.14,23231.73,16944296.0
2022-07-21,65200000,1718.49,48503240,16696760,23410,106.91,0.4703,98.51,1198.47,23164.63,18615298.0
2022-07-22,66400000,1726.46,48728188,17671812,23410,106.73,0.4703,97.49,1194.76,22714.98,16696760.0
2022-07-23,66200000,1726.46,48728188,17471812,23410,106.73,0.4703,97.49,1194.76,22465.48,17671812.0
2022-07-24,66200000,1726.46,48728188,17471812,23410,106.73,0.4703,97.05,1194.76,22609.16,17471812.0
2022-07-25,66500000,1718.78,48490703,18009297,23400,106.48,0.4703,98.31,1188.5,21361.7,17471812.0
2022-07-26,66000000,1717.0,48409433,17590567,23385,107.19,0.4703,97.52,1185.07,21239.75,18009297.0
2022-07-27,66100000,1733.89,48854276,17245724,23370,106.45,0.4703,99.98,1191.04,22930.55,17590567.0
2022-07-28,66000000,1755.11,49462754,16537246,23375,106.35,0.4703,99.28,1208.12,23843.89,17245724.0
2022-07-29,66700000,1765.22,49711495,16988505,23358,105.9,0.4703,100.05,1206.33,23804.63,16537246.0
2022-07-30,67100000,1765.22,49711495,17388505,23358,105.9,0.4703,100.05,1206.33,23656.21,16988505.0
2022-07-31,67100000,1765.22,49711495,17388505,23358,105.9,0.4703,99.61,1206.33,23336.9,17388505.0
2022-08-01,67800000,1771.73,49845697,17954303,23335,105.45,0.4703,95.25,1231.35,23314.2,17388505.0
2022-08-02,68400000,1759.75,49551086,18848914,23355,106.24,0.4703,95.27,1241.62,22978.12,17954303.0
2022-08-03,67000000,1764.9,49691844,17308156,23353,106.51,0.4703,92.39,1249.76,22846.51,18848914.0
2022-08-04,67400000,1790.97,50514392,16885608,23394,105.69,0.4703,89.25,1254.15,22630.96,17308156.0
2022-08-05,67600000,1774.15,50037844,17562156,23393,106.62,0.4703,89.69,1252.74,23289.31,16885608.0
2022-08-06,67300000,1774.15,50037844,17262156,23393,106.62,0.4703,89.69,1252.74,22961.28,17562156.0
2022-08-07,67300000,1774.15,50037844,17262156,23393,106.62,0.4703,89.11,1252.74,23175.89,17262156.0
2022-08-08,67300000,1788.52,50425882,16874118,23385,106.44,0.4703,91.38,1256.75,23809.49,17262156.0
2022-08-09,67200000,1794.08,50589131,16610869,23388,106.37,0.4703,91.39,1258.85,23164.32,16874118.0
2022-08-10,67000000,1792.13,50527663,16472337,23385,105.2,0.4703,92.36,1256.5,23947.64,16610869.0
2022-08-11,67200000,1789.45,50452103,16747897,23385,105.09,0.4703,94.78,1252.07,23957.53,16472337.0
2022-08-12,67300000,1801.76,50810035,16489965,23390,105.63,0.4703,92.66,1262.33,24402.82,16747897.0
2022-08-13,67600000,1801.76,50810035,16789965,23390,105.63,0.4703,92.66,1262.33,24424.07,16489965.0
2022-08-14,67600000,1801.76,50810035,16789965,23390,105.63,0.4703,92.16,1262.33,24319.33,16789965.0
2022-08-15,67100000,1778.91,50169949,16930051,23392,106.55,0.4703,88.84,1274.2,24136.97,16789965.0
2022-08-16,67000000,1775.54,50092032,16907968,23400,106.5,0.4703,87.61,1274.69,23883.29,16930051.0
2022-08-17,67200000,1761.05,49689606,17510394,23403,106.57,0.4703,88.33,1275.28,23336.0,16907968.0
2022-08-18,67200000,1758.2,49604951,17595049,23401,107.48,0.4703,91.38,1273.66,23212.74,17510394.0
2022-08-19,67200000,1747.83,49312377,17887623,23401,108.17,0.4703,90.63,1269.18,20877.55,17595049.0
2022-08-20,67200000,1747.83,49312377,17887623,23401,108.17,0.4703,90.63,1269.18,21166.06,17887623.0
2022-08-21,67200000,1747.83,49312377,17887623,23401,108.17,0.4703,90.38,1269.18,21534.12,17887623.0
2022-08-22,67000000,1735.7,48968055,18031945,23400,109.05,0.4703,91.72,1260.43,21398.91,17887623.0
2022-08-23,67050000,1747.67,49326826,17723174,23410,108.62,0.4703,94.56,1270.81,21528.09,18031945.0
2022-08-24,67100000,1750.89,49459928,17640072,23430,108.68,0.4703,96.08,1277.16,21395.02,17723174.0
2022-08-25,66850000,1758.44,49662604,17187396,23425,108.47,0.4703,93.77,1288.88,21600.9,17640072.0
2022-08-26,66900000,1736.86,49048944,17851056,23423,108.8,0.4703,93.83,1282.57,20260.02,17187396.0
2022-08-27,66800000,1736.86,49048944,17751056,23423,108.8,0.4703,93.83,1282.57,20041.74,17851056.0
2022-08-28,66800000,1736.86,49048944,17751056,23423,108.8,0.4703,93.67,1282.57,19616.81,17751056.0
2022-08-29,66550000,1737.82,49053007,17496993,23412,108.84,0.4703,97.53,1270.8,20297.99,17751056.0
2022-08-30,66700000,1723.55,48687615,18012385,23430,108.77,0.4703,92.72,1279.39,19796.81,17496993.0
2022-08-31,66650000,1710.7,48293685,18356315,23415,108.7,0.4703,89.83,1280.51,20049.76,18012385.0
2022-09-01,66650000,1696.09,47952811,18697189,23450,109.69,0.4703,87.81,1280.51,20127.14,18356315.0
2022-09-02,66650000,1711.44,48386795,18263205,23450,109.53,0.4703,87.67,1280.51,19969.77,18697189.0
2022-09-03,66700000,1711.44,48386795,18313205,23450,109.53,0.4703,87.67,1280.51,19832.09,18263205.0
2022-09-04,66700000,1711.44,48386795,18313205,23450,109.53,0.4703,88.72,1280.51,19986.71,18313205.0
2022-09-05,66700000,1710.21,48352020,18347980,23450,109.53,0.4703,89.41,1277.35,19812.37,18313205.0
2022-09-06,66800000,1701.15,48208675,18591325,23505,110.21,0.4703,87.22,1277.4,18837.67,18347980.0
2022-09-07,66800000,1717.69,48708464,18091536,23520,109.84,0.4703,82.41,1243.17,19290.32,18591325.0
2022-09-08,66950000,1707.28,48536771,18413229,23580,109.71,0.4703,83.31,1234.6,19329.83,18091536.0
2022-09-09,67000000,1716.05,48707476,18292524,23542,109.0,0.4703,86.44,1248.78,21381.15,18413229.0
2022-09-10,66950000,1716.05,48707476,18242524,23542,109.0,0.4703,86.44,1248.78,21680.54,18292524.0
2022-09-11,66950000,1716.05,48707476,18242524,23542,109.0,0.4703,86.58,1248.78,21769.26,18242524.0
2022-09-12,67000000,1724.07,48878988,18121012,23515,108.33,0.4703,88.28,1249.62,22370.45,18242524.0
2022-09-13,67050000,1701.55,48250783,18799217,23520,109.82,0.4703,87.78,1248.4,20296.71,18121012.0
2022-09-14,66900000,1695.8,48155200,18744800,23553,109.66,0.4703,89.24,1240.77,20241.09,18799217.0
2022-09-15,66750000,1663.74,47319019,19430981,23590,109.74,0.4703,84.84,1245.66,19701.21,18744800.0
2022-09-16,66550000,1674.94,47698144,18851856,23620,109.76,0.4703,85.6,1234.03,19772.58,19430981.0
2022-09-17,66650000,1674.94,47698144,18951856,23620,109.76,0.4703,85.6,1234.03,20127.58,18851856.0
2022-09-18,66650000,1674.94,47698144,18951856,23620,109.76,0.4703,85.83,1234.03,19419.51,18951856.0
2022-09-19,66550000,1675.78,47782677,18767323,23650,109.74,0.4703,86.0,1205.43,19544.13,18951856.0
2022-09-20,66650000,1663.11,47461511,19188489,23670,110.22,0.4703,84.56,1218.93,18890.79,18767323.0
2022-09-21,66750000,1673.74,47764868,18985132,23670,110.64,0.4703,83.36,1210.55,18547.4,19188489.0
2022-09-22,66600000,1670.53,47713543,18886457,23690,111.35,0.4703,84.09,1214.7,19413.55,18985132.0
2022-09-23,66600000,1643.09,46949614,19650386,23700,113.19,0.4703,79.73,1203.28,19297.64,18886457.0
2022-09-24,66600000,1643.09,46949614,19650386,23700,113.19,0.4703,79.73,1203.28,18937.01,19650386.0
2022-09-25,66600000,1643.09,46949614,19650386,23700,113.19,0.4703,79.94,1203.28,18802.1,19650386.0
2022-09-26,66400000,1621.57,46334702,20065298,23700,114.1,0.4703,77.06,1174.35,19222.67,19650386.0
2022-09-27,65600000,1628.8,46570749,19029251,23715,114.11,0.4703,78.86,1166.54,19110.55,20065298.0
2022-09-28,65200000,1659.44,47476820,17723180,23730,112.6,0.4703,82.09,1143.62,19426.72,19029251.0
2022-09-29,65550000,1660.29,47501139,18048861,23730,112.25,0.4703,82.0,1126.07,19573.05,17723180.0
2022-09-30,66400000,1659.67,47663489,18736511,23820,112.12,0.4703,80.03,1132.11,19431.79,18048861.0
2022-10-01,66400000,1659.67,47663489,18736511,23820,112.12,0.4703,80.03,1132.11,19312.1,18736511.0
2022-10-02,66400000,1659.67,47663489,18736511,23820,112.12,0.4703,82.36,1132.11,19044.11,18736511.0
2022-10-03,66200000,1699.22,48871015,17328985,23855,111.75,0.4703,83.67,1086.44,19623.58,18736511.0
2022-10-04,66400000,1726.24,49700165,16699835,23880,110.07,0.4703,86.84,1078.14,20336.84,17328985.0
2022-10-05,66400000,1715.81,49389531,17010469,23875,111.07,0.4703,88.31,1104.26,20160.72,16699835.0
2022-10-06,65700000,1710.85,49226131,16473869,23865,112.26,0.4703,89.11,1074.52,19955.44,17010469.0
2022-10-07,65900000,1694.52,48766484,17133516,23870,112.8,0.4703,93.54,1035.91,19546.85,16473869.0
2022-10-08,66500000,1694.52,48766484,17733516,23870,112.8,0.4703,93.54,1035.91,19416.57,17133516.0
2022-10-09,66500000,1694.52,48766484,17733516,23870,112.8,0.4703,92.84,1035.91,19446.43,17733516.0
2022-10-10,67200000,1667.96,48012171,19187829,23875,113.14,0.4703,90.95,1042.48,19141.48,17733516.0
2022-10-11,66900000,1665.31,47925852,18974148,23870,113.22,0.4703,88.81,1006.2,19051.42,19187829.0
2022-10-12,66900000,1672.51,48243966,18656034,23925,113.32,0.4703,87.34,1034.81,19157.45,18974148.0
2022-10-13,67000000,1665.8,48090582,18909418,23945,112.36,0.4703,89.14,1050.99,19382.9,18656034.0
2022-10-14,67200000,1641.76,47742956,19457044,24120,113.31,0.4703,85.81,1061.85,19185.66,18909418.0
2022-10-15,66900000,1641.76,47742956,19157044,24120,113.31,0.4703,85.81,1061.85,19067.63,19457044.0
2022-10-16,66900000,1641.76,47742956,19157044,24120,113.31,0.4703,86.36,1061.85,19268.09,19157044.0
2022-10-17,67000000,1649.94,47960941,19039059,24110,112.04,0.4703,86.06,1051.58,19550.76,19157044.0
2022-10-18,67100000,1651.83,48414186,18685814,24310,112.13,0.4703,84.19,1063.66,19334.42,19039059.0
2022-10-19,67000000,1628.49,47965712,19034288,24430,112.98,0.4703,85.86,1060.07,19139.54,18685814.0
2022-10-20,67200000,1627.66,47980513,19219487,24450,112.88,0.4703,85.62,1058.45,19053.74,19034288.0
2022-10-21,67300000,1656.66,48995169,18304831,24530,112.01,0.4703,86.16,1019.82,19172.47,19219487.0
2022-10-22,67500000,1656.66,48995169,18504831,24530,112.01,0.4703,86.16,1019.82,19208.19,18304831.0
2022-10-23,67500000,1656.66,48995169,18504831,24530,112.01,0.4703,86.28,1019.82,19567.01,18504831.0
2022-10-24,67300000,1648.6,49333213,17966787,24820,111.99,0.4703,85.77,986.15,19345.57,18504831.0
2022-10-25,67200000,1652.52,49470440,17729560,24830,110.95,0.4703,85.72,997.7,20095.86,17966787.0
2022-10-26,67400000,1664.49,49848846,17551154,24840,109.7,0.4703,89.03,993.36,20770.44,17729560.0
2022-10-27,67200000,1662.94,49782377,17417623,24830,110.59,0.4703,89.42,1028.01,20285.84,17551154.0
2022-10-28,67100000,1641.76,49148325,17951675,24830,110.67,0.4703,89.2,1027.36,20595.35,17417623.0
2022-10-29,67100000,1641.76,49148325,17951675,24830,110.67,0.4703,89.2,1027.36,20818.48,17951675.0
2022-10-30,67100000,1641.76,49148325,17951675,24830,110.67,0.4703,89.11,1027.36,20635.6,17951675.0
2022-10-31,67000000,1633.12,48869985,18130015,24820,111.53,0.4703,86.88,1027.94,20495.77,17951675.0
2022-11-01,67100000,1647.5,49340023,17759977,24840,111.48,0.4703,89.36,1033.75,20485.27,18130015.0
2022-11-02,67200000,1634.89,48982084,18217916,24850,111.35,0.4703,89.61,1023.19,20159.5,17759977.0
2022-11-03,67000000,1629.15,48780648,18219352,24835,112.93,0.4703,88.62,1019.81,20209.99,18217916.0
2022-11-04,67300000,1680.27,50361949,16938051,24860,110.88,0.4703,93.2,997.15,21147.23,18219352.0
2022-11-05,67700000,1680.27,50361949,17338051,24860,110.88,0.4703,93.2,997.15,21282.69,16938051.0
2022-11-06,67700000,1680.27,50361949,17338051,24860,110.88,0.4703,91.19,997.15,20926.49,17338051.0
2022-11-07,67300000,1674.68,50214593,17085407,24870,110.12,0.4703,92.39,975.19,20602.82,17338051.0
2022-11-08,67200000,1712.52,51349210,15850790,24870,109.62,0.4703,89.5,981.65,18541.27,17085407.0
2022-11-09,67500000,1706.32,51165363,16334637,24871,110.55,0.4703,86.19,985.59,15880.78,15850790.0
2022-11-10,67300000,1754.75,52598534,14701466,24862,108.21,0.4703,86.69,947.24,17586.77,16334637.0
2022-11-11,67600000,1770.69,53082740,14517260,24865,106.29,0.4703,89.23,954.53,17034.29,14701466.0
2022-11-12,67600000,1770.69,53082740,14517260,24865,106.29,0.4703,89.23,954.53,16799.19,14517260.0
2022-11-13,67600000,1770.69,53082740,14517260,24865,106.29,0.4703,90.0,954.53,16353.37,14517260.0
2022-11-14,67500000,1771.8,52987845,14512155,24805,106.66,0.4703,85.57,941.04,16618.2,14517260.0
2022-11-15,67700000,1778.25,53030664,14669336,24735,106.4,0.4703,87.55,911.9,16884.61,14512155.0
2022-11-16,67700000,1773.77,52961218,14738782,24765,106.28,0.4703,85.58,942.9,16669.44,14669336.0
2022-11-17,67700000,1760.87,52597280,15102720,24775,106.69,0.4703,82.71,969.26,16687.52,14738782.0
2022-11-18,67600000,1749.74,52328114,15271886,24805,106.93,0.4703,81.06,969.33,16697.78,15102720.0
2022-11-19,67600000,1749.74,52328114,15271886,24805,106.93,0.4703,81.06,969.33,16711.55,15271886.0
2022-11-20,67600000,1749.74,52328114,15271886,24805,106.93,0.4703,80.92,969.33,16291.83,15271886.0
2022-11-21,67500000,1737.81,51960857,15539143,24800,107.84,0.4703,81.06,960.65,15787.28,15271886.0
2022-11-22,67500000,1740.24,52106949,15393051,24835,107.22,0.4703,82.0,952.12,16189.77,15539143.0
2022-11-23,67500000,1749.28,52409263,15090737,24850,106.08,0.4703,78.14,946.0,16610.71,15393051.0
2022-11-24,67600000,1754.96,52566743,15033257,24844,106.08,0.4703,78.56,947.71,16604.46,15090737.0
2022-11-25,67700000,1756.14,52578798,15121202,24833,105.96,0.4703,77.15,971.46,16521.84,15033257.0
2022-11-26,67600000,1756.14,52578798,15021202,24833,105.96,0.4703,77.15,971.46,16464.28,15121202.0
2022-11-27,67600000,1756.14,52578798,15021202,24833,105.96,0.4703,76.59,971.46,16444.63,15021202.0
2022-11-28,67450000,1740.75,51964814,15485186,24760,106.68,0.4703,77.05,1005.69,16217.32,15021202.0
2022-11-29,67300000,1749.73,52253980,15046020,24770,106.82,0.4703,79.24,1032.16,16444.98,15485186.0
2022-11-30,67300000,1768.45,52770392,14529608,24750,105.95,0.4703,81.05,1048.42,17168.57,15046020.0
2022-12-01,67150000,1802.89,53537239,13612761,24630,104.73,0.4703,81.8,1036.28,16967.13,14529608.0
2022-12-02,67000000,1797.82,53104903,13895097,24500,104.55,0.4703,80.76,1080.01,17088.66,13612761.0
2022-12-03,66950000,1797.82,53104903,13845097,24500,104.55,0.4703,80.76,1080.01,16908.24,13895097.0
2022-12-04,66950000,1797.82,53104903,13845097,24500,104.55,0.4703,81.53,1080.01,17130.49,13845097.0
2022-12-05,67050000,1768.39,51915775,15134225,24350,105.29,0.4703,77.74,1093.67,16974.83,13845097.0
2022-12-06,67150000,1770.91,51199769,15950231,23980,105.58,0.4703,74.78,1048.69,17089.5,15134225.0
2022-12-07,66900000,1786.22,51642405,15257595,23980,105.1,0.4703,72.86,1041.02,16848.13,15950231.0
2022-12-08,67150000,1789.23,51556853,15593147,23900,104.77,0.4703,72.33,1050.53,17233.47,15257595.0
2022-12-09,67100000,1796.63,51510152,15589848,23780,104.81,0.4703,71.75,1051.81,17133.15,15593147.0
2022-12-10,67250000,1796.63,51510152,15739848,23780,104.81,0.4703,71.75,1051.81,17128.72,15589848.0
2022-12-11,67250000,1796.63,51510152,15739848,23780,104.81,0.4703,72.08,1051.81,17104.19,15739848.0
2022-12-12,67200000,1781.15,50572420,16627580,23550,105.13,0.4703,73.61,1032.07,17206.44,15739848.0
2022-12-13,66900000,1810.29,51683531,15216469,23680,103.98,0.4703,75.36,1047.45,17781.32,16627580.0
2022-12-14,67000000,1807.27,51422996,15577004,23600,103.77,0.4703,77.44,1050.43,17815.65,15216469.0
2022-12-15,66800000,1776.66,50380674,16419326,23520,104.56,0.4703,76.4,1055.32,17364.87,15577004.0
2022-12-16,66900000,1792.34,50782092,16117908,23500,104.7,0.4703,74.73,1052.48,16647.48,16419326.0
2022-12-17,67000000,1792.34,50782092,16217908,23500,104.7,0.4703,74.73,1052.48,16795.09,16117908.0
2022-12-18,67000000,1792.34,50782092,16217908,23500,104.7,0.4703,75.22,1052.48,16757.98,16217908.0
2022-12-19,67000000,1787.44,50815664,16184336,23580,104.72,0.4703,76.0,1038.4,16439.68,16217908.0
2022-12-20,67200000,1817.41,51930630,15269370,23700,103.97,0.4703,76.27,1023.13,16906.3,16184336.0
2022-12-21,66800000,1814.13,51902523,14897477,23730,104.16,0.4703,78.59,1018.88,16817.54,15269370.0
2022-12-22,66900000,1792.57,51220852,15679148,23700,104.43,0.4703,78.56,1022.61,16830.34,14897477.0
2022-12-23,66900000,1797.91,51221701,15678299,23630,104.31,0.4703,79.44,1020.34,16796.95,15679148.0
2022-12-24,66950000,1797.91,51221701,15728299,23630,104.31,0.4703,79.44,1020.34,16847.76,15678299.0
2022-12-25,66950000,1797.91,51221701,15728299,23630,104.31,0.4703,79.44,1020.34,16841.99,15728299.0
2022-12-26,66900000,1797.61,51061444,15838556,23560,104.31,0.4703,81.06,985.21,16919.8,15728299.0
2022-12-27,66600000,1813.93,51590626,15009374,23590,104.18,0.4703,79.84,1004.57,16717.17,15838556.0
2022-12-28,66700000,1804.09,51289012,15410988,23580,104.46,0.4703,78.67,1015.66,16552.57,15009374.0
2022-12-29,66700000,1814.89,51683573,15016427,23620,103.84,0.4703,78.67,1009.29,16642.34,15410988.0
2022-12-30,66700000,1824.4,51910403,14789597,23600,103.52,0.4703,80.55,1007.09,16602.59,15016427.0
2022-12-31,67000000,1824.4,51910403,15089597,23600,103.52,0.4703,80.55,1007.09,16547.5,14789597.0
2023-01-01,67000000,1824.4,51910403,15089597,23600,103.52,0.4703,80.55,1007.09,16625.08,15089597.0
2023-01-02,67000000,1823.69,51912188,15087812,23610,103.52,0.4703,80.53,1007.09,16688.47,15089597.0
2023-01-03,67100000,1839.49,52361942,14738058,23610,104.52,0.4703,77.14,1043.9,16679.86,15087812.0
2023-01-04,67300000,1854.09,52565176,14734824,23515,104.25,0.4703,73.42,1046.35,16863.24,14738058.0
2023-01-05,67000000,1833.19,51961591,15038409,23510,105.04,0.4703,74.02,1055.82,16836.74,14734824.0
2023-01-06,67100000,1865.71,52804638,14295362,23475,103.88,0.4703,73.75,1051.44,16951.97,15038409.0
2023-01-07,67250000,1865.71,52804638,14445362,23475,103.88,0.4703,73.75,1051.44,16955.08,14295362.0
2023-01-08,67250000,1865.71,52804638,14445362,23475,103.88,0.4703,74.14,1051.44,17091.14,14445362.0
2023-01-09,66800000,1871.59,52937211,13862789,23460,103.0,0.4703,74.73,1054.21,17196.55,14445362.0
2023-01-10,66900000,1877.27,53068444,13831556,23447,103.24,0.4703,74.62,1053.35,17446.29,13862789.0
2023-01-11,66950000,1876.38,53038760,13911240,23445,103.19,0.4703,77.73,1055.76,17934.9,13831556.0
2023-01-12,67000000,1896.86,53606224,13393776,23440,102.25,0.4703,78.36,1056.39,18869.59,13911240.0
2023-01-13,67300000,1920.21,54261476,13038524,23438,102.2,0.4703,80.11,1060.17,19909.57,13393776.0
2023-01-14,67400000,1920.21,54261476,13138524,23438,102.2,0.4703,80.11,1060.17,20976.3,13038524.0
2023-01-15,67400000,1920.21,54261476,13138524,23438,102.2,0.4703,79.84,1060.17,20880.8,13138524.0
2023-01-16,67200000,1918.0,54192089,13007911,23435,102.2,0.4703,78.84,1066.68,21169.63,13138524.0
2023-01-17,67500000,1908.39,53918262,13581738,23434,102.39,0.4703,80.75,1088.29,21161.52,13007911.0
2023-01-18,67600000,1903.76,53771383,13828617,23427,102.36,0.4703,79.25,1098.28,20688.78,13581738.0
2023-01-19,67900000,1931.39,54575073,13324927,23437,102.06,0.4703,80.83,1108.08,21086.79,13828617.0
2023-01-20,67900000,1926.57,54445843,13454157,23440,102.01,0.4703,81.53,1108.08,22676.55,13324927.0
2023-01-21,67900000,1926.57,54445843,13454157,23440,102.01,0.4703,81.53,1108.08,22777.62,13454157.0
2023-01-22,67900000,1926.57,54445843,13454157,23440,102.01,0.4703,81.06,1108.08,22720.42,13454157.0
2023-01-23,67900000,1931.3,54579516,13320484,23440,102.14,0.4703,81.44,1108.08,22934.43,13454157.0
2023-01-24,67900000,1937.45,54753318,13146682,23440,101.92,0.4703,80.02,1108.08,22636.47,13320484.0
2023-01-25,67900000,1945.93,54992967,12907033,23440,101.64,0.4703,80.36,1108.08,23117.86,13146682.0
2023-01-26,67900000,1928.99,54514234,13385766,23440,101.84,0.4703,81.0,1108.08,23032.78,12907033.0
2023-01-27,68500000,1927.34,54467604,14032396,23440,101.93,0.4703,79.27,1117.1,23078.73,13385766.0
2023-01-28,68400000,1927.34,54467604,13932396,23440,101.93,0.4703,79.27,1117.1,23031.09,14032396.0
2023-01-29,68200000,1927.34,54467604,13732396,23440,101.93,0.4703,80.2,1117.1,23774.57,13932396.0
2023-01-30,67400000,1922.52,54377746,13022254,23460,102.28,0.4703,77.83,1102.57,22840.14,13732396.0
2023-01-31,67600000,1927.88,54552595,13047405,23470,102.1,0.4703,79.03,1111.18,23139.28,13022254.0
2023-02-01,67400000,1950.42,55131614,12268386,23445,101.22,0.4703,76.7,1075.97,23723.77,13047405.0
2023-02-02,67800000,1912.37,54044544,13755456,23440,101.75,0.4703,75.86,1077.59,23471.87,12268386.0
2023-02-03,67500000,1865.53,52741065,14758935,23449,102.92,0.4703,73.1,1077.15,23449.32,13755456.0
2023-02-04,67400000,1865.53,52741065,14658935,23449,102.92,0.4703,73.1,1077.15,23331.85,14758935.0
2023-02-05,67400000,1865.53,52741065,14658935,23449,102.92,0.4703,73.39,1077.15,22955.67,14658935.0
2023-02-06,67200000,1867.36,52772539,14427461,23440,103.62,0.4703,74.44,1089.29,22760.11,14658935.0
2023-02-07,67350000,1873.81,53045186,14304814,23480,103.43,0.4703,77.45,1065.84,23264.29,14427461.0
2023-02-08,67500000,1875.59,53366933,14133067,23600,103.41,0.4703,78.42,1072.22,22939.4,14304814.0
2023-02-09,67350000,1861.39,52940452,14409548,23590,103.22,0.4703,77.61,1064.03,21819.04,14133067.0
2023-02-10,67300000,1864.67,52966296,14333704,23560,103.63,0.4703,79.68,1055.3,21651.18,14409548.0
2023-02-11,67400000,1864.67,52966296,14433704,23560,103.63,0.4703,79.68,1055.3,21870.88,14333704.0
2023-02-12,67400000,1864.67,52966296,14433704,23560,103.63,0.4703,79.31,1055.3,21788.2,14433704.0
2023-02-13,67250000,1853.39,52657058,14592942,23565,103.35,0.4703,79.19,1043.7,21808.1,14433704.0
2023-02-14,67400000,1854.29,52749697,14650303,23595,103.23,0.4703,78.79,1038.64,22220.8,14592942.0
2023-02-15,67200000,1836.19,52245868,14954132,23600,103.92,0.4703,78.55,1048.2,24307.84,14650303.0
2023-02-16,67150000,1837.44,52314665,14835335,23615,103.86,0.4703,77.84,1058.29,23623.47,14954132.0
2023-02-17,67050000,1841.59,52577142,14472858,23680,103.86,0.4703,76.31,1059.31,24565.6,14835335.0
2023-02-18,67100000,1841.59,52577142,14522858,23680,103.86,0.4703,76.31,1059.31,24641.28,14472858.0
2023-02-19,67100000,1841.59,52577142,14522858,23680,103.86,0.4703,76.48,1059.31,24327.64,14522858.0
2023-02-20,67100000,1841.14,52852866,14247134,23810,103.86,0.4703,77.11,1086.69,24829.15,14522858.0
2023-02-21,67000000,1834.32,52469105,14530895,23725,104.18,0.4703,76.05,1082.23,24436.35,14247134.0
2023-02-22,67100000,1825.04,52159651,14940349,23705,104.59,0.4703,73.8,1054.28,24188.84,14530895.0
2023-02-23,67000000,1822.64,52255869,14744131,23780,104.6,0.4703,75.47,1053.66,23947.49,14940349.0
2023-02-24,67000000,1810.81,51993110,15006890,23815,105.21,0.4703,76.31,1039.56,23198.13,14744131.0
2023-02-25,66900000,1810.81,51993110,14906890,23815,105.21,0.4703,76.31,1039.56,23175.38,15006890.0
2023-02-26,66900000,1810.81,51993110,14906890,23815,105.21,0.4703,76.5,1039.56,23561.21,14906890.0
2023-02-27,66750000,1817.31,52103056,14646944,23780,104.67,0.4703,75.6,1021.25,23522.87,14906890.0
2023-02-28,66800000,1827.15,52440246,14359754,23805,104.87,0.4703,76.53,1024.68,23147.35,14646944.0
2023-03-01,66800000,1836.81,52573547,14226453,23740,104.48,0.4703,77.52,1040.55,23646.55,14359754.0
2023-03-02,66850000,1836.0,52483956,14366044,23710,105.03,0.4703,77.81,1037.61,23475.47,14226453.0
2023-03-03,66800000,1854.97,53003868,13796132,23700,104.52,0.4703,79.75,1024.77,22362.68,14366044.0
2023-03-04,66900000,1854.97,53003868,13896132,23700,104.52,0.4703,79.75,1024.77,22353.35,13796132.0
2023-03-05,66900000,1854.97,53003868,13896132,23700,104.52,0.4703,79.28,1024.77,22435.51,13896132.0
2023-03-06,66850000,1846.85,52794114,14055886,23710,104.35,0.4703,80.42,1027.18,22429.76,13896132.0
2023-03-07,66700000,1813.52,51710153,14989847,23650,105.62,0.4703,77.16,1037.84,22219.77,14055886.0
2023-03-08,66550000,1813.59,51690284,14859716,23640,105.66,0.4703,76.48,1049.18,21718.08,14989847.0
2023-03-09,66550000,1830.89,52337881,14212119,23710,105.31,0.4703,75.38,1055.95,20363.02,14859716.0
2023-03-10,66550000,1867.83,53326291,13223709,23680,104.58,0.4703,76.57,1053.0,20187.24,14212119.0
2023-03-11,66800000,1867.83,53326291,13473709,23680,104.58,0.4703,76.57,1053.0,20632.41,13223709.0
2023-03-12,66800000,1867.83,53326291,13473709,23680,104.58,0.4703,77.03,1053.0,22163.95,13473709.0
2023-03-13,67000000,1913.23,54576320,12423680,23660,103.6,0.4703,74.53,1052.8,24197.53,13473709.0
2023-03-14,66850000,1902.12,54053003,12796997,23570,103.6,0.4703,71.77,1040.13,24746.07,12423680.0
2023-03-15,66650000,1918.1,54507110,12142890,23570,104.65,0.4703,68.16,1062.19,24375.96,12796997.0
2023-03-16,67000000,1919.12,54524527,12475473,23565,104.42,0.4703,68.31,1047.4,25052.79,12142890.0
2023-03-17,67150000,1987.93,56467519,10682481,23560,103.71,0.4703,66.36,1045.14,27423.93,12475473.0
2023-03-18,67500000,1987.93,56467519,11032481,23560,103.71,0.4703,66.36,1045.14,26965.88,10682481.0
2023-03-19,67500000,1987.93,56467519,11032481,23560,103.71,0.4703,66.36,1045.14,28038.68,11032481.0
2023-03-20,67600000,1978.71,56229479,11370521,23570,103.28,0.4703,67.47,1023.1,27767.24,11032481.0
2023-03-21,67300000,1940.15,55133710,12166290,23570,103.26,0.4703,69.31,1032.43,28175.82,11370521.0
2023-03-22,67150000,1969.58,55970030,11179970,23570,102.35,0.4703,69.92,1040.54,27307.44,12166290.0
2023-03-23,67500000,1993.5,56505562,10994438,23510,102.53,0.4703,69.39,1045.1,28333.97,11179970.0
2023-03-24,67500000,1977.22,55996430,11503570,23490,103.12,0.4703,69.1,1046.79,27493.29,10994438.0
2023-03-25,67300000,1977.22,55996430,11303570,23490,103.12,0.4703,69.1,1046.79,27494.71,11503570.0
2023-03-26,67300000,1977.22,55996430,11303570,23490,103.12,0.4703,69.55,1046.79,27994.33,11303570.0
2023-03-27,67350000,1956.56,55458501,11891499,23510,102.86,0.4703,72.88,1052.25,27139.89,11303570.0
2023-03-28,67150000,1973.69,55920254,11229746,23500,102.43,0.4703,73.61,1054.29,27268.13,11891499.0
2023-03-29,67150000,1964.04,55599483,11550517,23480,102.64,0.4703,72.77,1056.33,28348.44,11229746.0
2023-03-30,67000000,1980.25,56058367,10941633,23480,102.14,0.4703,74.25,1059.44,28033.56,11550517.0
2023-03-31,67050000,1967.9,55685028,11364972,23470,102.51,0.4703,75.57,1064.64,28478.48,10941633.0
2023-04-01,66950000,1967.9,55685028,11264972,23470,102.51,0.4703,75.57,1064.64,28411.04,11364972.0
2023-04-02,66950000,1967.9,55685028,11264972,23470,102.51,0.4703,80.39,1064.64,28199.31,11264972.0
2023-04-03,67050000,1984.11,56095875,10954125,23450,102.09,0.4703,80.36,1079.28,27790.22,11264972.0
2023-04-04,67050000,2019.97,57158436,9891564,23470,101.59,0.4703,80.86,1078.45,28168.09,10954125.0
2023-04-05,67150000,2020.35,57144831,10005169,23460,101.85,0.4703,80.44,1080.86,28177.98,9891564.0
2023-04-06,67100000,2008.02,56808186,10291814,23465,101.82,0.4703,80.36,1070.91,28044.14,10005169.0
2023-04-07,67050000,2008.02,56774292,10275708,23451,101.82,0.4703,80.36,1069.71,27925.86,10291814.0
2023-04-08,67100000,2008.02,56774292,10325708,23451,101.82,0.4703,80.36,1069.71,27947.79,10275708.0
2023-04-09,67100000,2008.02,56774292,10325708,23451,101.82,0.4703,80.75,1069.71,28333.05,10325708.0
2023-04-10,67050000,1989.95,56241793,10808207,23442,102.58,0.4703,79.8,1065.35,29652.98,10325708.0
2023-04-11,67000000,2003.14,56614581,10385419,23442,102.2,0.4703,81.41,1069.46,30235.06,10808207.0
2023-04-12,67000000,2014.67,56947739,10052261,23445,101.5,0.4703,83.04,1069.45,30139.05,10385419.0
2023-04-13,67100000,2039.73,57648721,9451279,23442,101.01,0.4703,82.22,1064.3,30399.07,10052261.0
2023-04-14,67100000,2003.04,56606924,10493076,23440,101.55,0.4703,82.65,1052.89,30485.7,9451279.0
2023-04-15,67000000,2003.04,56606924,10393076,23440,101.55,0.4703,82.65,1052.89,30318.5,10493076.0
2023-04-16,67000000,2003.04,56606924,10393076,23440,101.55,0.4703,82.55,1052.89,30315.36,10393076.0
2023-04-17,67200000,1994.77,56373210,10826790,23440,102.1,0.4703,80.89,1053.81,29445.04,10393076.0
2023-04-18,67100000,2004.93,56769113,10330887,23485,101.75,0.4703,81.03,1055.02,30397.55,10826790.0
2023-04-19,66950000,1993.26,56486743,10463257,23505,101.97,0.4703,78.94,1048.98,28822.68,10330887.0
2023-04-20,67000000,2004.34,56815237,10184763,23511,101.84,0.4703,77.17,1049.25,28245.99,10463257.0
2023-04-21,66950000,1982.89,56152228,10797772,23488,101.82,0.4703,77.98,1042.91,27276.91,10184763.0
2023-04-22,67050000,1982.89,56152228,10897772,23488,101.82,0.4703,77.98,1042.91,27817.5,10797772.0
2023-04-23,67050000,1982.89,56152228,10897772,23488,101.82,0.4703,77.78,1042.91,27591.38,10897772.0
2023-04-24,67000000,1988.88,56314661,10685339,23485,101.35,0.4703,78.67,1041.36,27525.34,10897772.0
2023-04-25,67050000,1997.87,56590889,10459111,23494,101.86,0.4703,77.33,1034.85,28307.6,10685339.0
2023-04-26,67150000,1989.48,56302866,10847134,23473,101.47,0.4703,74.45,1040.8,28422.7,10459111.0
2023-04-27,67150000,1987.87,56238130,10911870,23465,101.5,0.4703,74.83,1039.63,29473.79,10847134.0
2023-04-28,67200000,1989.65,56240510,10959490,23445,101.67,0.4703,76.7,1049.12,29340.26,10911870.0
2023-04-29,67200000,1989.65,56240510,10959490,23445,101.67,0.4703,76.7,1049.12,29248.49,10959490.0
2023-04-30,67200000,1989.65,56240510,10959490,23445,101.67,0.4703,76.12,1049.12,29268.81,10959490.0
2023-05-01,67200000,1982.05,56037633,11162367,23450,102.15,0.4703,75.62,1049.12,28091.57,10959490.0
2023-05-02,67200000,2016.28,57005403,10194597,23450,101.96,0.4703,71.64,1049.12,28680.54,11162367.0
2023-05-03,67150000,2039.02,57648321,9501679,23450,101.34,0.4703,67.25,1049.12,29006.31,10194597.0
2023-05-04,67200000,2051.11,57990136,9209864,23450,101.4,0.4703,68.77,1040.61,28847.71,9501679.0
2023-05-05,67100000,2016.54,57000597,10099403,23445,101.21,0.4703,71.4,1040.31,29534.38,9209864.0
2023-05-06,67050000,2016.54,57000597,10049403,23445,101.21,0.4703,71.4,1040.31,28904.62,10099403.0
2023-05-07,67050000,2016.54,57000597,10049403,23445,101.21,0.4703,71.44,1040.31,28454.98,10049403.0
2023-05-08,67100000,2021.39,57125505,9974495,23440,101.37,0.4703,73.0,1053.44,27694.27,10049403.0
2023-05-09,67200000,2034.17,57494031,9705969,23443,101.64,0.4703,73.61,1053.77,27658.78,9974495.0
2023-05-10,67100000,2029.51,57403918,9696082,23460,101.48,0.4703,72.89,1058.26,27621.76,9705969.0
2023-05-11,67250000,2015.55,57021215,10228785,23465,102.06,0.4703,71.36,1057.12,27000.79,9696082.0
2023-05-12,67150000,2011.15,56896736,10253264,23465,102.68,0.4703,70.11,1066.9,26804.99,10228785.0
2023-05-13,67250000,2011.15,56896736,10353264,23465,102.68,0.4703,70.11,1066.9,26784.08,10253264.0
2023-05-14,67250000,2011.15,56896736,10353264,23465,102.68,0.4703,70.06,1066.9,26930.64,10353264.0
2023-05-15,67250000,2020.6,57127540,10122460,23450,102.43,0.4703,71.42,1065.71,27192.69,10353264.0
2023-05-16,67150000,1988.6,56227613,10922387,23452,102.56,0.4703,70.67,1065.91,27036.65,10122460.0
2023-05-17,67100000,1981.72,56028303,11071697,23450,102.88,0.4703,72.77,1060.44,27398.8,10922387.0
2023-05-18,67150000,1958.05,55359092,11790908,23450,103.58,0.4703,72.14,1068.31,26832.21,11071697.0
2023-05-19,67250000,1976.56,55882417,11367583,23450,103.2,0.4703,71.93,1067.07,26890.13,11790908.0
2023-05-20,67400000,1976.56,55882417,11517583,23450,103.2,0.4703,71.93,1067.07,27129.59,11367583.0
2023-05-21,67400000,1976.56,55882417,11517583,23450,103.2,0.4703,71.86,1067.07,26753.83,11517583.0
2023-05-22,67200000,1969.43,55704578,11495422,23460,103.2,0.4703,72.36,1070.64,26851.28,11517583.0
2023-05-23,67150000,1974.73,55802108,11347892,23438,103.49,0.4703,73.88,1065.85,27225.73,11495422.0
2023-05-24,67100000,1957.01,55376878,11723122,23470,103.89,0.4703,74.25,1061.79,26334.82,11347892.0
2023-05-25,67100000,1940.34,54905172,12194828,23470,104.21,0.4703,71.88,1064.63,26476.21,11723122.0
2023-05-26,67050000,1946.33,55074669,11975331,23470,104.21,0.4703,72.92,1063.76,26719.29,12194828.0
2023-05-27,67050000,1946.33,55074669,11975331,23470,104.21,0.4703,72.92,1063.76,26868.35,11975331.0
2023-05-28,67050000,1946.33,55074669,11975331,23470,104.21,0.4703,73.23,1063.76,28085.65,11975331.0
2023-05-29,67000000,1942.84,54987626,12012374,23475,104.21,0.4703,72.89,1074.98,27745.88,11975331.0
2023-05-30,67000000,1959.14,55425339,11574661,23465,104.17,0.4703,69.57,1078.05,27702.35,12012374.0
2023-05-31,67050000,1962.3,55550225,11499775,23480,104.32,0.4703,67.75,1075.17,27219.66,11574661.0
2023-06-01,67000000,1977.88,56003199,10996801,23485,103.56,0.4703,70.11,1078.39,26819.97,11499775.0
2023-06-02,67050000,1947.63,55146677,11903323,23485,104.02,0.4703,71.94,1090.84,27249.59,10996801.0
2023-06-03,67050000,1947.63,55146677,11903323,23485,104.02,0.4703,71.94,1090.84,27075.13,11903323.0
2023-06-04,67050000,1947.63,55146677,11903323,23485,104.02,0.4703,73.39,1090.84,27119.07,11903323.0
2023-06-05,67150000,1961.76,55523113,11626887,23475,104.0,0.4703,71.97,1097.82,25760.1,11903323.0
2023-06-06,67000000,1962.85,55601293,11398707,23495,104.13,0.4703,71.77,1108.31,27238.78,11626887.0
2023-06-07,67050000,1939.63,54920159,12129841,23485,104.1,0.4703,72.44,1109.54,26346.0,11398707.0
2023-06-08,67000000,1967.76,55716653,11283347,23485,103.34,0.4703,70.86,1101.32,26508.22,12129841.0
2023-06-09,67100000,1960.6,55525739,11574261,23490,103.56,0.4703,70.34,1107.53,26480.38,11283347.0
2023-06-10,67150000,1960.6,55525739,11624261,23490,103.56,0.4703,70.34,1107.53,25851.24,11574261.0
2023-06-11,67150000,1960.6,55525739,11624261,23490,103.56,0.4703,70.0,1107.53,25940.17,11624261.0
2023-06-12,67100000,1956.92,55374331,11725669,23470,103.63,0.4703,67.42,1116.02,25902.5,11624261.0
2023-06-13,67100000,1943.33,55013209,12086791,23480,103.34,0.4703,69.2,1122.46,25918.73,11725669.0
2023-06-14,67150000,1942.99,55038722,12111278,23495,103.01,0.4703,68.56,1117.42,25124.68,12086791.0
2023-06-15,67150000,1957.65,55465795,11684205,23500,102.12,0.4703,70.66,1116.97,25576.39,12111278.0
2023-06-16,67150000,1957.36,55516576,11633424,23525,102.3,0.4703,71.49,1115.22,26327.46,11684205.0
2023-06-17,67100000,1957.36,55516576,11583424,23525,102.3,0.4703,71.49,1115.22,26510.68,11633424.0
2023-06-18,67100000,1957.36,55516576,11583424,23525,102.3,0.4703,71.34,1115.22,26336.21,11583424.0
2023-06-19,67050000,1950.12,55299472,11750528,23520,102.3,0.4703,71.19,1105.4,26851.03,11583424.0
2023-06-20,67100000,1935.91,54896519,12203481,23520,102.54,0.4703,70.81,1111.72,28327.49,11750528.0
2023-06-21,67000000,1932.26,54793017,12206983,23520,102.07,0.4703,72.38,1118.46,30027.3,12203481.0
2023-06-22,67050000,1913.52,54227002,12822998,23505,102.39,0.4703,69.22,1125.3,29912.28,12206983.0
2023-06-23,67050000,1921.36,54472343,12577657,23515,102.9,0.4703,69.41,1129.38,30695.47,12822998.0
2023-06-24,67100000,1921.36,54472343,12627657,23515,102.9,0.4703,69.41,1129.38,30548.7,12577657.0
2023-06-25,67100000,1921.36,54472343,12627657,23515,102.9,0.4703,69.84,1129.38,30480.26,12627657.0
2023-06-26,67000000,1922.85,54514586,12485414,23515,102.69,0.4703,69.37,1132.03,30271.13,12627657.0
2023-06-27,66950000,1913.35,54279855,12670145,23530,102.49,0.4703,67.84,1134.33,30688.16,12485414.0
2023-06-28,67000000,1907.42,54088630,12911370,23520,102.91,0.4703,69.22,1138.35,30086.25,12670145.0
2023-06-29,67050000,1908.15,54189850,12860150,23555,103.34,0.4703,69.66,1125.39,30445.35,12911370.0
2023-06-30,66950000,1919.57,54546569,12403431,23569,102.91,0.4703,70.37,1120.18,30477.25,12860150.0
2023-07-01,67050000,1919.57,54546569,12503431,23569,102.91,0.4703,70.37,1120.18,30590.08,12403431.0
2023-07-02,67050000,1919.57,54546569,12503431,23569,102.91,0.4703,70.34,1120.18,30620.77,12503431.0
2023-07-03,67000000,1921.43,54613323,12386677,23575,102.99,0.4703,70.02,1125.5,31156.44,12503431.0
2023-07-04,67100000,1925.09,54995871,12104129,23695,102.99,0.4703,71.0,1132.0,30777.58,12386677.0
2023-07-05,66950000,1917.32,54785456,12164544,23700,103.37,0.4703,71.88,1134.62,30514.17,12104129.0
2023-07-06,67050000,1910.8,54702823,12347177,23745,103.17,0.4703,71.78,1126.22,29909.34,12164544.0
2023-07-07,67050000,1924.28,55007531,12042469,23710,102.27,0.4703,73.63,1138.07,30342.27,12347177.0
2023-07-08,67150000,1924.28,55007531,12142469,23710,102.27,0.4703,73.63,1138.07,30292.54,12042469.0
2023-07-09,67150000,1924.28,55007531,12142469,23710,102.27,0.4703,73.52,1138.07,30171.23,12142469.0
2023-07-10,67100000,1924.99,54853762,12246238,23635,101.97,0.4703,73.08,1149.02,30414.47,12142469.0
2023-07-11,67200000,1931.99,55064877,12135123,23640,101.73,0.4703,74.75,1151.77,30620.95,12246238.0
2023-07-12,67200000,1957.09,55898247,11301753,23690,100.52,0.4703,75.8,1154.2,30391.65,12135123.0
2023-07-13,67350000,1960.19,55915890,11434110,23660,99.77,0.4703,77.15,1165.42,31476.05,11301753.0
2023-07-14,67250000,1954.93,55777629,11472371,23665,99.91,0.4703,75.27,1168.4,30334.07,11434110.0
2023-07-15,67200000,1954.93,55777629,11422371,23665,99.91,0.4703,75.27,1168.4,30295.81,11472371.0
2023-07-16,67200000,1954.93,55777629,11422371,23665,99.91,0.4703,74.9,1168.4,30249.13,11422371.0
2023-07-17,67200000,1954.74,55689722,11510278,23630,99.84,0.4703,74.22,1173.13,30145.89,11422371.0
2023-07-18,67200000,1978.71,56372617,10827383,23630,99.94,0.4703,75.81,1174.09,29856.56,11510278.0
2023-07-19,67200000,1977.25,56342942,10857058,23635,100.28,0.4703,75.25,1172.98,29913.92,10827383.0
2023-07-20,67200000,1969.62,56113647,11086353,23630,100.88,0.4703,75.91,1172.81,29792.02,10857058.0
2023-07-21,67050000,1960.23,55886307,11163693,23647,101.07,0.4703,76.87,1185.9,29908.74,11086353.0
2023-07-22,67100000,1960.23,55886307,11213693,23647,101.07,0.4703,76.87,1185.9,29771.8,11163693.0
2023-07-23,67100000,1960.23,55886307,11213693,23647,101.07,0.4703,76.66,1185.9,30084.54,11213693.0
2023-07-24,67200000,1954.51,55744438,11455562,23656,101.35,0.4703,78.94,1190.72,29176.92,11213693.0
2023-07-25,67250000,1964.58,56052961,11197039,23665,101.35,0.4703,79.36,1195.9,29227.39,11455562.0
2023-07-26,67200000,1972.1,56243743,10956257,23655,100.89,0.4703,79.08,1200.84,29354.97,11197039.0
2023-07-27,67350000,1944.99,55494023,11855977,23665,101.77,0.4703,79.69,1197.33,29210.69,10956257.0
2023-07-28,67250000,1959.2,55890011,11359989,23661,101.62,0.4703,80.73,1207.67,29319.25,11855977.0
2023-07-29,67250000,1959.2,55890011,11359989,23661,101.62,0.4703,80.73,1207.67,29356.92,11359989.0
2023-07-30,67250000,1959.2,55890011,11359989,23661,101.62,0.4703,80.45,1207.67,29275.31,11359989.0
2023-07-31,67250000,1964.19,56089196,11160804,23685,101.86,0.4703,81.7,1222.9,29230.11,11359989.0
2023-08-01,67350000,1944.08,55503218,11846782,23680,102.3,0.4703,82.3,1217.56,29675.73,11160804.0
2023-08-02,67200000,1933.56,55202873,11997127,23680,102.59,0.4703,79.8,1220.43,29151.96,11846782.0
2023-08-03,67200000,1933.74,55336240,11863760,23735,102.54,0.4703,81.83,1210.95,29178.68,11997127.0
2023-08-04,67200000,1941.62,55596849,11603151,23750,102.02,0.4703,82.66,1225.98,29074.09,11863760.0
2023-08-05,67300000,1941.62,55596849,11703151,23750,102.02,0.4703,82.66,1225.98,29042.13,11603151.0
2023-08-06,67300000,1941.62,55596849,11703151,23750,102.02,0.4703,83.0,1225.98,29041.86,11703151.0
2023-08-07,67400000,1936.39,55388727,12011273,23725,102.05,0.4703,82.44,1241.42,29180.58,11703151.0
2023-08-08,67300000,1924.82,55046174,12253826,23720,102.53,0.4703,82.78,1242.23,29765.49,12011273.0
2023-08-09,67250000,1914.59,54776699,12473301,23730,102.49,0.4703,84.27,1233.99,29561.49,12253826.0
2023-08-10,67300000,1912.06,54715841,12584159,23735,102.52,0.4703,82.92,1220.61,29429.59,12473301.0
2023-08-11,67500000,1913.32,54763432,12736568,23740,102.84,0.4703,83.1,1232.21,29397.71,12584159.0
2023-08-12,67500000,1913.32,54763432,12736568,23740,102.84,0.4703,83.1,1232.21,29415.96,12736568.0
2023-08-13,67500000,1913.32,54763432,12736568,23740,102.84,0.4703,82.92,1232.21,29282.91,12736568.0
2023-08-14,67500000,1907.9,54631302,12868698,23750,103.19,0.4703,82.39,1236.84,29408.44,12736568.0
2023-08-15,67600000,1901.56,54598781,13001219,23815,103.21,0.4703,81.08,1234.05,29170.35,12868698.0
2023-08-16,67550000,1891.76,54659518,12890482,23965,103.42,0.4703,79.25,1243.26,28701.78,13001219.0
2023-08-17,67600000,1888.89,54508274,13091726,23935,103.44,0.4703,80.06,1233.48,26664.55,12890482.0
2023-08-18,67650000,1888.19,54294571,13355429,23850,103.38,0.4703,81.19,1177.99,26049.56,13091726.0
2023-08-19,67700000,1888.19,54294571,13405429,23850,103.38,0.4703,81.19,1177.99,26096.21,13355429.0
2023-08-20,67700000,1888.19,54294571,13405429,23850,103.38,0.4703,81.03,1177.99,26189.58,13405429.0
2023-08-21,67550000,1893.94,54459911,13090089,23850,103.33,0.4703,80.53,1179.76,26124.14,13405429.0
2023-08-22,67650000,1897.47,54561416,13088584,23850,103.56,0.4703,80.05,1180.49,26031.66,13090089.0
2023-08-23,67900000,1914.31,55045647,12854353,23850,103.36,0.4703,79.0,1172.56,26431.64,13088584.0
2023-08-24,67950000,1917.43,55250950,12699050,23900,103.98,0.4703,79.3,1189.39,26162.37,12854353.0
2023-08-25,67950000,1914.53,55167386,12782614,23900,104.08,0.4703,80.42,1183.37,26047.67,12699050.0
2023-08-26,68050000,1914.53,55167386,12882614,23900,104.08,0.4703,80.42,1183.37,26008.46,12782614.0
2023-08-27,68050000,1914.53,55167386,12882614,23900,104.08,0.4703,80.53,1183.37,26089.69,12882614.0
2023-08-28,68100000,1919.66,55488791,12611209,23975,104.06,0.4703,80.39,1201.72,26106.15,12882614.0
2023-08-29,68150000,1937.12,56238708,11911292,24080,103.55,0.4703,81.67,1204.43,27727.39,12611209.0
2023-08-30,68100000,1942.24,56621520,11478480,24180,103.16,0.4703,81.92,1213.16,27297.27,11911292.0
2023-08-31,68250000,1939.74,56384932,11865068,24110,103.62,0.4703,83.89,1224.05,25931.47,11478480.0
2023-09-01,68250000,1938.8,56240732,12009268,24060,104.24,0.4703,86.31,1224.05,25800.72,11865068.0
2023-09-02,68250000,1938.8,56240732,12009268,24060,104.24,0.4703,86.31,1224.05,25868.8,12009268.0
2023-09-03,68250000,1938.8,56240732,12009268,24060,104.24,0.4703,86.1,1224.05,25969.57,12009268.0
2023-09-04,68250000,1938.19,56223037,12026963,24060,104.24,0.4703,86.05,1224.05,25812.42,12009268.0
2023-09-05,68350000,1925.81,55863918,12486082,24060,104.81,0.4703,87.06,1234.98,25779.98,12026963.0
2023-09-06,68400000,1916.28,55564368,12835632,24050,104.86,0.4703,87.89,1245.5,25753.24,12486082.0
2023-09-07,68650000,1919.19,55660315,12989685,24055,105.06,0.4703,86.92,1243.14,26240.2,12835632.0
2023-09-08,68750000,1917.81,55631854,13118146,24060,105.09,0.4703,87.42,1241.48,25905.65,12989685.0
2023-09-09,68800000,1917.81,55631854,13168146,24060,105.09,0.4703,87.42,1241.48,25895.68,13118146.0
2023-09-10,68800000,1917.81,55631854,13168146,24060,105.09,0.4703,87.11,1241.48,25832.23,13168146.0
2023-09-11,68900000,1921.66,55731950,13168050,24055,104.57,0.4703,87.42,1223.63,25162.65,13168146.0
2023-09-12,68750000,1913.26,55534468,13215532,24075,104.71,0.4703,88.94,1245.44,25833.34,13168050.0
2023-09-13,68650000,1906.3,55389905,13260095,24100,104.77,0.4703,88.8,1238.39,26228.32,13215532.0
2023-09-14,68500000,1910.32,55460647,13039353,24080,105.41,0.4703,90.67,1223.81,26539.67,13260095.0
2023-09-15,68700000,1923.57,56170005,12529995,24220,105.32,0.4703,91.15,1227.36,26608.69,13039353.0
2023-09-16,68950000,1923.57,56170005,12779995,24220,105.32,0.4703,91.15,1227.36,26568.28,12529995.0
2023-09-17,68950000,1923.57,56170005,12779995,24220,105.32,0.4703,90.84,1227.36,26534.19,12779995.0
2023-09-18,69050000,1933.14,56519379,12530621,24250,105.2,0.4703,91.73,1211.81,26754.28,12779995.0
2023-09-19,69150000,1930.94,56734422,12415578,24370,105.2,0.4703,91.33,1211.5,27211.12,12530621.0
2023-09-20,69200000,1929.68,56697401,12502599,24370,105.16,0.4703,89.81,1226.11,27132.01,12415578.0
2023-09-21,69050000,1919.57,56168918,12881082,24270,105.36,0.4703,90.32,1212.74,26567.63,12502599.0
2023-09-22,69050000,1924.99,56420349,12629651,24310,105.58,0.4703,90.93,1193.05,26579.57,12881082.0
2023-09-23,69150000,1924.99,56420349,12729651,24310,105.58,0.4703,90.93,1193.05,26579.39,12629651.0
2023-09-24,69150000,1924.99,56420349,12729651,24310,105.58,0.4703,91.16,1193.05,26256.83,12729651.0
2023-09-25,68950000,1915.66,56262373,12687627,24360,106.0,0.4703,90.23,1153.2,26298.48,12729651.0
2023-09-26,68800000,1900.49,55862661,12937339,24380,106.23,0.4703,91.06,1137.96,26217.25,12687627.0
2023-09-27,68800000,1874.7,55104594,13695406,24380,106.67,0.4703,94.33,1153.85,26352.72,12937339.0
2023-09-28,68850000,1864.56,54817781,14032219,24385,106.22,0.4703,92.17,1152.43,27021.55,13695406.0
2023-09-29,68800000,1848.31,54340034,14459966,24385,106.17,0.4703,91.19,1154.15,26911.72,14032219.0
2023-09-30,68800000,1848.31,54340034,14459966,24385,106.17,0.4703,91.19,1154.15,26967.92,14459966.0
2023-10-01,68800000,1848.31,54340034,14459966,24385,106.17,0.4703,91.5,1154.15,27983.75,14459966.0
2023-10-02,69000000,1827.4,53493946,15506054,24280,106.9,0.4703,88.94,1155.25,27530.79,14459966.0
2023-10-03,68900000,1822.81,53491442,15408558,24340,107.0,0.4703,89.72,1118.1,27429.98,15506054.0
2023-10-04,68950000,1821.08,53539476,15410524,24385,106.8,0.4703,84.62,1128.67,27799.39,15408558.0
2023-10-05,69000000,1820.01,53584818,15415182,24420,106.33,0.4703,83.11,1113.89,27415.91,15410524.0
2023-10-06,69100000,1832.26,53857121,15242879,24380,106.04,0.4703,83.09,1128.54,27946.6,15415182.0
2023-10-07,69150000,1832.26,53857121,15292879,24380,106.04,0.4703,83.09,1128.54,27968.84,15242879.0
2023-10-08,69150000,1832.26,53857121,15292879,24380,106.04,0.4703,85.98,1128.54,27935.09,15292879.0
2023-10-09,69600000,1860.88,54653500,14946500,24360,106.08,0.4703,86.62,1137.36,27583.68,15292879.0
2023-10-10,69750000,1860.09,54652725,15097275,24370,105.83,0.4703,86.17,1143.69,27391.02,14946500.0
2023-10-11,69850000,1873.61,55095144,14754856,24390,105.82,0.4703,83.31,1150.81,26873.32,15097275.0
2023-10-12,70250000,1868.65,55061938,15188062,24440,106.57,0.4703,83.62,1151.61,26756.8,14754856.0
2023-10-13,70150000,1931.7,56908135,13241865,24435,106.65,0.4703,87.86,1154.73,26862.38,15188062.0
2023-10-14,71000000,1931.7,56908135,14091865,24435,106.65,0.4703,87.86,1154.73,26861.71,13241865.0
2023-10-15,71000000,1931.7,56908135,14091865,24435,106.65,0.4703,87.62,1154.73,27159.65,14091865.0
2023-10-16,70400000,1919.44,56558525,13841475,24440,106.24,0.4703,86.77,1141.42,28519.47,14091865.0
2023-10-17,70200000,1923.07,56711858,13488142,24460,106.25,0.4703,88.3,1121.65,28415.75,13841475.0
2023-10-18,70200000,1947.69,57508356,12691644,24490,106.57,0.4703,88.38,1103.4,28328.34,13488142.0
2023-10-19,70450000,1973.7,58431012,12018988,24555,106.25,0.4703,90.44,1087.85,28719.81,12691644.0
2023-10-20,70950000,1981.04,58636369,12313631,24550,106.16,0.4703,89.6,1108.03,29682.95,12018988.0
2023-10-21,70950000,1981.04,58636369,12313631,24550,106.16,0.4703,89.6,1108.03,29918.41,12313631.0
2023-10-22,70950000,1981.04,58636369,12313631,24550,106.16,0.4703,88.84,1108.03,29993.9,12313631.0
2023-10-23,70800000,1972.59,58314912,12485088,24520,105.54,0.4703,87.17,1093.53,33086.23,12313631.0
2023-10-24,70550000,1970.11,58407865,12142135,24590,106.27,0.4703,84.67,1105.9,33901.53,12485088.0
2023-10-25,70550000,1979.62,58594339,11955661,24550,106.53,0.4703,86.17,1101.66,34502.82,12142135.0
2023-10-26,70550000,1984.82,58772183,11777817,24560,106.6,0.4703,84.56,1055.45,34156.65,11955661.0
2023-10-27,70550000,2005.78,59499230,11050770,24604,106.56,0.4703,86.12,1060.62,33909.8,11777817.0
2023-10-28,70550000,2005.78,59499230,11050770,24604,106.56,0.4703,86.12,1060.62,34089.57,11050770.0
2023-10-29,70550000,2005.78,59499230,11050770,24604,106.56,0.4703,85.36,1060.62,34538.48,11050770.0
2023-10-30,70550000,1995.88,59123742,11426258,24570,106.12,0.4703,83.39,1042.4,34502.36,11050770.0
2023-10-31,70800000,1982.7,58704627,12095373,24558,106.66,0.4703,82.05,1028.19,34667.78,11426258.0
2023-11-01,70750000,1982.15,58693122,12056878,24560,106.88,0.4703,81.56,1039.66,35437.25,12095373.0
2023-11-02,70650000,1985.51,58852460,11797540,24585,106.12,0.4703,83.19,1075.47,34938.24,12056878.0
2023-11-03,70350000,1992.27,59016803,11333197,24570,105.02,0.4703,81.5,1076.78,34732.32,11797540.0
2023-11-04,70050000,1992.27,59016803,11033197,24570,105.02,0.4703,81.5,1076.78,35082.2,11333197.0
2023-11-05,70050000,1992.27,59016803,11033197,24570,105.02,0.4703,81.58,1076.78,35049.36,11033197.0
2023-11-06,69800000,1977.68,58465385,11334615,24520,105.22,0.4703,81.39,1089.66,35037.37,11033197.0
2023-11-07,69900000,1968.4,57752001,12147999,24335,105.54,0.4703,77.52,1080.29,35443.56,11334615.0
2023-11-08,70300000,1949.79,57147222,13152778,24310,105.59,0.4703,75.92,1113.43,35655.28,12147999.0
2023-11-09,70100000,1958.19,57535076,12564924,24370,105.91,0.4703,75.88,1113.89,36693.12,13152778.0
2023-11-10,70300000,1936.79,56836253,13463747,24340,105.86,0.4703,77.6,1101.68,37313.97,12564924.0
2023-11-11,70300000,1936.79,56836253,13463747,24340,105.86,0.4703,77.6,1101.68,37138.05,13463747.0
2023-11-12,70300000,1936.79,56836253,13463747,24340,105.86,0.4703,77.19,1101.68,37054.52,13463747.0
2023-11-13,70300000,1945.89,57044646,13255354,24315,105.66,0.4703,78.8,1100.07,36502.36,13463747.0
2023-11-14,70350000,1962.67,57692735,12657265,24381,104.11,0.4703,78.39,1109.73,35537.64,13255354.0
2023-11-15,70600000,1959.09,57575691,13024309,24376,104.39,0.4703,76.81,1122.5,37880.58,12657265.0
2023-11-16,70550000,1980.85,58000256,12549744,24286,104.37,0.4703,73.53,1125.53,36154.77,13024309.0
2023-11-17,70800000,1980.01,57980435,12819565,24288,103.82,0.4703,76.4,1101.19,36596.68,12549744.0
2023-11-18,70750000,1980.01,57980435,12769565,24288,103.82,0.4703,76.4,1101.19,36585.7,12819565.0
2023-11-19,70750000,1980.01,57980435,12769565,24288,103.82,0.4703,76.53,1101.19,37386.55,12769565.0
2023-11-20,70850000,1977.19,57807272,13042728,24250,103.47,0.4703,77.89,1103.66,37476.96,12769565.0
2023-11-21,71200000,1998.37,58233767,12966233,24170,103.59,0.4703,77.92,1110.46,35813.81,13042728.0
2023-11-22,71800000,1989.72,57885744,13914256,24130,103.92,0.4703,76.94,1113.82,37432.34,12966233.0
2023-11-23,71600000,1991.79,58126071,13473929,24205,103.92,0.4703,76.58,1088.49,37289.62,13914256.0
2023-11-24,71800000,2001.97,58507631,13292369,24240,103.4,0.4703,75.41,1095.61,37720.28,13473929.0
2023-11-25,72300000,2001.97,58507631,13792369,24240,103.4,0.4703,75.41,1095.61,37796.79,13292369.0
2023-11-26,72300000,2001.97,58507631,13792369,24240,103.4,0.4703,75.91,1095.61,37479.12,13792369.0
2023-11-27,72500000,2013.64,58897242,13602758,24260,103.2,0.4703,75.39,1088.06,37254.17,13792369.0
2023-11-28,73500000,2040.89,59620463,13879537,24230,102.75,0.4703,76.86,1095.43,37831.09,13602758.0
2023-11-29,73600000,2044.59,59753201,13846799,24240,102.77,0.4703,77.88,1102.8,37858.49,13879537.0
2023-11-30,73600000,2035.75,59543940,14056060,24260,103.5,0.4703,75.83,1094.13,37712.75,13846799.0
2023-12-01,73500000,2070.9,60547080,12952920,24250,103.27,0.4703,74.56,1102.16,38688.75,14056060.0
2023-12-02,74000000,2070.9,60547080,13452920,24250,103.27,0.4703,74.56,1102.16,39476.33,12952920.0
2023-12-03,74000000,2070.9,60547080,13452920,24250,103.27,0.4703,74.95,1102.16,39978.39,13452920.0
2023-12-04,74200000,2029.74,59392624,14807376,24270,103.64,0.4703,73.42,1120.49,41980.1,13452920.0
2023-12-05,74400000,2019.42,59041955,15358045,24250,104.05,0.4703,72.25,1115.97,44080.65,14807376.0
2023-12-06,74200000,2024.9,59241235,14958765,24266,104.15,0.4703,69.61,1126.43,43746.45,15358045.0
2023-12-07,74100000,2028.34,59361441,14738559,24274,103.54,0.4703,69.89,1121.49,43292.66,14958765.0
2023-12-08,74100000,2003.39,58633669,15466331,24275,104.01,0.4703,71.36,1124.44,44166.6,14738559.0
2023-12-09,74000000,2003.39,58633669,15366331,24275,104.01,0.4703,71.36,1124.44,43725.98,15466331.0
2023-12-10,74000000,2003.39,58633669,15366331,24275,104.01,0.4703,71.33,1124.44,43779.7,15366331.0
2023-12-11,73750000,1981.3,57855774,15894226,24220,104.1,0.4703,71.47,1125.5,41243.83,15366331.0
2023-12-12,73600000,1979.44,57873056,15726944,24250,103.87,0.4703,68.78,1127.63,41450.22,15894226.0
2023-12-13,73800000,2026.39,59270168,14529832,24260,102.87,0.4703,70.0,1114.2,42890.74,15726944.0
2023-12-14,74300000,2035.53,59584134,14715866,24279,101.96,0.4703,71.72,1110.13,43023.97,14529832.0
2023-12-15,74500000,2018.19,58993827,15506173,24245,102.55,0.4703,71.95,1102.3,41929.76,14715866.0
2023-12-16,74350000,2018.19,58993827,15356173,24245,102.55,0.4703,71.95,1102.3,42240.12,15506173.0
2023-12-17,74350000,2018.19,58993827,15356173,24245,102.55,0.4703,72.35,1102.3,41364.66,15356173.0
2023-12-18,74400000,2027.0,59288010,15111990,24260,102.51,0.4703,72.62,1091.88,42623.54,15356173.0
2023-12-19,74900000,2040.12,59893130,15006870,24350,102.17,0.4703,73.97,1096.3,42270.53,15111990.0
2023-12-20,75600000,2029.19,59572251,16027749,24350,102.41,0.4703,73.47,1100.76,43652.25,15006870.0
2023-12-21,75800000,2045.49,60013788,15786212,24335,101.84,0.4703,73.69,1102.43,43869.15,16027749.0
2023-12-22,76800000,2052.98,60196414,16603586,24320,101.7,0.4703,73.3,1103.06,43997.9,15786212.0
2023-12-23,76900000,2052.98,60196414,16703586,24320,101.7,0.4703,73.3,1103.06,43739.54,16603586.0
2023-12-24,76900000,2052.98,60196414,16703586,24320,101.7,0.4703,73.3,1103.06,43016.12,16703586.0
2023-12-25,78400000,2054.93,60043000,18357000,24235,101.7,0.4703,73.66,1117.66,43613.14,16703586.0
2023-12-26,79200000,2066.6,60371528,18828472,24230,101.47,0.4703,75.12,1122.25,42520.4,18357000.0
2023-12-27,79500000,2077.16,60917929,18582071,24325,100.99,0.4703,73.92,1121.99,43442.86,18828472.0
2023-12-28,77500000,2064.86,60606991,16893009,24345,101.23,0.4703,71.92,1128.93,42627.86,18582071.0
2023-12-29,76000000,2062.59,60266818,15733182,24235,101.33,0.4703,71.24,1129.93,42099.4,16893009.0
2023-12-30,74000000,2062.59,60266818,13733182,24235,101.33,0.4703,71.24,1129.93,42156.9,15733182.0
2023-12-31,74000000,2062.59,60266818,13733182,24235,101.33,0.4703,71.24,1129.93,42265.19,13733182.0
2024-01-01,74000000,2063.8,60364379,13635621,24260,101.33,0.4703,71.86,1129.93,44167.33,13733182.0
2024-01-02,75000000,2058.88,60220473,14779527,24260,102.2,0.4703,70.41,1131.72,44957.97,13635621.0
2024-01-03,75500000,2040.78,59850994,15649006,24325,102.46,0.4703,72.97,1144.17,42848.18,14779527.0
2024-01-04,75000000,2043.26,60034582,14965418,24370,102.42,0.4703,72.22,1150.72,44179.92,15649006.0
2024-01-05,75000000,2045.5,60075736,14924264,24360,102.41,0.4703,73.87,1154.68,44162.69,14965418.0
2024-01-06,75000000,2045.5,60075736,14924264,24360,102.41,0.4703,73.87,1154.68,43989.2,14924264.0
2024-01-07,75000000,2045.5,60075736,14924264,24360,102.41,0.4703,73.69,1154.68,43943.1,14924264.0
2024-01-08,74000000,2027.84,59581515,14418485,24370,102.21,0.4703,70.69,1160.19,46970.5,14924264.0
2024-01-09,74500000,2029.59,59535054,14964946,24330,102.57,0.4703,72.11,1158.59,46139.73,14418485.0
2024-01-10,74500000,2023.4,59426665,15073335,24360,102.36,0.4703,71.2,1161.54,46627.78,14964946.0
2024-01-11,75300000,2028.09,59674442,15625558,24405,102.29,0.4703,73.34,1162.22,46368.59,15073335.0
2024-01-12,76000000,2048.72,60454361,15545639,24475,102.4,0.4703,72.75,1154.7,42853.17,15625558.0
2024-01-13,77000000,2048.72,60454361,16545639,24475,102.4,0.4703,72.75,1154.7,42842.38,15545639.0
2024-01-14,77000000,2048.72,60454361,16545639,24475,102.4,0.4703,72.53,1154.7,41796.27,16545639.0
2024-01-15,76500000,2054.49,60661780,15838220,24490,102.4,0.4703,72.62,1154.12,42511.97,16545639.0
2024-01-16,76500000,2027.59,59818627,16681373,24470,103.36,0.4703,71.88,1163.12,43154.95,15838220.0
2024-01-17,76200000,2005.72,59245957,16954043,24500,103.45,0.4703,72.67,1162.53,42742.65,16681373.0
2024-01-18,76500000,2022.67,59746635,16753365,24500,103.54,0.4703,73.69,1169.06,41262.06,16954043.0
2024-01-19,76800000,2029.09,60046359,16753641,24545,103.29,0.4703,73.3,1181.5,41618.41,16753365.0
2024-01-20,76700000,2029.09,60046359,16653641,24545,103.29,0.4703,73.3,1181.5,41665.59,16753641.0
2024-01-21,76700000,2029.09,60046359,16653641,24545,103.29,0.4703,73.05,1181.5,41545.79,16653641.0
2024-01-22,76000000,2020.99,59794474,16205526,24540,103.33,0.4703,74.5,1182.86,39507.37,16653641.0
2024-01-23,76500000,2028.69,60046751,16453249,24550,103.62,0.4703,74.33,1177.5,39845.55,16205526.0
2024-01-24,76700000,2012.59,59606608,17093392,24565,103.24,0.4703,75.3,1172.97,40077.07,16453249.0
2024-01-25,76500000,2019.75,59903894,16596106,24600,103.57,0.4703,77.0,1170.37,39933.81,17093392.0
2024-01-26,76800000,2018.34,59874242,16925758,24605,103.47,0.4703,78.05,1175.67,41816.87,16596106.0
2024-01-27,76700000,2018.34,59874242,16825758,24605,103.47,0.4703,78.05,1175.67,42120.05,16925758.0
2024-01-28,76700000,2018.34,59874242,16825758,24605,103.47,0.4703,78.77,1175.67,42035.59,16825758.0
2024-01-29,76800000,2031.75,60247555,16552445,24595,103.61,0.4703,76.92,1175.69,43288.25,16825758.0
2024-01-30,77400000,2036.12,60217573,17182427,24530,103.4,0.4703,77.7,1179.65,42952.61,16552445.0
2024-01-31,77900000,2037.19,59917638,17982362,24395,103.27,0.4703,75.78,1164.31,42582.61,17182427.0
2024-02-01,78300000,2054.89,60487779,17812221,24415,103.05,0.4703,74.17,1173.02,43075.77,17982362.0
2024-02-02,78500000,2038.59,59971104,18528896,24400,103.92,0.4703,72.28,1172.55,43185.86,17812221.0
2024-02-03,78100000,2038.59,59971104,18128896,24400,103.92,0.4703,72.28,1172.55,42992.25,18528896.0
2024-02-04,78100000,2038.59,59971104,18128896,24400,103.92,0.4703,72.7,1172.55,42583.58,18128896.0
2024-02-05,78400000,2024.67,59402938,18997062,24335,104.45,0.4703,72.6,1186.06,42658.67,18128896.0
2024-02-06,78500000,2035.46,59805404,18694596,24370,104.18,0.4703,73.36,1188.48,43084.67,18997062.0
2024-02-07,78900000,2034.22,59732183,19167817,24355,104.04,0.4703,73.92,1198.53,44318.22,18694596.0
2024-02-08,78900000,2033.18,59811953,19088047,24400,104.15,0.4703,76.39,1198.53,45301.57,19167817.0
2024-02-09,78900000,2024.16,59546603,19353397,24400,104.08,0.4703,76.55,1198.53,47147.2,19088047.0
2024-02-10,78900000,2024.16,59546603,19353397,24400,104.08,0.4703,76.55,1198.53,47771.28,19353397.0
2024-02-11,78900000,2024.16,59546603,19353397,24400,104.08,0.4703,76.39,1198.53,48293.92,19353397.0
2024-02-12,78900000,2019.79,59418047,19481953,24400,104.17,0.4703,76.94,1198.53,49958.22,19353397.0
2024-02-13,78900000,1992.13,58604347,20295653,24400,104.96,0.4703,77.67,1198.53,49742.44,19481953.0
2024-02-14,78900000,1992.39,58611996,20288004,24400,104.72,0.4703,76.5,1198.53,51826.7,20295653.0
2024-02-15,78800000,2004.09,58956186,19843814,24400,104.3,0.4703,77.89,1202.5,51938.55,20288004.0
2024-02-16,78400000,2013.1,59342596,19057404,24450,104.28,0.4703,78.47,1209.7,52160.2,19843814.0
2024-02-17,78600000,2013.1,59342596,19257404,24450,104.28,0.4703,78.47,1209.7,51663.0,19057404.0
2024-02-18,78400000,2013.1,59342596,19057404,24450,104.28,0.4703,78.47,1209.7,52122.55,19257404.0
2024-02-19,78000000,2017.63,59622086,18377914,24510,104.28,0.4703,78.33,1224.97,51779.14,19057404.0
2024-02-20,78200000,2023.53,59845228,18354772,24530,104.08,0.4703,77.44,1230.06,52284.88,18377914.0
2024-02-21,78000000,2024.99,59876200,18123800,24525,104.01,0.4703,78.31,1230.04,51839.18,18354772.0
2024-02-22,78700000,2024.11,59850179,18849821,24525,103.96,0.4703,78.45,1227.31,51304.97,18123800.0
2024-02-23,78500000,2035.72,60353005,18146995,24590,103.94,0.4703,76.8,1212.0,50731.95,18849821.0
2024-02-24,78800000,2035.72,60353005,18446995,24590,103.94,0.4703,76.8,1212.0,51571.1,18146995.0
2024-02-25,78800000,2035.72,60353005,18446995,24590,103.94,0.4703,76.61,1212.0,51733.24,18446995.0
2024-02-26,79000000,2030.66,60300922,18699078,24630,103.83,0.4703,77.81,1224.17,54522.4,18446995.0
2024-02-27,78900000,2029.64,60344045,18555955,24660,103.83,0.4703,78.58,1237.46,57085.37,18699078.0
2024-02-28,79300000,2034.62,60406250,18893750,24625,103.98,0.4703,78.3,1254.55,62504.79,18555955.0
2024-02-29,79500000,2043.24,60649854,18850146,24620,104.16,0.4703,78.41,1252.73,61198.38,18893750.0
2024-03-01,79800000,2083.39,61891871,17908129,24640,103.86,0.4703,79.96,1258.28,62440.63,18850146.0
2024-03-02,80300000,2083.39,61891871,18408129,24640,103.86,0.4703,79.96,1258.28,62029.85,17908129.0
2024-03-03,80300000,2083.39,61891871,18408129,24640,103.86,0.4703,80.06,1258.28,63167.37,18408129.0
2024-03-04,80400000,2114.99,62830621,17569379,24640,103.83,0.4703,78.81,1261.41,68330.41,18408129.0
2024-03-05,80800000,2127.55,63296088,17503912,24676,103.8,0.4703,78.34,1269.98,63801.2,17569379.0
2024-03-06,81000000,2148.29,63949378,17050622,24690,103.37,0.4703,79.17,1262.73,66106.8,17503912.0
2024-03-07,81800000,2159.16,64207872,17592128,24665,102.82,0.4703,79.31,1268.46,66925.48,17050622.0
2024-03-08,81900000,2177.51,64792934,17107066,24680,102.74,0.4703,77.93,1247.35,68300.09,17592128.0
2024-03-09,82000000,2177.51,64792934,17207066,24680,102.74,0.4703,77.93,1247.35,68498.88,17107066.0
2024-03-10,82000000,2177.51,64792934,17207066,24680,102.74,0.4703,77.89,1247.35,69019.79,17207066.0
2024-03-11,82200000,2182.47,64835269,17364731,24640,102.87,0.4703,78.16,1235.49,72123.91,17207066.0
2024-03-12,82500000,2157.99,64095025,18404975,24635,102.96,0.4703,78.06,1245.0,71481.29,17364731.0
2024-03-13,80700000,2174.4,64608639,16091361,24645,102.79,0.4703,79.75,1270.51,73083.5,18404975.0
2024-03-14,81500000,2161.01,64288940,17211060,24675,103.36,0.4703,80.97,1264.26,71396.59,16091361.0
2024-03-15,81700000,2155.54,64165193,17534807,24690,103.43,0.4703,81.03,1263.78,69403.77,17211060.0
2024-03-16,81700000,2155.54,64165193,17534807,24690,103.43,0.4703,81.03,1263.78,65315.12,17534807.0
2024-03-17,81700000,2155.54,64165193,17534807,24690,103.43,0.4703,81.03,1263.78,68390.62,17534807.0
2024-03-18,81400000,2159.99,64375785,17024215,24720,103.58,0.4703,82.62,1243.56,67548.59,17534807.0
2024-03-19,81500000,2157.23,64280522,17219478,24715,103.81,0.4703,82.88,1242.46,61912.77,17024215.0
2024-03-20,81400000,2185.96,65202498,16197502,24740,103.41,0.4703,82.03,1260.08,67913.67,17219478.0
2024-03-21,80800000,2180.81,65140910,15659090,24775,104.0,0.4703,81.34,1276.42,65491.39,16197502.0
2024-03-22,80000000,2164.15,64669367,15330633,24785,104.43,0.4703,81.19,1281.8,63778.76,15659090.0
2024-03-23,80300000,2164.15,64669367,15630633,24785,104.43,0.4703,81.19,1281.8,64062.2,15330633.0
2024-03-24,80300000,2164.15,64669367,15630633,24785,104.43,0.4703,81.23,1281.8,67234.17,15630633.0
2024-03-25,79900000,2171.45,64843000,15057000,24768,104.23,0.4703,82.38,1267.86,69958.81,15630633.0
2024-03-26,80300000,2178.58,64982369,15317631,24740,104.29,0.4703,81.61,1282.21,69987.84,15057000.0
2024-03-27,80900000,2194.02,65522268,15377732,24770,104.35,0.4703,82.05,1283.09,69455.34,15317631.0
2024-03-28,81000000,2232.38,66708224,14291776,24785,104.55,0.4703,83.44,1290.18,70744.95,15377732.0
2024-03-29,81000000,2232.38,66721681,14278319,24790,104.55,0.4703,83.44,1284.09,69892.83,14291776.0
2024-03-30,80800000,2232.38,66721681,14078319,24790,104.55,0.4703,83.44,1284.09,69645.3,14278319.0
2024-03-31,80800000,2232.38,66721681,14078319,24790,104.55,0.4703,83.45,1284.09,71333.65,14078319.0
2024-04-01,81100000,2250.36,67313333,13786667,24810,105.02,0.4703,84.14,1281.52,69702.15,14078319.0
2024-04-02,81300000,2280.1,68161688,13138312,24795,104.82,0.4703,85.75,1287.04,65446.97,13786667.0
2024-04-03,81100000,2299.17,69022830,12077170,24900,104.25,0.4703,85.81,1271.47,65980.81,13138312.0
2024-04-04,81300000,2289.43,69006453,12293547,25000,104.12,0.4703,87.22,1268.25,68508.84,12077170.0
2024-04-05,81500000,2329.5,70031659,11468341,24935,104.3,0.4703,86.96,1255.11,67837.64,12293547.0
2024-04-06,81900000,2329.5,70031659,11868341,24935,104.3,0.4703,86.96,1255.11,68896.11,11468341.0
2024-04-07,81900000,2329.5,70031659,11868341,24935,104.3,0.4703,86.08,1255.11,69362.55,11868341.0
2024-04-08,82400000,2338.89,70356249,12043751,24950,104.14,0.4703,86.83,1250.35,71631.36,11868341.0
2024-04-09,84800000,2352.58,70796422,14003578,24960,104.15,0.4703,85.47,1262.82,69139.02,12043751.0
2024-04-10,84400000,2332.79,70158692,14241308,24945,105.25,0.4703,86.41,1258.56,70587.88,14003578.0
2024-04-11,84200000,2373.24,71346613,12853387,24935,105.28,0.4703,85.61,1258.2,70060.61,14241308.0
2024-04-12,84500000,2343.43,70577578,13922422,24980,106.04,0.4703,85.6,1276.6,67195.87,12853387.0
2024-04-13,83100000,2343.43,70577578,12522422,24980,106.04,0.4703,85.6,1276.6,63821.47,13922422.0
2024-04-14,83100000,2343.43,70577578,12522422,24980,106.04,0.4703,85.69,1276.6,65738.73,12522422.0
2024-04-15,84100000,2382.51,71812008,12287992,25000,106.21,0.4703,85.86,1216.61,63426.21,12522422.0
2024-04-16,83700000,2382.83,72338769,11361231,25180,106.26,0.4703,85.53,1215.68,63811.86,12287992.0
2024-04-17,84100000,2360.81,71954910,12145090,25280,105.95,0.4703,82.86,1193.01,61276.69,11361231.0
2024-04-18,84100000,2378.25,72830544,11269456,25400,106.15,0.4703,82.59,1193.01,63512.75,12145090.0
2024-04-19,83800000,2390.45,73204151,10595849,25400,106.15,0.4703,82.69,1174.85,63843.57,11269456.0
2024-04-20,84000000,2390.45,73204151,10795849,25400,106.15,0.4703,82.69,1174.85,64994.44,10595849.0
2024-04-21,84000000,2390.45,73204151,10795849,25400,106.15,0.4703,82.44,1174.85,64926.64,10795849.0
2024-04-22,83500000,2326.29,71351530,12148470,25440,106.08,0.4703,82.58,1190.22,66837.68,10795849.0
2024-04-23,83300000,2321.81,71256110,12043890,25455,105.69,0.4703,83.92,1177.4,66407.27,12148470.0
2024-04-24,84500000,2315.82,71030396,13469604,25440,105.86,0.4703,83.16,1205.61,64276.9,12043890.0
2024-04-25,84300000,2331.78,71421522,12878478,25405,105.6,0.4703,84.2,1204.97,64481.71,13469604.0
2024-04-26,85200000,2337.72,71448446,13751554,25350,105.94,0.4703,84.14,1209.52,63755.32,12878478.0
2024-04-27,85200000,2337.72,71448446,13751554,25350,105.94,0.4703,84.14,1209.52,63419.14,13751554.0
2024-04-28,85200000,2337.72,71448446,13751554,25350,105.94,0.4703,83.61,1209.52,63113.23,13751554.0
2024-04-29,85200000,2334.44,71291908,13908092,25330,105.58,0.4703,82.98,1209.52,63841.12,13751554.0
2024-04-30,85200000,2285.57,69799457,15400543,25330,106.22,0.4703,81.69,1209.52,60636.86,13908092.0
2024-05-01,85200000,2317.9,70786789,14413211,25330,105.76,0.4703,79.44,1209.52,58254.01,15400543.0
2024-05-02,85100000,2303.29,70340612,14759388,25330,105.3,0.4703,79.53,1216.36,59123.43,14413211.0
2024-05-03,85800000,2301.56,70454272,15345728,25390,105.03,0.4703,78.29,1221.03,62889.84,14759388.0
2024-05-04,85900000,2301.56,70454272,15445728,25390,105.03,0.4703,78.29,1221.03,63891.47,15345728.0
2024-05-05,85900000,2301.56,70454272,15445728,25390,105.03,0.4703,78.64,1221.03,64031.13,15445728.0
2024-05-06,86500000,2323.57,71156046,15343954,25400,105.05,0.4703,79.11,1241.58,63161.95,15445728.0
2024-05-07,87500000,2313.79,70772858,16727142,25370,105.41,0.4703,78.53,1248.63,62334.82,15343954.0
2024-05-08,87500000,2308.65,70699142,16800858,25400,105.55,0.4703,79.47,1250.46,61187.94,16727142.0
2024-05-09,89100000,2345.88,71909966,17190034,25425,105.23,0.4703,79.84,1248.64,63049.96,16800858.0
2024-05-10,92400000,2360.14,72389771,20010229,25440,105.31,0.4703,78.38,1244.7,60792.78,17190034.0
2024-05-11,91300000,2360.14,72389771,18910229,25440,105.31,0.4703,78.38,1244.7,60793.71,20010229.0
2024-05-12,91300000,2360.14,72389771,18910229,25440,105.31,0.4703,78.22,1244.7,61448.39,18910229.0
2024-05-13,90000000,2336.05,71679052,18320948,25450,105.22,0.4703,79.25,1240.18,62901.45,18910229.0
2024-05-14,89000000,2357.97,72360171,16639829,25453,105.01,0.4703,78.48,1243.28,61552.79,18320948.0
2024-05-15,90200000,2386.04,73212938,16987062,25450,104.35,0.4703,78.95,1254.39,66267.49,16639829.0
2024-05-16,90000000,2376.44,72904047,17095953,25445,104.46,0.4703,79.39,1268.78,65231.58,16987062.0
2024-05-17,90000000,2414.89,74042849,15957151,25431,104.45,0.4703,79.98,1273.11,67051.88,17095953.0
2024-05-18,90400000,2414.89,74042849,16357151,25431,104.45,0.4703,79.98,1273.11,66940.8,15957151.0
2024-05-19,90400000,2414.89,74042849,16357151,25431,104.45,0.4703,79.78,1273.11,66278.37,16357151.0
2024-05-20,91000000,2425.12,74406216,16593784,25448,104.57,0.4703,79.69,1277.58,71448.2,16357151.0
2024-05-21,90700000,2421.64,74311123,16388877,25452,104.66,0.4703,78.69,1277.14,70136.53,16593784.0
2024-05-22,90900000,2378.25,73005452,17894548,25461,104.94,0.4703,77.53,1266.91,69122.34,16388877.0
2024-05-23,90000000,2328.37,71482700,18517300,25464,105.11,0.4703,77.22,1281.03,67929.56,17894548.0
2024-05-24,89500000,2333.76,71662246,17837754,25469,104.72,0.4703,78.18,1261.93,68526.1,18517300.0
2024-05-25,89500000,2333.76,71662246,17837754,25469,104.72,0.4703,78.18,1261.93,69265.95,17837754.0
2024-05-26,89500000,2333.76,71662246,17837754,25469,104.72,0.4703,78.16,1261.93,68518.09,17837754.0
2024-05-27,89900000,2350.74,72172310,17727690,25465,104.72,0.4703,78.95,1267.68,69394.55,17837754.0
2024-05-28,90500000,2360.95,72428848,18071152,25445,104.61,0.4703,80.55,1281.73,68296.22,17727690.0
2024-05-29,90300000,2338.77,71756872,18543128,25448,105.1,0.4703,79.53,1272.64,67578.09,18071152.0
2024-05-30,88800000,2343.0,71892304,16907696,25450,104.72,0.4703,78.03,1266.32,68364.99,18543128.0
2024-05-31,87500000,2326.97,71400442,16099558,25450,104.67,0.4703,77.44,1261.72,67491.41,16907696.0
2024-06-01,83000000,2326.97,71400442,11599558,25450,104.67,0.4703,77.44,1261.72,67706.94,16099558.0
2024-06-02,83000000,2326.97,71400442,11599558,25450,104.67,0.4703,77.0,1261.72,67751.6,11599558.0
2024-06-03,79980000,2350.35,72089494,7890506,25440,104.14,0.4703,74.28,1280.0,68804.78,11599558.0
2024-06-04,78980000,2327.68,71371713,7608287,25432,104.11,0.4703,73.17,1283.52,70567.77,7890506.0
2024-06-05,77980000,2354.78,72140199,5839801,25410,104.27,0.4703,74.62,1284.35,71082.82,7608287.0
2024-06-06,76980000,2375.61,72792660,4187340,25415,104.1,0.4703,75.88,1283.56,70757.16,5839801.0
2024-06-07,76980000,2292.71,70266286,6713714,25420,104.89,0.4703,75.59,1287.58,69342.59,4187340.0
2024-06-08,76980000,2292.71,70266286,6713714,25420,104.89,0.4703,75.59,1287.58,69305.77,6713714.0
2024-06-09,76980000,2292.71,70266286,6713714,25420,104.89,0.4703,75.5,1287.58,69647.99,6713714.0
2024-06-10,76980000,2310.6,70758858,6221142,25400,105.15,0.4703,78.19,1290.67,69512.28,6713714.0
2024-06-11,76980000,2316.27,70974383,6005617,25415,105.23,0.4703,78.25,1284.41,67332.03,6221142.0
2024-06-12,76980000,2322.55,71222817,5757183,25435,104.65,0.4703,78.39,1300.19,68241.19,6005617.0
2024-06-13,76980000,2303.19,70629127,6350873,25435,105.2,0.4703,77.97,1301.51,66756.4,5757183.0
2024-06-14,76980000,2332.52,71528554,5451446,25435,105.55,0.4703,78.53,1279.91,66011.09,6350873.0
2024-06-15,76980000,2332.52,71528554,5451446,25435,105.55,0.4703,78.53,1279.91,66191.0,5451446.0
2024-06-16,76980000,2332.52,71528554,5451446,25435,105.55,0.4703,78.28,1279.91,66639.05,5451446.0
2024-06-17,76980000,2318.87,71151903,5828097,25450,105.32,0.4703,80.19,1274.77,66490.3,5451446.0
2024-06-18,76980000,2328.33,71371993,5608007,25425,105.26,0.4703,81.18,1279.5,65140.75,5828097.0
2024-06-19,76980000,2327.48,71402060,5577940,25445,105.26,0.4703,80.98,1279.79,64960.3,5608007.0
2024-06-20,76980000,2359.63,72402577,4577423,25450,105.59,0.4703,81.64,1282.3,64828.66,5577940.0
2024-06-21,76980000,2320.34,71197008,5782992,25450,105.8,0.4703,80.96,1282.02,64096.2,4577423.0
2024-06-22,76980000,2320.34,71197008,5782992,25450,105.8,0.4703,80.96,1282.02,64252.58,5782992.0
2024-06-23,76980000,2320.34,71197008,5782992,25450,105.8,0.4703,80.59,1282.02,63180.8,5782992.0
2024-06-24,76980000,2332.93,71513000,5467000,25425,105.47,0.4703,82.03,1254.12,60277.41,5782992.0
2024-06-25,76980000,2319.01,71170178,5809822,25455,105.61,0.4703,81.06,1256.56,61804.64,5467000.0
2024-06-26,76980000,2297.91,70522621,6457379,25455,106.05,0.4703,80.94,1261.24,60811.28,5809822.0
2024-06-27,76980000,2327.45,71457262,5522738,25465,105.91,0.4703,82.19,1259.09,61604.8,6457379.0
2024-06-28,76980000,2325.71,71375800,5604200,25455,105.87,0.4703,81.81,1245.32,60320.14,5522738.0
2024-06-29,76980000,2325.71,71375800,5604200,25455,105.87,0.4703,81.81,1245.32,60887.38,5604200.0
2024-06-30,76980000,2325.71,71375800,5604200,25455,105.87,0.4703,81.99,1245.32,62678.29,5604200.0
2024-07-01,76980000,2331.7,71531521,5448479,25445,105.9,0.4703,83.67,1254.56,62851.98,5604200.0
2024-07-02,76980000,2329.28,71471322,5508678,25450,105.72,0.4703,83.27,1269.79,62029.02,5448479.0
2024-07-03,76980000,2356.06,72293036,4686964,25450,105.4,0.4703,83.86,1276.85,60173.92,5508678.0
2024-07-04,76980000,2356.12,72294877,4685123,25450,105.4,0.4703,84.16,1279.89,56977.7,4686964.0
2024-07-05,76980000,2391.46,73379245,3600755,25450,104.88,0.4703,83.58,1283.04,56662.38,4685123.0
2024-07-06,76980000,2391.46,73379245,3600755,25450,104.88,0.4703,83.58,1283.04,58303.54,3600755.0
2024-07-07,76980000,2391.46,73379245,3600755,25450,104.88,0.4703,83.38,1283.04,55849.11,3600755.0
2024-07-08,76980000,2358.8,72269042,4710958,25412,105.01,0.4703,82.41,1283.56,56705.1,3600755.0
2024-07-09,76980000,2363.58,72424041,4555959,25415,105.12,0.4703,81.84,1293.71,58009.23,4710958.0
2024-07-10,76980000,2371.07,72647829,4332171,25413,105.05,0.4703,82.6,1285.94,57742.5,4555959.0
2024-07-11,76980000,2414.78,73992894,2987106,25415,104.44,0.4703,83.14,1283.8,57344.91,4332171.0
2024-07-12,76980000,2411.27,73899878,3080122,25420,104.09,0.4703,82.33,1280.75,57899.46,2987106.0
2024-07-13,76980000,2411.27,73899878,3080122,25420,104.09,0.4703,82.33,1280.75,59231.95,3080122.0
2024-07-14,76980000,2411.27,73899878,3080122,25420,104.09,0.4703,82.34,1280.75,60787.79,3080122.0
2024-07-15,76980000,2422.07,74201671,2778329,25410,104.19,0.4703,81.89,1279.82,64870.15,3080122.0
2024-07-16,76980000,2468.57,75477416,1502584,25360,104.27,0.4703,80.77,1281.18,65097.15,2778329.0
2024-07-17,76980000,2458.38,75210313,1769687,25375,103.75,0.4703,82.78,1268.66,64118.79,1502584.0
2024-07-18,80000000,2444.97,74623188,5376812,25315,104.17,0.4703,81.83,1274.44,63974.07,1769687.0
2024-07-19,80000000,2400.79,73260293,6739707,25310,104.4,0.4703,79.65,1264.78,66710.16,5376812.0
2024-07-20,80000000,2400.79,73260293,6739707,25310,104.4,0.4703,79.65,1264.78,67163.65,6739707.0
2024-07-21,80000000,2400.79,73260293,6739707,25310,104.4,0.4703,79.95,1264.78,68154.52,6739707.0
2024-07-22,80000000,2397.65,73135568,6864432,25300,104.31,0.4703,79.14,1254.64,67585.25,6739707.0
2024-07-23,79500000,2409.21,73560800,5939200,25325,104.45,0.4703,78.19,1231.81,65927.67,6864432.0
2024-07-24,79500000,2397.59,73263817,6236183,25345,104.39,0.4703,78.3,1238.47,65372.13,5939200.0
2024-07-25,79500000,2364.5,72266931,7233069,25350,104.36,0.4703,79.06,1233.19,65777.23,6236183.0
2024-07-26,79500000,2385.57,72723949,6776051,25285,104.32,0.4703,77.21,1242.11,67912.06,7233069.0
2024-07-27,79500000,2385.57,72723949,6776051,25285,104.32,0.4703,77.21,1242.11,67813.34,6776051.0
2024-07-28,79500000,2385.57,72723949,6776051,25285,104.32,0.4703,77.95,1242.11,68255.87,6776051.0
2024-07-29,79500000,2383.54,72705170,6794830,25300,104.56,0.4703,76.3,1246.6,66819.91,6776051.0
2024-07-30,79000000,2408.43,73391797,5608203,25275,104.55,0.4703,75.91,1245.06,66201.02,6794830.0
2024-07-31,79000000,2448.1,74600656,4399344,25275,104.1,0.4703,79.14,1251.51,64619.25,5608203.0
2024-08-01,79800000,2445.42,74401056,5398944,25235,104.42,0.4703,77.37,1226.96,65357.5,4399344.0
2024-08-02,79800000,2443.29,74277336,5522664,25215,103.21,0.4703,74.69,1236.6,61415.07,5398944.0
2024-08-03,79800000,2443.29,74277336,5522664,25215,103.21,0.4703,74.69,1236.6,60680.09,5522664.0
2024-08-04,79800000,2443.29,74277336,5522664,25215,103.21,0.4703,74.44,1236.6,58116.98,5522664.0
2024-08-05,79800000,2407.65,73164833,6635167,25205,102.69,0.4703,74.62,1188.07,53991.46,5522664.0
2024-08-06,79000000,2389.37,72249238,6750762,25080,102.97,0.4703,73.25,1210.28,56034.32,6635167.0
2024-08-07,79000000,2381.53,72155738,6844262,25130,103.2,0.4703,75.84,1215.88,55027.46,6750762.0
2024-08-08,79000000,2426.75,73598962,5401038,25155,103.21,0.4703,76.45,1208.32,61710.14,6844262.0
2024-08-09,78500000,2430.93,73667117,4832883,25135,103.14,0.4703,77.4,1223.64,60880.11,5401038.0
2024-08-10,78500000,2430.93,73667117,4832883,25135,103.14,0.4703,77.4,1223.64,60945.81,4832883.0
2024-08-11,78500000,2430.93,73667117,4832883,25135,103.14,0.4703,77.05,1223.64,58719.48,4832883.0
2024-08-12,78500000,2472.25,74785151,3714849,25090,103.14,0.4703,79.83,1230.28,59354.52,4832883.0
2024-08-13,80000000,2465.03,74655907,5344093,25120,102.56,0.4703,78.94,1230.42,60609.57,3714849.0
2024-08-14,80000000,2447.64,74114478,5885522,25115,102.57,0.4703,77.7,1230.36,58737.27,5344093.0
2024-08-15,80000000,2456.1,74089332,5910668,25020,102.98,0.4703,78.4,1223.56,57560.1,5885522.0
2024-08-16,80000000,2507.28,75678543,4321457,25035,102.46,0.4703,78.27,1252.23,58894.11,5910668.0
2024-08-17,80000000,2507.28,75678543,4321457,25035,102.46,0.4703,78.27,1252.23,59478.97,4321457.0
2024-08-18,80000000,2507.28,75678543,4321457,25035,102.46,0.4703,78.27,1252.23,58483.96,4321457.0
2024-08-19,80000000,2503.92,75622409,4377591,25050,101.89,0.4703,78.27,1261.62,59493.45,4321457.0
2024-08-20,81000000,2513.74,75646226,5353774,24960,101.44,0.4703,78.27,1272.55,59012.79,4377591.0
2024-08-21,81000000,2511.95,75456075,5543925,24915,101.04,0.4703,78.27,1284.05,61175.19,5353774.0
2024-08-22,81000000,2483.29,74640072,6359928,24930,101.51,0.4703,78.27,1282.78,60381.91,5543925.0
2024-08-23,81000000,2512.07,75595971,5404029,24960,100.72,0.4703,78.27,1285.32,64094.36,6359928.0
2024-08-24,81000000,2512.07,75595971,5404029,24960,100.72,0.4703,78.27,1285.32,64178.99,5404029.0
2024-08-25,81000000,2512.07,75595971,5404029,24960,100.72,0.4703,78.27,1285.32,64333.54,5404029.0
2024-08-26,81000000,2516.89,75756192,5243808,24965,100.85,0.4703,76.75,1280.02,62880.66,5404029.0
2024-08-27,81000000,2524.57,75667759,5332241,24860,100.55,0.4703,75.38,1280.56,59504.13,5243808.0
2024-08-28,81000000,2502.25,74878098,6121902,24820,101.09,0.4703,73.98,1281.44,59027.62,5332241.0
2024-08-29,81000000,2521.18,75550954,5449046,24855,101.34,0.4703,75.11,1281.47,59388.18,6121902.0
2024-08-30,81000000,2503.03,75052328,5947672,24870,101.7,0.4703,73.18,1283.87,59119.48,5449046.0
2024-08-31,81000000,2503.03,75052328,5947672,24870,101.7,0.4703,73.18,1283.87,58969.9,5947672.0
2024-09-01,81000000,2503.03,75052328,5947672,24870,101.7,0.4703,72.53,1283.87,57325.49,5947672.0
2024-09-02,81000000,2499.29,74910053,6089947,24860,101.7,0.4703,73.24,1283.87,59112.48,5947672.0
2024-09-03,81000000,2492.76,74714333,6285667,24860,101.83,0.4703,69.81,1283.87,57431.02,6089947.0
2024-09-04,81000000,2494.19,74757193,6242807,24860,101.36,0.4703,68.84,1275.8,57971.54,6285667.0
2024-09-05,80500000,2516.32,75396215,5103785,24852,101.11,0.4703,68.9,1268.21,56160.49,6242807.0
2024-09-06,80500000,2497.03,74450944,6049056,24730,101.18,0.4703,67.64,1273.96,53948.75,5103785.0
2024-09-07,80500000,2497.03,74450944,6049056,24730,101.18,0.4703,67.64,1273.96,54139.69,6049056.0
2024-09-08,80500000,2497.03,74450944,6049056,24730,101.18,0.4703,67.81,1273.96,54841.57,6049056.0
2024-09-09,80500000,2505.25,74303369,6196631,24600,101.55,0.4703,68.17,1267.73,57019.54,6049056.0
2024-09-10,80500000,2516.12,74868449,5631551,24680,101.63,0.4703,65.72,1255.23,57648.71,6196631.0
2024-09-11,80500000,2511.44,74668634,5831366,24660,101.68,0.4703,66.67,1253.27,57343.17,5631551.0
2024-09-12,80500000,2558.75,75735881,4764119,24550,101.37,0.4703,68.55,1256.35,58127.01,5831366.0
2024-09-13,80500000,2576.5,76338919,4161081,24575,101.11,0.4703,68.34,1251.71,60571.3,4764119.0
2024-09-14,80500000,2576.5,76338919,4161081,24575,101.11,0.4703,68.34,1251.71,60005.12,4161081.0
2024-09-15,80500000,2576.5,76338919,4161081,24575,101.11,0.4703,67.95,1251.71,59182.84,4161081.0
2024-09-16,80500000,2582.58,76378946,4121054,24530,100.76,0.4703,69.28,1239.26,58192.51,4161081.0
2024-09-17,82000000,2569.52,75992701,6007299,24530,100.89,0.4703,69.86,1258.95,60308.54,4121054.0
2024-09-18,82000000,2558.8,75953313,6046687,24620,100.6,0.4703,69.31,1264.9,61649.68,6007299.0
2024-09-19,81800000,2586.48,76712575,5087425,24600,100.61,0.4703,70.91,1271.27,62940.46,6046687.0
2024-09-20,82000000,2621.96,77654238,4345762,24565,100.72,0.4703,71.12,1272.04,63192.98,5087425.0
2024-09-21,82000000,2621.96,77654238,4345762,24565,100.72,0.4703,71.12,1272.04,63394.84,4345762.0
2024-09-22,82000000,2621.96,77654238,4345762,24565,100.72,0.4703,70.86,1272.04,63648.71,4345762.0
2024-09-23,82000000,2628.4,77924194,4075806,24590,100.92,0.4703,70.45,1268.48,63329.8,4345762.0
2024-09-24,83500000,2656.7,78843280,4656720,24615,100.37,0.4703,71.39,1276.99,64301.97,4075806.0
2024-09-25,83500000,2656.82,78766762,4733238,24590,100.92,0.4703,69.42,1287.48,63143.14,4656720.0
2024-09-26,83500000,2670.2,79131245,4368755,24580,100.56,0.4703,67.17,1291.49,65181.02,4733238.0
2024-09-27,83500000,2657.97,78880970,4619030,24615,100.42,0.4703,68.45,1290.92,65790.66,4368755.0
2024-09-28,83500000,2657.97,78880970,4619030,24615,100.42,0.4703,68.45,1290.92,65887.65,4619030.0
2024-09-29,83500000,2657.97,78880970,4619030,24615,100.42,0.4703,68.08,1290.92,65635.3,4619030.0
2024-09-30,83500000,2634.49,78104744,5395256,24590,100.78,0.4703,68.14,1287.94,63329.5,4619030.0
2024-10-01,84000000,2662.82,78832278,5167722,24555,101.19,0.4703,70.58,1292.2,60837.01,5395256.0
2024-10-02,84000000,2657.75,78810355,5189645,24595,101.68,0.4703,70.59,1287.84,60632.79,5167722.0
2024-10-03,84000000,2655.9,78938016,5061984,24652,101.99,0.4703,73.55,1278.1,60759.4,5189645.0
2024-10-04,84000000,2652.25,79126917,4873083,24745,102.52,0.4703,74.1,1270.6,62067.48,5061984.0
2024-10-05,84000000,2652.25,79126917,4873083,24745,102.52,0.4703,74.1,1270.6,62089.95,4873083.0
2024-10-06,84000000,2652.25,79126917,4873083,24745,102.52,0.4703,73.5,1270.6,62818.95,4873083.0
2024-10-07,84000000,2643.58,78900130,5099870,24755,102.54,0.4703,76.75,1269.93,62236.66,4873083.0
2024-10-08,85000000,2621.94,78522961,6477039,24840,102.55,0.4703,73.47,1271.98,62131.97,5099870.0
2024-10-09,85000000,2607.77,78082872,6917128,24835,102.93,0.4703,72.85,1281.85,60582.1,6477039.0
2024-10-10,84500000,2629.48,78717070,5782930,24830,102.99,0.4703,75.06,1286.36,60274.5,6917128.0
2024-10-11,84500000,2656.0,79510983,4989017,24830,102.89,0.4703,74.9,1288.39,62445.09,5782930.0
2024-10-12,84500000,2656.0,79510983,4989017,24830,102.89,0.4703,74.9,1288.39,63193.02,4989017.0
2024-10-13,84500000,2656.0,79510983,4989017,24830,102.89,0.4703,73.65,1288.39,62851.38,4989017.0
2024-10-14,85000000,2651.05,79266910,5733090,24800,103.3,0.4703,71.16,1286.34,66046.12,4989017.0
2024-10-15,85000000,2660.99,79692447,5307553,24840,103.26,0.4703,70.48,1281.08,67041.11,5733090.0
2024-10-16,86000000,2673.24,80333270,5666730,24925,103.59,0.4703,70.13,1279.48,67612.72,5307553.0
2024-10-17,86000000,2692.55,81059636,4940364,24970,103.83,0.4703,70.26,1286.52,67399.84,5666730.0
2024-10-18,86000000,2720.25,82582281,3417719,25180,103.49,0.4703,68.8,1285.46,68418.79,4940364.0
2024-10-19,86000000,2720.25,82582281,3417719,25180,103.49,0.4703,68.8,1285.46,68362.73,3417719.0
2024-10-20,86000000,2720.25,82582281,3417719,25180,103.49,0.4703,68.8,1285.46,69001.7,3417719.0
2024-10-21,88000000,2719.65,82465697,5534303,25150,104.01,0.4703,69.95,1279.77,67367.85,3417719.0
2024-10-22,89000000,2748.38,83784188,5215812,25285,104.08,0.4703,71.36,1269.89,67361.41,5534303.0
2024-10-23,89000000,2717.54,83188056,5811944,25390,104.43,0.4703,71.11,1270.9,66432.2,5215812.0
2024-10-24,89000000,2735.7,83776945,5223055,25400,104.06,0.4703,70.33,1257.41,68161.05,5811944.0
2024-10-25,89000000,2747.69,84094430,4905570,25385,104.26,0.4703,71.56,1252.72,66642.41,5223055.0
2024-10-26,89000000,2747.69,84094430,4905570,25385,104.26,0.4703,71.56,1252.72,67014.7,4905570.0
2024-10-27,89000000,2747.69,84094430,4905570,25385,104.26,0.4703,68.66,1252.72,67929.3,4905570.0
2024-10-28,89000000,2741.98,83820496,5179504,25355,104.32,0.4703,67.8,1254.77,69907.76,4905570.0
2024-10-29,89000000,2775.13,84800411,4199589,25345,104.28,0.4703,67.28,1261.78,72720.49,5179504.0
2024-10-30,90000000,2786.19,84970416,5029584,25295,103.99,0.4703,68.75,1258.63,72339.54,4199589.0
2024-10-31,90000000,2743.8,83628027,6371973,25280,103.98,0.4703,70.33,1264.48,70215.19,5029584.0
2024-11-01,89500000,2735.16,83331713,6168287,25270,104.28,0.4703,69.13,1254.89,69482.47,6371973.0
2024-11-02,89500000,2735.16,83331713,6168287,25270,104.28,0.4703,69.13,1254.89,69289.27,6168287.0
2024-11-03,89500000,2735.16,83331713,6168287,25270,104.28,0.4703,70.3,1254.89,68741.12,6168287.0
2024-11-04,89000000,2736.39,83402178,5597822,25280,103.89,0.4703,71.22,1244.71,67811.51,6168287.0
2024-11-05,89000000,2743.59,83720861,5279139,25310,103.42,0.4703,71.76,1245.76,69359.56,5597822.0
2024-11-06,89000000,2659.24,81211037,7788963,25330,105.09,0.4703,71.41,1261.28,75639.08,5279139.0
2024-11-07,85500000,2706.99,82799831,2700169,25370,104.51,0.4703,71.91,1259.75,75904.86,7788963.0
2024-11-08,86000000,2683.77,82024877,3975123,25350,105.0,0.4703,70.23,1252.56,76545.48,2700169.0
2024-11-09,85800000,2683.77,82024877,3775123,25350,105.0,0.4703,70.23,1252.56,76778.87,3975123.0
2024-11-10,85800000,2683.77,82024877,3775123,25350,105.0,0.4703,70.04,1252.56,80474.19,3775123.0
2024-11-11,85400000,2620.2,79797653,5602347,25260,105.54,0.4703,68.09,1250.32,88701.48,3775123.0
2024-11-12,84000000,2597.27,79255895,4744105,25310,106.02,0.4703,67.92,1244.82,87955.81,5602347.0
2024-11-13,84000000,2573.78,78632188,5367812,25340,106.48,0.4703,67.89,1246.04,90584.16,4744105.0
2024-11-14,83500000,2566.19,78369365,5130635,25330,106.67,0.4703,68.44,1231.89,87250.43,5367812.0
2024-11-15,83500000,2561.24,78403474,5096526,25390,106.69,0.4703,66.89,1218.57,91066.01,5130635.0
2024-11-16,83500000,2561.24,78403474,5096526,25390,106.69,0.4703,66.89,1218.57,90558.48,5096526.0
2024-11-17,83500000,2561.24,78403474,5096526,25390,106.69,0.4703,66.73,1218.57,89845.85,5096526.0
2024-11-18,84000000,2612.2,79931943,4068057,25380,106.28,0.4703,68.93,1217.12,90542.64,5096526.0
2024-11-19,85000000,2631.68,80607344,4392656,25405,106.21,0.4703,69.3,1205.15,92343.79,4068057.0
2024-11-20,85700000,2650.05,81138059,4561941,25395,106.68,0.4703,69.0,1216.54,94339.49,4392656.0
2024-11-21,86200000,2669.69,81803762,4396238,25415,106.97,0.4703,70.05,1228.33,98504.73,4561941.0
2024-11-22,87000000,2712.55,83117064,3882936,25415,107.49,0.4703,71.06,1228.1,98997.66,4396238.0
2024-11-23,87000000,2712.55,83117064,3882936,25415,107.49,0.4703,71.06,1228.1,97777.28,3882936.0
2024-11-24,87000000,2712.55,83117064,3882936,25415,107.49,0.4703,71.14,1228.1,98013.82,3882936.0
2024-11-25,86600000,2625.26,80448683,6151317,25417,106.82,0.4703,68.52,1234.7,93102.3,3882936.0
2024-11-26,85200000,2631.89,80629641,4570359,25410,107.01,0.4703,68.73,1242.13,91985.32,6151317.0
2024-11-27,85300000,2635.51,80724655,4575345,25405,106.08,0.4703,68.64,1241.97,95962.53,4570359.0
2024-11-28,85400000,2640.96,80796064,4603936,25375,106.08,0.4703,68.7,1242.11,95652.47,4575345.0
2024-11-29,85800000,2653.55,81126848,4673152,25358,105.74,0.4703,68.5,1250.46,97461.52,4603936.0
2024-11-30,85800000,2653.55,81126848,4673152,25358,105.74,0.4703,68.5,1250.46,96449.05,4673152.0
2024-12-01,85800000,2653.55,81126848,4673152,25358,105.74,0.4703,68.16,1250.46,97279.79,4673152.0
2024-12-02,85300000,2638.93,80635329,4664671,25344,106.45,0.4703,68.0,1251.21,95865.3,4673152.0
2024-12-03,85500000,2643.44,80868749,4631251,25374,106.37,0.4703,69.8,1249.83,96002.16,4664671.0
2024-12-04,85500000,2649.79,81130099,4369901,25395,106.34,0.4703,68.54,1240.41,98768.53,4631251.0
2024-12-05,85500000,2632.05,80602810,4897190,25400,105.71,0.4703,68.19,1267.53,96593.57,4369901.0
2024-12-06,85200000,2632.91,80606925,4593075,25393,105.97,0.4703,67.0,1270.14,99920.71,4897190.0
2024-12-07,85200000,2632.91,80606925,4593075,25393,105.97,0.4703,67.0,1270.14,99923.34,4593075.0
2024-12-08,85200000,2632.91,80606925,4593075,25393,105.97,0.4703,67.16,1270.14,101236.02,4593075.0
2024-12-09,85200000,2658.78,81341239,3858761,25375,106.15,0.4703,67.93,1273.84,97432.72,4593075.0
2024-12-10,85200000,2693.64,82391489,2808511,25370,106.4,0.4703,68.23,1272.07,96675.43,3858761.0
2024-12-11,86900000,2717.93,83101688,3798312,25360,106.71,0.4703,69.95,1268.86,101173.03,2808511.0
2024-12-12,87300000,2681.33,82047285,5252715,25380,106.96,0.4703,69.6,1267.35,100043.0,3798312.0
2024-12-13,86300000,2648.39,81084041,5215959,25394,107.0,0.4703,70.67,1262.57,101459.26,5252715.0
2024-12-14,86300000,2648.39,81084041,5215959,25394,107.0,0.4703,70.67,1262.57,101372.97,5215959.0
2024-12-15,86300000,2648.39,81084041,5215959,25394,107.0,0.4703,70.69,1262.57,104298.7,5215959.0
2024-12-16,85100000,2652.5,81229062,3870938,25400,106.86,0.4703,70.19,1263.79,106029.72,5215959.0
2024-12-17,85100000,2645.54,80968078,4131922,25385,106.96,0.4703,69.72,1261.72,106140.6,3870938.0
2024-12-18,85100000,2587.63,79336104,5763896,25430,108.03,0.4703,69.38,1266.0,100041.54,4131922.0
2024-12-19,84100000,2593.85,79573717,4526283,25445,108.41,0.4703,69.13,1254.67,97490.95,5763896.0
2024-12-20,83800000,2620.77,80415363,3384637,25450,107.62,0.4703,69.48,1257.5,97755.93,4526283.0
2024-12-21,83800000,2620.77,80415363,3384637,25450,107.62,0.4703,69.48,1257.5,97224.73,3384637.0
2024-12-22,83800000,2620.77,80415363,3384637,25450,107.62,0.4703,69.49,1257.5,95104.94,3384637.0
2024-12-23,84500000,2612.93,80159050,4340950,25445,108.04,0.4703,69.34,1262.76,94686.24,3384637.0
2024-12-24,84300000,2613.2,80151580,4148420,25440,108.26,0.4703,69.92,1260.36,98676.09,4340950.0
2024-12-25,84300000,2613.2,80104321,4195679,25425,108.26,0.4703,70.06,1274.04,99299.2,4148420.0
2024-12-26,84500000,2634.43,80739218,3760782,25420,108.13,0.4703,69.53,1272.87,95795.52,4195679.0
2024-12-27,84700000,2620.0,80312766,4387234,25425,108.0,0.4703,70.08,1275.14,94164.86,3760782.0
2024-12-28,84700000,2620.0,80312766,4387234,25425,108.0,0.4703,70.08,1275.14,95163.93,4387234.0
2024-12-29,84700000,2620.0,80312766,4387234,25425,108.0,0.4703,70.28,1275.14,93530.23,4387234.0
2024-12-30,84500000,2605.39,79927739,4572261,25445,108.13,0.4703,70.99,1272.02,92643.21,4387234.0
2024-12-31,84200000,2623.81,80590890,3609110,25476,108.49,0.4703,71.56,1266.78,93429.2,4572261.0
2025-01-01,84200000,2623.81,80590890,3609110,25476,108.49,0.4703,71.8,1266.78,94419.76,3609110.0
2025-01-02,85000000,2657.16,81628057,3371943,25480,109.39,0.4703,72.75,1269.71,96886.88,3609110.0
2025-01-03,85500000,2639.12,80978412,4521588,25450,108.95,0.4703,73.61,1254.59,98107.43,3371943.0
2025-01-04,85500000,2639.12,80978412,4521588,25450,108.95,0.4703,73.61,1254.59,98236.23,4521588.0
2025-01-05,85500000,2639.12,80978412,4521588,25450,108.95,0.4703,73.67,1254.59,98314.96,4521588.0
2025-01-06,85000000,2635.33,80703255,4296745,25400,108.26,0.4703,72.89,1246.35,102078.09,4521588.0
2025-01-07,85300000,2649.49,81041054,4258946,25370,108.54,0.4703,74.13,1246.95,96922.7,4296745.0
2025-01-08,85500000,2662.06,81393443,4106557,25360,109.09,0.4703,72.73,1251.02,95043.52,4258946.0
2025-01-09,86000000,2670.19,81674214,4325786,25370,109.18,0.4703,73.65,1245.77,92484.04,4106557.0
2025-01-10,86200000,2689.63,82285047,3914953,25375,109.65,0.4703,75.85,1230.48,94701.45,4325786.0
2025-01-11,86800000,2689.63,82285047,4514953,25375,109.65,0.4703,75.85,1230.48,94566.59,3914953.0
2025-01-12,86800000,2689.63,82285047,4514953,25375,109.65,0.4703,75.85,1230.48,94488.44,4514953.0
2025-01-13,86800000,2662.12,81395277,5404723,25360,109.96,0.4703,77.38,1235.65,94516.52,4514953.0
2025-01-14,86400000,2677.16,81951963,4448037,25390,109.27,0.4703,76.8,1229.07,96534.05,5404723.0
2025-01-15,86600000,2695.82,82490671,4109329,25380,109.09,0.4703,79.0,1236.18,100504.49,4448037.0
2025-01-16,87000000,2713.77,83023573,3976427,25375,108.96,0.4703,77.85,1242.36,99756.91,4109329.0
2025-01-17,87300000,2701.55,82633435,4666565,25370,109.35,0.4703,77.26,1249.11,104462.04,3976427.0
2025-01-18,86900000,2701.55,82633435,4266565,25370,109.35,0.4703,77.26,1249.11,104408.07,4666565.0
2025-01-19,86900000,2701.55,82633435,4266565,25370,109.35,0.4703,77.55,1249.11,101089.61,4266565.0
2025-01-20,86900000,2708.06,82604011,4295989,25300,109.35,0.4703,76.26,1249.55,102016.66,4266565.0
2025-01-21,87500000,2744.39,83761817,3738183,25315,108.06,0.4703,75.6,1246.09,106146.27,4295989.0
2025-01-22,88200000,2755.02,83903568,4296432,25260,108.17,0.4703,75.05,1242.53,103653.07,3738183.0
2025-01-23,88100000,2753.69,83165865,4934135,25050,108.05,0.4703,74.09,1259.63,103960.17,4296432.0
2025-01-24,88900000,2771.3,83797952,5102048,25080,107.44,0.4703,74.39,1265.05,104819.48,4934135.0
2025-01-25,88800000,2771.3,83797952,5002048,25080,107.44,0.4703,74.39,1265.05,104714.65,5102048.0
2025-01-26,88800000,2771.3,83797952,5002048,25080,107.44,0.4703,73.92,1265.05,102682.5,5002048.0
2025-01-27,88800000,2741.1,82818675,5981325,25060,107.34,0.4703,72.86,1265.05,102087.69,5002048.0
2025-01-28,88800000,2763.11,83483677,5316323,25060,107.87,0.4703,73.48,1265.05,101332.48,5981325.0
2025-01-29,88800000,2757.71,83320524,5479476,25060,108.0,0.4703,72.59,1265.05,103703.21,5316323.0
2025-01-30,88800000,2793.88,84413352,4386648,25060,107.8,0.4703,72.85,1265.05,104735.3,5479476.0
2025-01-31,88800000,2801.0,84628473,4171527,25060,108.37,0.4703,73.43,1265.05,102405.02,4386648.0
2025-02-01,88800000,2801.0,84628473,4171527,25060,108.37,0.4703,73.43,1265.05,100655.91,4171527.0
2025-02-02,88800000,2801.0,84628473,4171527,25060,108.37,0.4703,73.49,1265.05,97688.98,4171527.0
2025-02-03,89800000,2813.49,85005842,4794158,25060,108.99,0.4703,72.1,1253.03,101405.42,4171527.0
2025-02-04,90100000,2841.94,86619227,3480773,25280,107.96,0.4703,72.33,1264.68,97871.82,4794158.0
2025-02-05,91000000,2865.09,87324814,3675186,25280,107.58,0.4703,71.01,1269.61,96615.45,3480773.0
2025-02-06,89600000,2856.5,86598067,3001933,25145,107.69,0.4703,70.36,1271.48,96593.3,3675186.0
2025-02-07,90300000,2860.39,87112590,3187410,25260,108.04,0.4703,70.86,1275.2,96529.09,3001933.0
2025-02-08,90300000,2860.39,87112590,3187410,25260,108.04,0.4703,70.86,1275.2,96482.45,3187410.0
2025-02-09,90300000,2860.39,87112590,3187410,25260,108.04,0.4703,70.95,1275.2,96500.09,3187410.0
2025-02-10,91300000,2907.34,88647600,2652400,25290,108.32,0.4703,72.17,1263.26,97437.55,3187410.0
2025-02-11,90500000,2898.34,88687677,1812323,25380,107.96,0.4703,72.96,1268.45,95747.43,2652400.0
2025-02-12,90200000,2903.66,89375587,824413,25530,107.94,0.4703,71.12,1266.91,97885.86,1812323.0
2025-02-13,90700000,2929.03,90227111,472889,25550,107.31,0.4703,71.3,1270.35,96623.87,824413.0
2025-02-14,91300000,2883.18,88432356,2867644,25440,106.57,0.4703,70.54,1276.08,97508.97,472889.0
2025-02-15,90300000,2883.18,88432356,1867644,25440,106.57,0.4703,70.54,1276.08,97580.35,2867644.0
2025-02-16,90300000,2883.18,88432356,1867644,25440,106.57,0.4703,70.31,1276.08,96175.03,1867644.0
2025-02-17,90600000,2897.66,88631933,1968067,25370,106.57,0.4703,71.22,1272.72,95773.38,1867644.0
2025-02-18,91100000,2935.58,90145737,954263,25470,107.05,0.4703,71.71,1278.14,95539.55,1968067.0
2025-02-19,91900000,2932.64,90161528,1738472,25500,107.17,0.4703,72.08,1288.56,96635.61,954263.0
2025-02-20,92300000,2938.7,90400984,1899016,25515,106.34,0.4703,72.65,1292.98,98333.94,1738472.0
2025-02-21,91700000,2936.03,90265751,1434249,25500,106.61,0.4703,70.21,1296.75,96125.55,1899016.0
2025-02-22,91700000,2936.03,90265751,1434249,25500,106.61,0.4703,70.21,1296.75,96577.76,1434249.0
2025-02-23,91700000,2936.03,90265751,1434249,25500,106.61,0.4703,70.34,1296.75,96273.92,1434249.0
2025-02-24,92000000,2951.19,90767413,1232587,25510,106.6,0.4703,70.76,1304.56,91418.17,1434249.0
2025-02-25,92000000,2915.12,89510423,2489577,25468,106.31,0.4703,69.02,1303.16,88736.17,1232587.0
2025-02-26,91300000,2916.19,89726105,1573895,25520,106.42,0.4703,68.7,1302.96,84347.02,2489577.0
2025-02-27,91200000,2876.19,88547390,2652610,25535,107.24,0.4703,70.0,1307.8,84704.23,1573895.0
2025-02-28,90500000,2858.6,87954161,2545839,25520,107.61,0.4703,69.8,1305.36,84373.01,2652610.0
2025-03-01,90500000,2858.6,87954161,2545839,25520,107.61,0.4703,69.8,1305.36,86031.91,2545839.0
2025-03-02,90500000,2858.6,87954161,2545839,25520,107.61,0.4703,69.99,1305.36,94248.35,2545839.0
2025-03-03,91000000,2893.71,89069323,1930677,25530,106.75,0.4703,68.09,1309.37,86065.67,2545839.0
2025-03-04,92700000,2917.49,89959565,2740435,25575,105.74,0.4703,67.67,1311.91,87222.2,1930677.0
2025-03-05,92700000,2918.84,89878023,2821977,25540,105.74,0.4703,66.19,1304.71,90623.56,2740435.0
2025-03-06,92700000,2909.99,89430089,3269911,25490,104.06,0.4703,66.11,1318.22,89961.73,2821977.0
2025-03-07,93100000,2910.79,89437127,3662873,25485,103.84,0.4703,66.86,1326.05,86742.67,3269911.0
2025-03-08,92900000,2910.79,89437127,3462873,25485,103.84,0.4703,66.86,1326.05,86154.59,3662873.0
2025-03-09,92900000,2910.79,89437127,3462873,25485,103.84,0.4703,66.35,1326.05,80601.04,3462873.0
2025-03-10,92900000,2889.4,88762479,4137521,25480,103.91,0.4703,65.5,1330.28,78532.0,3462873.0
2025-03-11,93000000,2916.04,89739069,3260931,25525,103.44,0.4703,66.38,1332.54,82862.21,4137521.0
2025-03-12,93500000,2932.06,89966944,3533056,25450,103.61,0.4703,67.42,1334.41,83722.36,3260931.0
2025-03-13,94400000,2987.75,91657718,2742282,25445,103.83,0.4703,66.55,1326.27,81066.7,3533056.0
2025-03-14,95800000,2984.42,91717479,4082521,25490,103.72,0.4703,66.9,1326.15,83969.1,2742282.0
2025-03-15,95800000,2984.42,91717479,4082521,25490,103.72,0.4703,66.9,1326.15,84343.11,4082521.0
2025-03-16,95800000,2984.42,91717479,4082521,25490,103.72,0.4703,67.41,1326.15,82579.69,4082521.0
2025-03-17,96100000,3001.47,92277648,3822352,25500,103.37,0.4703,67.19,1336.26,84075.69,4082521.0
2025-03-18,98200000,3033.95,93312797,4887203,25510,103.24,0.4703,66.66,1330.97,82718.5,3822352.0
2025-03-19,99500000,3047.18,93719702,5780298,25510,103.43,0.4703,67.06,1324.63,86854.23,4887203.0
2025-03-20,100400000,3044.41,93726270,6673730,25535,103.85,0.4703,68.49,1323.93,84167.2,5780298.0
2025-03-21,97700000,3023.63,93122984,4577016,25545,104.09,0.4703,68.24,1321.88,84043.24,6673730.0
2025-03-22,97400000,3023.63,93122984,4277016,25545,104.09,0.4703,68.24,1321.88,83832.48,4577016.0
2025-03-23,97400000,3023.63,93122984,4277016,25545,104.09,0.4703,68.34,1321.88,86054.38,4277016.0
2025-03-24,97600000,3012.27,92918384,4681616,25585,104.26,0.4703,69.05,1330.32,87498.91,4277016.0
2025-03-25,97900000,3019.85,93279633,4620367,25620,104.18,0.4703,69.16,1331.92,87471.7,4681616.0
2025-03-26,98400000,3019.29,93189531,5210469,25600,104.55,0.4703,69.58,1326.09,86900.88,4620367.0
2025-03-27,98900000,3056.1,94159854,4740146,25555,104.07,0.4703,69.72,1323.81,87177.1,5210469.0
2025-03-28,100200000,3084.03,95038981,5161019,25560,104.04,0.4703,69.72,1317.46,84353.15,4740146.0
2025-03-29,100700000,3084.03,95038981,5661019,25560,104.04,0.4703,69.72,1317.46,82597.59,5161019.0
2025-03-30,100700000,3084.03,95038981,5661019,25560,104.04,0.4703,69.27,1317.46,82334.52,5661019.0
2025-03-31,101800000,3123.05,96203788,5596212,25550,104.21,0.4703,71.13,1306.86,82548.91,5661019.0
2025-04-01,102100000,3110.55,95874986,6225014,25565,104.26,0.4703,71.01,1317.33,85169.17,5596212.0
2025-04-02,101800000,3133.57,96792310,5007690,25620,103.81,0.4703,69.1,1317.83,82485.71,6225014.0
2025-04-03,102200000,3112.83,96076616,6123384,25600,102.07,0.4703,66.44,1229.84,83102.83,5007690.0
2025-04-04,101300000,3037.36,93747256,7552744,25600,103.02,0.4703,62.13,1210.67,83843.8,6123384.0
2025-04-05,100100000,3037.36,93747256,6352744,25600,103.02,0.4703,62.13,1210.67,83504.8,7552744.0
2025-04-06,100100000,3037.36,93747256,6352744,25600,103.02,0.4703,59.62,1210.67,78214.48,6352744.0
2025-04-07,100100000,2982.54,92666557,7433443,25770,103.26,0.4703,61.04,1210.67,79235.34,6352744.0
2025-04-08,100200000,2983.78,92741057,7458943,25780,102.96,0.4703,57.26,1132.79,76271.95,7433443.0
2025-04-09,101900000,3082.18,96598448,5301552,25995,102.9,0.4703,62.47,1094.3,82573.95,7458943.0
2025-04-10,103600000,3173.92,99339734,4260266,25960,100.87,0.4703,59.43,1168.34,79626.14,5301552.0
2025-04-11,105200000,3236.21,100352914,4847086,25720,99.78,0.4703,61.0,1222.46,83404.84,4260266.0
2025-04-12,106500000,3236.21,100352914,6147086,25720,99.78,0.4703,61.0,1222.46,85287.11,4847086.0
2025-04-13,106500000,3236.21,100352914,6147086,25720,99.78,0.4703,60.81,1222.46,83684.98,6147086.0
2025-04-14,107500000,3209.28,99498485,8001515,25715,99.64,0.4703,61.15,1241.44,84542.39,6147086.0
2025-04-15,108000000,3227.6,100490626,7509374,25824,100.22,0.4703,60.9,1227.79,83668.99,8001515.0
2025-04-16,115500000,3343.22,103953383,11546617,25790,99.38,0.4703,62.26,1210.3,84033.87,7509374.0
2025-04-17,118000000,3327.54,103626307,14373693,25830,99.38,0.4703,63.7,1217.25,84895.75,11546617.0
2025-04-18,120000000,3327.54,103626307,16373693,25830,99.38,0.4703,63.7,1219.12,84450.8,14373693.0
2025-04-19,114000000,3327.54,103626307,10373693,25830,99.38,0.4703,63.7,1219.12,85063.41,16373693.0
2025-04-20,114000000,3327.54,103626307,10373693,25830,99.38,0.4703,63.07,1219.12,85174.3,10373693.0
2025-04-21,118000000,3424.3,106639608,11360392,25830,98.28,0.4703,62.89,1207.07,87518.91,10373693.0
2025-04-22,124000000,3382.54,105506323,18493677,25871,98.92,0.4703,64.1,1197.13,93441.89,11360392.0
2025-04-23,119500000,3288.26,102807428,16692572,25932,99.84,0.4703,62.13,1211.0,93699.11,18493677.0
2025-04-24,121000000,3349.1,104842839,16157161,25965,99.29,0.4703,62.64,1223.35,93943.8,16692572.0
2025-04-25,120500000,3319.45,104158781,16341219,26026,99.47,0.4703,62.98,1229.23,94720.5,16157161.0
2025-04-26,121000000,3319.45,104158781,16841219,26026,99.47,0.4703,62.98,1229.23,94646.93,16341219.0
2025-04-27,121000000,3319.45,104158781,16841219,26026,99.47,0.4703,62.87,1229.23,93754.84,16841219.0
2025-04-28,119500000,3341.67,104827805,14672195,26019,99.01,0.4703,61.75,1226.8,94978.75,16841219.0
2025-04-29,121300000,3317.18,103863587,17436413,25970,99.24,0.4703,60.02,1226.3,94284.79,14672195.0
2025-04-30,121300000,3288.59,103008060,18291940,25980,99.47,0.4703,58.08,1226.3,94207.31,17436413.0
2025-05-01,121300000,3241.0,101517405,19782595,25980,100.25,0.4703,58.64,1226.3,96492.34,18291940.0
2025-05-02,121300000,3240.88,101513646,19786354,25980,100.0,0.4703,58.17,1226.3,96910.07,19782595.0
2025-05-03,121300000,3240.88,101513646,19786354,25980,100.0,0.4703,58.17,1226.3,95891.8,19786354.0
2025-05-04,121300000,3240.88,101513646,19786354,25980,100.0,0.4703,55.69,1226.3,94315.98,19786354.0
2025-05-05,119800000,3334.5,104446093,15353907,25980,99.83,0.4703,56.92,1240.05,94748.05,19786354.0
2025-05-06,122200000,3430.21,107286850,14913150,25942,99.24,0.4703,59.26,1241.95,96802.48,15353907.0
2025-05-07,122200000,3365.21,105278185,16921815,25948,99.61,0.4703,57.8,1250.37,97032.32,14913150.0
2025-05-08,120500000,3305.52,103430753,17069247,25953,100.64,0.4703,59.81,1269.8,103241.46,16921815.0
2025-05-09,121500000,3324.63,104052761,17447239,25959,100.34,0.4703,60.68,1267.3,102970.85,17069247.0
2025-05-10,122000000,3324.63,104052761,17947239,25959,100.34,0.4703,60.68,1267.3,104696.33,17447239.0
2025-05-11,122000000,3324.63,104052761,17947239,25959,100.34,0.4703,60.97,1267.3,104106.36,17947239.0
2025-05-12,119200000,3234.7,101210873,17989127,25952,101.79,0.4703,61.58,1283.26,102812.95,17947239.0
2025-05-13,120500000,3248.47,101673056,18826944,25960,101.0,0.4703,63.25,1293.43,104169.81,17989127.0
2025-05-14,120000000,3178.75,99456415,20543585,25951,101.04,0.4703,61.75,1309.73,103539.41,18826944.0
2025-05-15,118200000,3240.87,101294521,16905479,25924,100.88,0.4703,61.32,1313.2,103744.64,20543585.0
2025-05-16,118700000,3202.77,100088246,18611754,25920,101.09,0.4703,61.93,1301.39,103489.29,16905479.0
2025-05-17,118500000,3202.77,100088246,18411754,25920,101.09,0.4703,61.93,1301.39,103191.09,18611754.0
2025-05-18,118500000,3202.77,100088246,18411754,25920,101.09,0.4703,62.03,1301.39,106446.01,18411754.0
2025-05-19,119300000,3229.85,100922828,18377172,25917,100.43,0.4703,62.13,1296.29,105606.18,18411754.0
2025-05-20,119300000,3290.12,102865580,16434420,25932,100.12,0.4703,62.89,1315.15,106791.09,18377172.0
2025-05-21,121000000,3314.99,103715082,17284918,25950,99.56,0.4703,61.22,1323.05,109678.08,16434420.0
2025-05-22,120500000,3295.0,103089661,17410339,25950,99.96,0.4703,60.63,1313.84,111673.28,17284918.0
2025-05-23,120500000,3357.42,105135678,15364322,25973,99.11,0.4703,61.59,1314.46,107287.8,17410339.0
2025-05-24,121000000,3357.42,105135678,15864322,25973,99.11,0.4703,61.59,1314.46,107791.16,15364322.0
2025-05-25,121000000,3357.42,105135678,15864322,25973,99.11,0.4703,61.76,1314.46,109035.39,15864322.0
2025-05-26,119000000,3342.94,104573423,14426577,25946,98.93,0.4703,61.28,1332.51,109440.37,15864322.0
2025-05-27,118000000,3300.68,103056457,14943543,25897,99.52,0.4703,61.02,1339.81,108994.64,14426577.0
2025-05-28,118700000,3289.76,102739302,15960698,25903,99.88,0.4703,61.97,1341.87,107802.33,14943543.0
2025-05-29,118000000,3317.02,103778594,14221406,25950,99.28,0.4703,60.49,1341.86,105641.76,15960698.0
2025-05-30,118500000,3289.4,103096886,15403114,25996,99.33,0.4703,60.26,1332.6,103998.57,14221406.0
2025-05-31,118200000,3289.4,103096886,15103114,25996,99.33,0.4703,60.26,1332.6,104638.09,15403114.0
2025-06-01,118200000,3289.4,103096886,15103114,25996,99.33,0.4703,61.46,1332.6,105652.1,15103114.0
2025-06-02,117800000,3380.21,106036800,11763200,26019,98.7,0.4703,62.51,1336.3,105881.53,15103114.0
2025-06-03,117200000,3352.25,105171823,12028177,26022,99.25,0.4703,62.68,1347.25,105432.47,11763200.0
2025-06-04,117200000,3376.54,105999020,11200980,26038,98.79,0.4703,62.03,1345.74,104731.98,12028177.0
2025-06-05,117700000,3354.16,105429900,12270100,26071,98.74,0.4703,62.58,1342.09,101575.95,11200980.0
2025-06-06,118000000,3310.17,103987317,14012683,26056,99.19,0.4703,64.11,1329.89,104390.34,12270100.0
2025-06-07,117200000,3310.17,103987317,13212683,26056,99.19,0.4703,64.11,1329.89,105615.62,14012683.0
2025-06-08,117200000,3310.17,103987317,13212683,26056,99.19,0.4703,63.91,1329.89,105793.65,13212683.0
2025-06-09,117700000,3328.33,104521689,13178311,26047,98.94,0.4703,64.5,1310.57,110294.1,13212683.0
2025-06-10,118500000,3323.02,104266795,14233205,26025,99.05,0.4703,64.47,1316.23,110257.23,13178311.0
2025-06-11,118800000,3353.84,105092313,13707687,25990,98.63,0.4703,67.41,1315.2,108686.62,14233205.0
2025-06-12,119000000,3385.29,106159426,12840574,26010,97.92,0.4703,68.04,1322.99,105929.05,13707687.0
2025-06-13,120000000,3432.64,107685662,12314338,26020,98.18,0.4703,71.61,1315.49,106090.97,12840574.0
2025-06-14,120300000,3432.64,107685662,12614338,26020,98.18,0.4703,71.61,1315.49,105472.41,12314338.0
2025-06-15,120300000,3432.64,107685662,12614338,26020,98.18,0.4703,71.61,1315.49,105552.02,12614338.0
2025-06-16,119600000,3383.2,106257044,13342956,26050,98.0,0.4703,71.69,1338.11,106796.76,12614338.0
2025-06-17,119600000,3388.74,106349327,13250673,26030,98.82,0.4703,73.45,1347.69,104601.12,13342956.0
2025-06-18,119600000,3369.09,105903250,13696750,26072,98.91,0.4703,73.2,1346.83,104883.33,13250673.0
2025-06-19,119400000,3370.75,106036710,13363290,26092,98.91,0.4703,73.57,1352.04,104684.29,13696750.0
2025-06-20,119400000,3368.23,106083324,13316676,26123,98.71,0.4703,73.76,1349.35,103309.6,13363290.0
2025-06-21,119700000,3368.23,106083324,13616676,26123,98.71,0.4703,73.76,1349.35,102257.41,13316676.0
2025-06-22,119700000,3368.23,106083324,13616676,26123,98.71,0.4703,75.39,1349.35,100987.14,13616676.0
2025-06-23,119700000,3368.88,106087549,13612451,26119,98.42,0.4703,65.59,1358.18,105577.77,13616676.0
2025-06-24,119500000,3324.2,104965112,14534888,26190,97.86,0.4703,64.79,1366.77,106045.63,13612451.0
2025-06-25,119500000,3332.46,105065219,14434781,26150,97.68,0.4703,64.57,1366.75,107361.26,14534888.0
2025-06-26,120000000,3328.06,104926496,15073504,26150,97.15,0.4703,64.85,1365.67,106960.0,14434781.0
2025-06-27,119700000,3274.25,103032603,16667397,26100,97.4,0.4703,64.56,1371.44,107088.43,15073504.0
2025-06-28,119200000,3274.25,103032603,16167397,26100,97.4,0.4703,64.56,1371.44,107327.7,16667397.0
2025-06-29,119200000,3274.25,103032603,16167397,26100,97.4,0.4703,64.22,1371.44,108385.57,16167397.0
2025-06-30,119500000,3303.69,103919177,15580823,26090,96.88,0.4703,64.32,1376.07,107135.34,16167397.0
2025-07-01,120700000,3339.21,105149202,15550798,26118,96.82,0.4703,64.74,1377.84,105698.28,15580823.0
2025-07-02,120700000,3357.36,105688349,15011651,26110,96.78,0.4703,66.4,1384.59,108859.32,15550798.0
2025-07-03,121300000,3326.57,104879520,16420480,26150,97.18,0.4703,66.33,1381.96,109647.98,15011651.0
2025-07-04,120900000,3336.64,105297576,15602424,26175,97.18,0.4703,65.67,1386.97,108034.34,16420480.0
2025-07-05,120900000,3336.64,105297576,15602424,26175,97.18,0.4703,65.67,1386.97,108231.18,15602424.0
2025-07-06,120900000,3336.64,105297576,15602424,26175,97.18,0.4703,65.09,1386.97,109232.07,15602424.0
2025-07-07,120500000,3335.61,105196704,15303296,26158,97.48,0.4703,66.83,1402.06,108299.85,15602424.0
2025-07-08,121000000,3300.7,103944510,17055490,26120,97.51,0.4703,67.12,1415.46,108950.27,15303296.0
2025-07-09,120600000,3313.72,104314579,16285421,26110,97.47,0.4703,67.15,1431.32,111326.55,17055490.0
2025-07-10,120800000,3323.07,104721095,16078905,26138,97.65,0.4703,65.8,1445.64,115987.2,16285421.0
2025-07-11,121000000,3355.91,105602243,15397757,26100,97.85,0.4703,67.59,1457.76,117516.99,16078905.0
2025-07-12,121500000,3355.91,105602243,15897757,26100,97.85,0.4703,67.59,1457.76,117435.23,15397757.0
2025-07-13,121500000,3355.91,105602243,15897757,26100,97.85,0.4703,67.38,1457.76,119116.12,15897757.0
2025-07-14,121500000,3343.8,105253423,16246577,26108,98.08,0.4703,65.9,1470.42,119849.7,15897757.0
2025-07-15,121100000,3322.63,104555003,16544997,26100,98.62,0.4703,65.73,1460.65,117777.19,16246577.0
2025-07-16,120600000,3346.58,105389347,15210653,26120,98.39,0.4703,65.44,1475.47,118738.51,16544997.0
2025-07-17,120600000,3338.95,105229578,15370422,26140,98.73,0.4703,66.19,1490.01,119289.84,15210653.0
2025-07-18,121000000,3350.4,105570236,15429764,26135,98.48,0.4703,66.0,1497.28,118003.23,15370422.0
2025-07-19,121200000,3350.4,105570236,15629764,26135,98.48,0.4703,66.0,1497.28,117939.98,15429764.0
2025-07-20,121200000,3350.4,105570236,15629764,26135,98.48,0.4703,66.08,1497.28,117300.79,15629764.0
2025-07-21,121500000,3395.8,107021249,14478751,26140,97.85,0.4703,65.71,1485.05,117439.54,15629764.0
2025-07-22,122000000,3431.5,108104990,13895010,26130,97.39,0.4703,65.47,1509.54,119995.41,14478751.0
2025-07-23,122700000,3387.78,106686803,16013197,26120,97.21,0.4703,65.27,1512.31,118754.96,13895010.0
2025-07-24,121700000,3368.15,106068622,15631378,26120,97.38,0.4703,65.97,1521.02,118368.0,16013197.0
2025-07-25,121700000,3337.18,105053091,16646909,26110,97.65,0.4703,64.85,1531.13,117635.88,15631378.0
2025-07-26,121100000,3337.18,105053091,16046909,26110,97.65,0.4703,64.85,1531.13,117947.37,16646909.0
2025-07-27,121100000,3337.18,105053091,16046909,26110,97.65,0.4703,65.02,1531.13,119448.49,16046909.0
2025-07-28,121100000,3314.64,104383504,16716496,26120,98.66,0.4703,66.68,1557.42,117924.48,16046909.0
2025-07-29,121200000,3326.84,104948197,16251803,26165,98.91,0.4703,68.8,1493.41,117922.15,16716496.0
2025-07-30,121500000,3275.25,103439208,18060792,26195,99.94,0.4703,69.85,1507.63,117831.19,16251803.0
2025-07-31,121400000,3290.32,103934985,17465015,26200,100.03,0.4703,68.82,1502.52,115758.2,18060792.0
2025-08-01,121400000,3362.88,106214855,15185145,26197,98.69,0.4703,66.65,1495.21,113320.09,17465015.0
2025-08-02,123500000,3362.88,106214855,17285145,26197,98.69,0.4703,66.65,1495.21,112526.91,15185145.0
2025-08-03,123500000,3362.88,106214855,17285145,26197,98.69,0.4703,66.32,1495.21,114217.67,17285145.0
2025-08-04,123300000,3373.37,106517706,16782294,26190,98.78,0.4703,65.69,1528.19,115071.88,17285145.0
2025-08-05,123800000,3381.27,106701931,17098069,26174,98.78,0.4703,64.64,1547.15,114141.45,16782294.0
2025-08-06,123800000,3369.04,106523148,17276852,26225,98.18,0.4703,63.68,1573.71,115028.0,17098069.0
2025-08-07,123800000,3397.31,107314597,16485403,26200,98.4,0.4703,63.19,1581.81,117496.9,17276852.0
2025-08-08,124400000,3398.78,107320054,17079946,26190,98.18,0.4703,62.72,1584.95,116688.73,16485403.0
2025-08-09,124400000,3398.78,107320054,17079946,26190,98.18,0.4703,62.72,1584.95,116500.36,17079946.0
2025-08-10,124400000,3398.78,107320054,17079946,26190,98.18,0.4703,62.76,1584.95,119306.76,17079946.0
2025-08-11,123900000,3344.83,105656853,18243147,26200,98.52,0.4703,63.38,1596.86,118731.45,17079946.0
2025-08-12,123900000,3346.2,105825194,18074806,26231,98.1,0.4703,62.53,1608.22,120172.91,18243147.0
2025-08-13,123900000,3354.73,106151584,17748416,26245,97.84,0.4703,62.12,1611.6,123344.06,18074806.0
2025-08-14,124700000,3336.5,105655197,19044803,26265,98.25,0.4703,63.05,1640.69,118359.58,17748416.0
2025-08-15,124500000,3335.39,105479301,19020699,26230,97.85,0.4703,62.31,1630.0,117398.35,19044803.0
2025-08-16,124500000,3335.39,105479301,19020699,26230,97.85,0.4703,62.31,1630.0,117491.35,19020699.0
2025-08-17,124500000,3335.39,105479301,19020699,26230,97.85,0.4703,61.74,1630.0,117453.06,19020699.0
2025-08-18,125000000,3330.55,105366394,19633606,26240,98.17,0.4703,62.59,1636.37,116252.31,19020699.0
2025-08-19,125000000,3315.46,105028907,19971093,26275,98.27,0.4703,62.06,1654.2,112831.18,19633606.0
2025-08-20,124800000,3347.11,106092065,18707935,26290,98.22,0.4703,62.81,1664.36,114274.74,19971093.0
2025-08-21,125400000,3338.81,106151018,19248982,26370,98.62,0.4703,63.4,1688.0,112419.03,18707935.0
2025-08-22,125400000,3372.11,107352023,18047977,26405,97.72,0.4703,63.65,1645.47,116874.09,19248982.0
2025-08-23,126600000,3372.11,107352023,19247977,26405,97.72,0.4703,63.65,1645.47,115374.33,18047977.0
2025-08-24,126600000,3372.11,107352023,19247977,26405,97.72,0.4703,63.64,1645.47,113458.43,19247977.0
2025-08-25,127100000,3366.79,106756446,20343554,26300,98.43,0.4703,64.57,1614.03,110124.35,19247977.0
2025-08-26,127700000,3392.88,107583725,20116275,26300,98.23,0.4703,63.27,1667.63,111802.66,20343554.0
2025-08-27,128000000,3397.42,107891527,20108473,26340,98.23,0.4703,63.6,1672.78,111222.06,20116275.0
2025-08-28,128500000,3417.2,108659757,19840243,26374,97.81,0.4703,63.96,1680.86,112544.8,20108473.0
2025-08-29,129300000,3448.0,109580933,19719067,26360,97.77,0.4703,63.79,1682.21,108410.84,19840243.0
2025-08-30,130600000,3448.0,109580933,21019067,26360,97.77,0.4703,63.79,1682.21,108808.07,19719067.0
2025-08-31,130600000,3448.0,109580933,21019067,26360,97.77,0.4703,63.72,1682.21,108236.71,21019067.0
2025-09-01,130600000,3476.47,110401910,20198090,26340,97.77,0.4703,64.36,1682.21,109250.59,21019067.0
2025-09-02,130600000,3533.73,112220310,18379690,26340,98.4,0.4703,65.29,1682.21,111200.59,20198090.0
2025-09-03,133400000,3559.43,113036462,20363538,26340,98.14,0.4703,63.55,1681.3,111723.21,18379690.0
2025-09-04,133900000,3546.17,112722252,21177748,26365,98.35,0.4703,63.02,1696.29,110723.6,20363538.0
2025-09-05,134400000,3586.81,113992455,20407545,26360,97.77,0.4703,61.67,1666.97,110650.98,21177748.0
2025-09-06,135400000,3586.81,113992455,21407545,26360,97.77,0.4703,61.67,1666.97,110224.7,20407545.0
2025-09-07,135400000,3586.81,113992455,21407545,26360,97.77,0.4703,61.96,1666.97,111167.62,21407545.0
2025-09-08,135100000,3635.84,115616432,19483568,26375,97.45,0.4703,62.17,1624.53,112071.43,21407545.0
2025-09-09,135800000,3626.48,115362515,20437485,26385,97.79,0.4703,62.79,1637.32,111530.55,19483568.0
2025-09-10,135300000,3640.74,115706405,19593595,26360,97.78,0.4703,63.51,1643.26,113955.36,20437485.0
2025-09-11,133300000,3634.09,115538876,17761124,26370,97.54,0.4703,61.94,1657.75,115507.54,19593595.0
2025-09-12,131400000,3643.13,115848247,15551753,26375,97.55,0.4703,62.37,1667.26,116101.58,17761124.0
2025-09-13,131100000,3643.13,115848247,15251753,26375,97.55,0.4703,62.37,1667.26,115950.51,15551753.0
2025-09-14,131100000,3643.13,115848247,15251753,26375,97.55,0.4703,62.44,1667.26,115407.66,15251753.0
2025-09-15,131100000,3679.13,116904300,14195700,26355,97.3,0.4703,63.07,1684.9,115444.88,15251753.0
2025-09-16,132300000,3689.8,117243339,15056661,26355,96.63,0.4703,64.28,1680.9,116843.19,14195700.0
2025-09-17,132300000,3660.04,116412446,15887554,26381,96.87,0.4703,63.75,1670.97,116468.51,15056661.0
2025-09-18,132000000,3644.36,115733576,16266424,26340,97.35,0.4703,63.19,1665.18,117137.2,15887554.0
2025-09-19,132000000,3684.98,117090183,14909817,26355,97.64,0.4703,62.39,1658.62,115688.86,16266424.0
2025-09-20,133000000,3684.98,117090183,15909817,26355,97.64,0.4703,62.39,1658.62,115721.96,14909817.0
2025-09-21,133000000,3684.98,117090183,15909817,26355,97.64,0.4703,62.48,1658.62,115306.09,15909817.0
2025-09-22,133600000,3746.47,119044027,14555973,26355,97.33,0.4703,62.28,1634.45,112748.51,15909817.0
2025-09-23,135000000,3764.19,119788612,15211388,26395,97.26,0.4703,63.62,1635.26,112014.5,14555973.0
2025-09-24,135100000,3736.29,118900744,16199256,26395,97.87,0.4703,64.57,1657.46,113328.63,15211388.0
2025-09-25,134500000,3749.37,119316992,15183008,26395,98.55,0.4703,65.07,1666.09,109049.29,16199256.0
2025-09-26,134500000,3760.24,119594907,14905093,26380,98.15,0.4703,65.0,1660.7,109712.83,15183008.0
2025-09-27,135000000,3760.24,119594907,15405093,26380,98.15,0.4703,65.0,1660.7,109681.95,14905093.0
2025-09-28,135000000,3760.24,119594907,15405093,26380,98.15,0.4703,64.94,1660.7,112122.64,15405093.0
2025-09-29,136500000,3833.93,121961739,14538261,26385,97.91,0.4703,62.92,1666.48,114400.38,15405093.0
2025-09-30,136800000,3858.51,122878566,13921434,26414,97.77,0.4703,62.31,1661.7,114056.09,14538261.0
2025-10-01,138400000,3865.8,123161993,15238007,26425,97.71,0.4703,61.65,1665.05,118648.93,13921434.0
2025-10-02,138000000,3856.53,122773664,15226336,26405,97.85,0.4703,60.54,1652.71,120681.26,15238007.0
2025-10-03,137800000,3886.83,123682038,14117962,26393,97.72,0.4703,60.5,1645.82,122266.53,15226336.0
2025-10-04,138600000,3886.83,123682038,14917962,26393,97.72,0.4703,60.5,1645.82,122425.43,14117962.0
2025-10-05,138600000,3886.83,123682038,14917962,26393,97.72,0.4703,61.38,1645.82,123513.48,14917962.0
2025-10-06,140100000,3961.09,125959088,14140912,26375,98.11,0.4703,61.47,1695.5,124752.53,14917962.0
2025-10-07,140600000,3983.82,126513773,14086227,26340,98.58,0.4703,61.82,1685.3,121451.38,14140912.0
2025-10-08,142500000,4038.9,128262943,14237057,26340,98.85,0.4703,61.67,1697.83,123354.87,14086227.0
2025-10-09,142500000,3976.29,126250673,16249327,26335,99.54,0.4703,61.2,1716.47,121705.59,14237057.0
2025-10-10,142200000,4018.3,127637819,14562181,26346,98.98,0.4703,57.98,1747.55,113214.37,16249327.0
2025-10-11,142800000,4018.3,127637819,15162181,26346,98.98,0.4703,57.98,1747.55,110807.88,14562181.0
2025-10-12,142800000,4018.3,127637819,15162181,26346,98.98,0.4703,59.21,1747.55,115169.77,15162181.0
2025-10-13,144100000,4110.7,130394406,13705594,26310,99.27,0.4703,59.27,1765.12,115271.08,15162181.0
2025-10-14,146100000,4142.31,131472011,14627989,26325,99.05,0.4703,58.27,1761.06,113118.66,13705594.0
2025-10-15,148000000,4208.58,133666676,14333324,26343,98.79,0.4703,58.23,1757.95,110783.16,14627989.0
2025-10-16,149100000,4326.18,137255669,11844331,26315,98.39,0.4703,56.93,1766.85,108186.04,14333324.0
2025-10-17,153000000,4249.98,134812470,18187530,26310,98.43,0.4703,57.24,1731.19,106467.79,11844331.0
2025-10-18,151000000,4249.98,134812470,16187530,26310,98.43,0.4703,57.24,1731.19,107198.27,18187530.0
2025-10-19,151000000,4249.98,134812470,16187530,26310,98.43,0.4703,56.96,1731.19,108666.71,16187530.0
2025-10-20,151500000,4356.5,138333177,13166823,26337,98.59,0.4703,56.97,1636.43,110588.93,16187530.0
2025-10-21,152500000,4125.1,130950653,21549347,26330,98.93,0.4703,57.53,1663.43,108476.89,13166823.0
2025-10-22,148600000,4094.07,129980419,18619581,26333,98.9,0.4703,60.02,1678.5,107688.59,21549347.0
2025-10-23,149500000,4126.17,131059241,18440759,26345,98.94,0.4703,61.26,1687.06,110069.73,18619581.0
2025-10-24,148500000,4112.1,130448731,18051269,26312,98.95,0.4703,61.26,1683.18,111033.92,18440759.0
2025-10-25,149200000,4112.1,130448731,18751269,26312,98.95,0.4703,61.26,1683.18,111641.73,18051269.0
2025-10-26,149200000,4112.1,130448731,18751269,26312,98.95,0.4703,61.26,1683.18,114472.45,18751269.0
2025-10-27,148400000,3981.59,126154930,22245070,26280,98.78,0.4703,61.1,1652.54,114119.33,18751269.0
2025-10-28,145100000,3952.58,125235761,19864239,26280,98.69,0.4703,60.09,1680.5,112956.16,22245070.0
2025-10-29,148100000,3930.38,124665047,23434953,26308,99.22,0.4703,60.09,1685.83,110055.3,19864239.0
2025-10-30,147800000,4024.47,127780430,20019570,26335,99.53,0.4703,60.12,1669.57,108305.55,23434953.0
2025-10-31,147800000,4002.28,126979371,20820629,26315,99.8,0.4703,60.71,1639.65,109556.16,20019570.0
2025-11-01,147800000,4002.28,126979371,20820629,26315,99.8,0.4703,60.71,1639.65,110064.02,20820629.0
2025-11-02,147800000,4002.28,126979371,20820629,26315,99.8,0.4703,61.2,1639.65,110639.62,20820629.0
2025-11-03,147800000,4001.67,126935895,20864105,26310,99.87,0.4703,60.85,1617.0,106547.52,20820629.0
2025-11-04,148200000,3932.05,124722757,23477243,26309,100.22,0.4703,60.14,1651.98,101590.52,20864105.0
2025-11-05,147500000,3982.62,126259590,21240410,26295,100.2,0.4703,59.47,1654.89,103891.84,23477243.0
2025-11-06,148400000,3977.87,126132982,22267018,26300,99.73,0.4703,59.56,1642.64,101301.29,21240410.0
2025-11-07,148400000,3999.72,126753483,21646517,26285,99.6,0.4703,59.77,1599.1,103372.41,22267018.0
2025-11-08,148400000,3999.72,126753483,21646517,26285,99.6,0.4703,59.77,1599.1,102282.12,21646517.0
2025-11-09,148400000,3999.72,126753483,21646517,26285,99.6,0.4703,59.78,1599.1,104719.64,21646517.0
2025-11-10,150200000,4115.9,130410484,19789516,26280,99.62,0.4703,59.91,1580.54,105996.59,21646517.0
2025-11-11,152000000,4126.68,130702290,21297710,26270,99.46,0.4703,60.98,1593.61,102997.47,19789516.0
2025-11-12,151500000,4198.73,133034916,18465084,26280,99.48,0.4703,58.22,1631.86,101663.19,21297710.0
2025-11-13,154500000,4171.46,132170878,22329122,26280,99.18,0.4703,58.93,1631.44,99697.49,18465084.0
2025-11-14,153200000,4079.58,129456443,23743557,26320,99.27,0.4703,59.82,1635.46,94397.79,22329122.0
2025-11-15,151000000,4079.58,129456443,21543557,26320,99.27,0.4703,59.82,1635.46,95549.15,23743557.0
2025-11-16,151000000,4079.58,129456443,21543557,26320,99.27,0.4703,59.44,1635.46,94177.08,21543557.0
2025-11-17,151000000,4044.61,128371129,22628871,26325,99.59,0.4703,59.72,1654.42,92093.88,21543557.0
2025-11-18,149300000,4067.88,129158736,20141264,26335,99.55,0.4703,60.62,1659.92,92948.88,22628871.0
2025-11-19,151000000,4081.66,129807869,21192131,26378,100.23,0.4703,59.47,1649.0,91465.99,20141264.0
2025-11-20,150300000,4077.5,129665737,20634263,26376,100.16,0.4703,58.43,1655.99,86631.9,21192131.0
2025-11-21,149800000,4065.9,129247833,20552167,26366,100.18,0.4703,57.92,1654.93,85090.69,20634263.0
2025-11-22,150400000,4065.9,129247833,21152167,26366,100.18,0.4703,57.92,1654.93,84648.36,20552167.0
2025-11-23,150400000,4065.9,129247833,21152167,26366,100.18,0.4703,57.7,1654.93,86805.01,21152167.0
2025-11-24,150400000,4139.7,131508958,18891042,26349,100.14,0.4703,58.8,1667.98,88270.56,21152167.0
2025-11-25,152900000,4131.15,131242324,21657676,26350,99.66,0.4703,58.0,1660.36,87341.89,18891042.0
2025-11-26,153400000,4164.59,132269531,21130469,26343,99.6,0.4703,58.4,1680.36,90518.37,21657676.0
2025-11-27,153400000,4157.57,132081660,21318340,26350,99.6,0.4703,58.9,1684.32,91285.38,21130469.0
2025-11-28,154200000,4230.63,134514915,19685085,26372,99.46,0.4703,59.45,1690.99,90919.27,21318340.0
2025-11-29,154900000,4230.63,134514915,20385085,26372,99.46,0.4703,59.45,1690.99,90851.76,19685085.0
2025-11-30,154900000,4230.63,134514915,20385085,26372,99.46,0.4703,59.28,1690.99,90394.31,20385085.0
2025-12-01,155200000,4232.73,134367351,20832649,26330,99.41,0.4703,59.46,1701.67,86321.57,20385085.0
2025-12-02,154500000,4208.14,133637481,20862519,26340,99.36,0.4703,58.51,1717.06,91350.2,20832649.0
2025-12-03,154500000,4206.22,133576508,20923492,26340,98.85,0.4703,58.84,1731.77,93527.8,20862519.0
2025-12-04,153800000,4208.69,133680318,20119682,26345,98.99,0.4703,59.49,1737.24,92141.62,20923492.0
2025-12-05,154200000,4197.13,133287837,20912163,26340,98.99,0.4703,59.94,1741.32,89387.76,20119682.0
2025-12-06,154200000,4197.13,133287837,20912163,26340,98.99,0.4703,59.94,1741.32,89272.38,20912163.0
2025-12-07,154200000,4197.13,133287837,20912163,26340,98.99,0.4703,60.03,1741.32,90405.64,20912163.0
2025-12-08,154500000,4189.05,132930231,21569769,26320,99.09,0.4703,58.69,1753.74,90640.2,20912163.0
2025-12-09,153700000,4209.54,133580436,20119564,26320,99.22,0.4703,58.22,1747.17,92691.71,21569769.0
2025-12-10,154700000,4228.55,134285639,20414361,26340,98.79,0.4703,58.58,1718.98,92020.95,20119564.0
2025-12-11,154500000,4283.28,136101157,18398843,26355,98.35,0.4703,57.75,1698.9,92511.34,20414361.0
2025-12-12,155600000,4302.43,136424349,19175651,26300,98.4,0.4703,57.34,1646.89,90270.41,18398843.0
2025-12-13,156300000,4302.43,136424349,19875651,26300,98.4,0.4703,57.34,1646.89,90298.71,19175651.0
2025-12-14,156300000,4302.43,136424349,19875651,26300,98.4,0.4703,57.43,1646.89,88175.18,19875651.0
2025-12-15,157200000,4302.7,136448473,20751527,26303,98.15,0.4703,56.5,1646.01,86419.78,19875651.0
2025-12-16,155600000,4303.8,136415901,19184099,26290,98.15,0.4703,55.43,1679.18,87843.98,20751527.0
2025-12-17,156200000,4341.08,137702228,18497772,26310,98.37,0.4703,56.72,1673.66,86143.76,19184099.0
2025-12-18,156400000,4332.4,137374658,19025342,26300,98.43,0.4703,55.86,1676.98,85462.51,18497772.0
2025-12-19,156400000,4338.55,137491205,18908795,26285,98.6,0.4703,56.52,1704.31,88103.38,19025342.0
2025-12-20,156600000,4338.55,137491205,19108795,26285,98.6,0.4703,56.52,1704.31,88344.0,18908795.0
2025-12-21,156600000,4338.55,137491205,19108795,26285,98.6,0.4703,56.84,1704.31,88621.75,19108795.0
2025-12-22,157500000,4445.95,140787569,16712431,26265,98.29,0.4703,57.83,1751.03,88490.02,19108795.0
2025-12-23,159000000,4488.82,142334529,16665471,26300,97.94,0.4703,58.48,1772.15,87414.0,16712431.0
2025-12-24,159200000,4479.64,142183867,17016133,26326,97.98,0.4703,58.31,1782.82,87611.96,16665471.0
2025-12-25,158800000,4495.35,142682502,16117498,26326,97.98,0.4703,58.44,1742.85,87234.74,17016133.0
2025-12-26,159400000,4532.63,143597996,15802004,26277,98.02,0.4703,56.87,1729.8,87301.43,16117498.0
2025-12-27,159700000,4532.63,143597996,16102004,26277,98.02,0.4703,56.87,1729.8,87802.16,15802004.0
2025-12-28,159700000,4532.63,143597996,16102004,26277,98.02,0.4703,57.14,1729.8,87835.84,16102004.0
2025-12-29,158000000,4332.08,137129477,20870523,26255,98.04,0.4703,57.68,1754.84,87138.14,16102004.0
2025-12-30,154700000,4346.51,137533847,17166153,26245,98.24,0.4703,57.82,1766.9,88430.13,20870523.0
2025-12-31,152800000,4315.09,136435594,16364406,26225,98.28,0.4703,57.33,1784.49,87508.83,17166153.0
2026-01-01,152800000,4348.35,137487217,15312783,26225,98.28,0.4703,57.38,1784.49,88731.98,16364406.0
2026-01-02,152800000,4330.5,137288307,15511693,26295,98.42,0.4703,57.21,1784.49,89944.7,15312783.0
2026-01-03,152800000,4330.5,137288307,15511693,26295,98.42,0.4703,57.21,1784.49,90603.19,15511693.0
2026-01-04,152800000,4330.5,137288307,15511693,26295,98.42,0.4703,57.2,1784.49,91413.49,15511693.0
2026-01-05,157100000,4448.47,141028268,16071732,26295,98.27,0.4703,58.07,1788.4,93882.55,15511693.0
2026-01-06,158000000,4497.34,142436598,15563402,26269,98.58,0.4703,56.34,1816.27,93729.03,16071732.0
2026-01-07,158100000,4453.04,141060403,17039597,26274,98.68,0.4703,56.22,1861.58,91308.05,15563402.0
2026-01-08,157200000,4476.73,141794647,15405353,26271,98.93,0.4703,58.18,1855.56,91027.12,17039597.0
2026-01-09,158300000,4510.45,142639725,15660275,26230,99.13,0.4703,58.65,1867.9,90513.1,15405353.0
2026-01-10,159800000,4510.45,142639725,17160275,26230,99.13,0.4703,58.65,1867.9,90386.65,15660275.0
2026-01-11,159800000,4510.45,142639725,17160275,26230,99.13,0.4703,59.44,1867.9,90827.46,17160275.0
2026-01-12,162000000,4594.0,145254240,16745760,26225,98.86,0.4703,59.61,1877.33,91192.99,17160275.0
2026-01-13,162000000,4588.0,145313449,16686551,26270,99.13,0.4703,60.92,1902.93,95321.78,16745760.0
2026-01-14,163500000,4620.83,146241835,17258165,26250,99.13,0.4703,60.6,1894.44,96929.33,16686551.0
2026-01-15,162800000,4614.91,145943197,16856803,26230,99.32,0.4703,59.07,1864.8,95551.19,17258165.0
2026-01-16,162800000,4595.1,145316720,17483280,26230,99.39,0.4703,59.2,1879.13,95525.12,16856803.0
2026-01-17,162800000,4595.1,145316720,17483280,26230,99.39,0.4703,59.2,1879.13,95099.92,17483280.0
2026-01-18,162800000,4595.1,145316720,17483280,26230,99.39,0.4703,58.96,1879.13,93634.43,17483280.0
2026-01-19,165000000,4671.02,147745794,17254206,26235,99.39,0.4703,59.36,1896.59,92553.59,17483280.0
2026-01-20,166100000,4763.49,150613217,15486783,26225,98.64,0.4703,59.6,1893.78,88310.91,17254206.0
2026-01-21,170500000,4836.67,153154463,17345537,26264,98.76,0.4703,60.45,1885.44,89376.96,15486783.0
2026-01-22,169300000,4936.75,156091395,13208605,26225,98.36,0.4703,59.56,1882.73,89462.45,17345537.0
2026-01-23,172200000,4982.91,157803215,14396785,26267,97.6,0.4703,61.26,1870.79,89503.88,13208605.0
2026-01-24,174300000,4982.91,157803215,16496785,26267,97.6,0.4703,61.26,1870.79,89110.73,14396785.0
2026-01-25,174300000,4982.91,157803215,16496785,26267,97.6,0.4703,60.96,1870.79,86572.22,16496785.0
2026-01-26,177000000,5015.34,158455338,18544662,26205,97.04,0.4703,60.75,1843.72,88267.14,16496785.0
2026-01-27,177300000,5189.62,163811399,13488601,26181,96.22,0.4703,62.41,1830.5,89102.57,18544662.0
2026-01-28,184200000,5400.25,170127925,14072075,26130,96.45,0.4703,63.23,1802.91,89184.57,13488601.0
2026-01-29,189600000,5395.88,169274642,20325358,26020,96.28,0.4703,65.35,1814.98,84561.59,14072075.0
2026-01-30,181000000,4865.35,152220723,28779277,25950,96.99,0.4703,65.45,1829.04,84128.66,20325358.0
2026-01-31,172000000,4865.35,152220723,19779277,25950,96.99,0.4703,65.45,1829.04,78621.12,28779277.0
2026-02-01,172000000,4865.35,152220723,19779277,25950,96.99,0.4703,63.05,1829.04,76974.45,19779277.0
2026-02-02,166000000,4666.27,145598354,20401646,25880,97.61,0.4703,61.67,1806.5,78688.77,19779277.0
2026-02-03,176500000,4939.33,154654415,21845585,25970,97.44,0.4703,63.49,1813.4,75633.55,20401646.0
2026-02-04,180200000,4963.6,155593860,24606140,26000,97.62,0.4703,64.17,1791.43,73019.7,21845585.0
2026-02-05,177200000,4770.95,149428318,27771682,25978,97.82,0.4703,62.65,1782.56,62702.1,24606140.0
2026-02-06,176500000,4961.15,155158174,21341826,25940,97.63,0.4703,63.31,1755.49,70555.39,27771682.0
2026-02-07,179300000,4961.15,155158174,24141826,25940,97.63,0.4703,63.31,1755.49,69281.97,21341826.0
2026-02-08,179300000,4961.15,155158174,24141826,25940,97.63,0.4703,62.82,1755.49,70264.73,24141826.0
2026-02-09,180400000,5065.55,158178954,22221046,25900,96.82,0.4703,64.27,1754.82,70120.78,24141826.0
2026-02-10,181000000,5023.47,156622684,24377316,25860,96.8,0.4703,64.17,1754.03,68793.96,22221046.0
2026-02-11,181000000,5078.96,158230293,22769707,25840,96.83,0.4703,64.77,1796.85,66991.97,24377316.0
2026-02-12,181000000,4920.32,153940552,27059448,25950,96.93,0.4703,62.69,1814.09,66221.84,22769707.0
2026-02-13,179000000,5043.11,157539036,21460964,25910,96.88,0.4703,62.67,1824.09,68857.84,27059448.0
2026-02-14,181000000,5043.11,157539036,23460964,25910,96.88,0.4703,62.67,1824.09,69767.62,21460964.0
2026-02-15,181000000,5043.11,157539036,23460964,25910,96.88,0.4703,62.77,1824.09,68788.19,23460964.0
2026-02-16,181000000,4992.37,156014187,24985813,25920,96.88,0.4703,63.58,1824.09,68843.16,23460964.0
2026-02-17,181000000,4877.7,152430689,28569311,25920,97.16,0.4703,62.17,1824.09,67494.22,24985813.0
2026-02-18,181000000,4979.45,155610430,25389570,25920,97.7,0.4703,65.0,1824.09,66425.32,28569311.0
2026-02-19,181000000,4999.35,156232315,24767685,25920,97.93,0.4703,66.42,1824.09,66957.52,25389570.0
2026-02-20,181000000,5104.34,159513308,21486692,25920,97.8,0.4703,66.33,1824.09,68005.42,24767685.0
2026-02-21,181000000,5104.34,159513308,21486692,25920,97.8,0.4703,66.33,1824.09,68003.77,21486692.0
2026-02-22,181000000,5104.34,159513308,21486692,25920,97.8,0.4703,65.96,1824.09,67659.39,21486692.0
2026-02-23,184600000,5231.55,163488688,21111312,25920,97.7,0.4703,66.23,1860.14,64616.74,21486692.0
2026-02-24,184600000,5148.18,161876438,22723562,26080,97.88,0.4703,66.0,1867.62,64080.04,21111312.0
2026-02-25,185300000,5171.16,163222471,22077529,26180,97.7,0.4703,65.59,1860.91,67960.12,22723562.0
2026-02-26,184000000,5187.26,163224074,20775926,26099,97.79,0.4703,65.18,1879.64,67453.77,22077529.0
2026-02-27,184000000,5277.9,165637114,18362886,26030,97.61,0.4703,67.25,1880.33,65881.8,20775926.0
2026-02-28,187000000,5277.9,165637114,21362886,26030,97.61,0.4703,67.25,1880.33,66995.86,18362886.0
2026-03-01,187000000,5277.9,165637114,21362886,26030,97.61,0.4703,71.84,1880.33,65738.1,21362886.0
2026-03-02,190900000,5327.42,167255438,23644562,26040,98.38,0.4703,70.66,1846.1,68775.85,21362886.0
2026-03-03,188200000,5087.47,160458205,27741795,26160,99.05,0.4703,74.94,1813.14,68293.65,23644562.0
2026-03-04,184200000,5135.92,161924391,22275609,26150,98.77,0.4703,75.07,1818.27,72710.58,27741795.0
2026-03-05,184700000,5077.39,160170891,24529109,26165,99.32,0.4703,78.15,1808.51,70841.12,22275609.0
2026-03-06,183800000,5171.12,163408245,20391755,26210,98.99,0.4703,89.21,1767.84,68136.49,24529109.0
2026-03-07,185000000,5171.12,163408245,21591755,26210,98.99,0.4703,89.21,1767.84,67272.59,20391755.0
2026-03-08,185000000,5171.12,163408245,21591755,26210,98.99,0.4703,103.06,1767.84,65969.78,21591755.0
2026-03-09,184100000,5139.56,162225048,21874952,26180,99.18,0.4703,86.43,1652.79,68402.38,21591755.0
2026-03-10,186100000,5192.94,164316892,21783108,26245,98.83,0.4703,84.57,1676.73,69926.92,21874952.0
2026-03-11,187200000,5177.07,163377805,23822195,26175,99.23,0.4703,92.11,1728.34,70204.88,21783108.0
2026-03-12,186300000,5080.07,160408554,25891446,26190,99.74,0.4703,95.53,1709.61,70493.46,23822195.0
2026-03-13,184800000,5019.25,158790673,26009327,26240,100.36,0.4703,97.42,1696.24,70968.27,25891446.0
2026-03-14,182600000,5019.25,158790673,23809327,26240,100.36,0.4703,97.42,1696.24,71214.62,26009327.0
2026-03-15,182600000,5019.25,158790673,23809327,26240,100.36,0.4703,96.99,1696.24,72789.91,23809327.0
2026-03-16,183100000,5006.43,158572211,24527789,26271,99.71,0.4703,93.92,1693.21,74861.09,23809327.0
2026-03-17,183000000,5006.0,158492201,24507799,26260,99.58,0.4703,95.13,1710.29,73922.48,24527789.0
2026-03-18,183000000,4818.81,152681878,30318122,26280,100.09,0.4703,97.98,1713.83,71245.58,24507799.0
2026-03-19,175500000,4651.73,147500189,27999811,26300,99.23,0.4703,93.59,1699.13,69912.79,30318122.0
2026-03-20,176100000,4491.15,142164746,33935254,26255,99.65,0.4703,97.53,1647.81,70522.59,27999811.0
2026-03-21,171000000,4491.15,142164746,28835254,26255,99.65,0.4703,97.53,1647.81,68711.52,33935254.0
2026-03-22,171000000,4491.15,142164746,28835254,26255,99.65,0.4703,97.89,1647.81,67845.21,28835254.0
2026-03-23,166000000,4407.62,139680074,26319926,26285,98.95,0.4703,88.79,1591.17,70914.86,28835254.0
2026-03-24,170200000,4474.44,142088949,28111051,26339,99.43,0.4703,88.13,1614.77,70517.86,26319926.0
2026-03-25,173500000,4506.55,143168391,30331609,26350,99.6,0.4703,90.12,1658.19,71309.88,28111051.0
2026-03-26,171500000,4380.03,139101455,32398545,26341,99.9,0.4703,92.07,1644.63,68791.62,30331609.0
2026-03-27,171600000,4492.99,142726770,28873230,26348,100.15,0.4703,92.65,1672.8,66338.38,32398545.0
2026-03-28,172800000,4492.99,142726770,30073230,26348,100.15,0.4703,92.65,1672.8,66319.7,28873230.0
2026-03-29,172800000,4492.99,142726770,30073230,26348,100.15,0.4703,103.29,1672.8,65954.92,30073230.0
2026-03-30,173800000,4511.25,143154535,30645465,26320,100.51,0.4703,106.7,1662.54,66691.45,30073230.0
2026-03-31,174900000,4672.01,148340390,26559610,26335,99.96,0.4703,102.09,1674.49,68233.31,30645465.0
2026-04-01,176700000,4758.76,151025929,25674071,26323,99.65,0.4703,99.31,1702.93,68078.55,26559610.0
2026-04-02,173500000,4676.42,148339458,25160542,26310,100.03,0.4703,112.42,1694.82,66888.57,25674071.0
2026-04-03,174500000,4676.42,148339458,26160542,26310,100.03,0.4703,112.42,1684.04,66931.1,25160542.0
2026-04-04,174500000,4676.42,148339458,26160542,26310,100.03,0.4703,112.42,1684.04,67290.52,26160542.0
2026-04-05,174500000,4676.42,148339458,26160542,26310,100.03,0.4703,114.63,1684.04,68981.9,26160542.0
2026-04-06,173100000,4650.89,147574486,25525514,26318,99.98,0.4703,114.16,1674.99,68859.83,26160542.0
2026-04-07,172500000,4706.0,149289105,23210895,26312,99.64,0.4703,96.58,1677.54,71940.7,25525514.0
2026-04-08,175000000,4719.37,149673414,25326586,26305,99.13,0.4703,97.38,1756.55,71123.36,23210895.0
2026-04-09,171500000,4766.0,151146524,20353476,26304,98.82,0.4703,98.88,1736.68,71767.83,25326586.0
2026-04-10,172700000,4748.18,150672984,22027016,26320,98.65,0.4703,95.81,1750.0,72979.05,20353476.0
2026-04-11,172400000,4748.18,150672984,21727016,26320,98.65,0.4703,95.81,1750.0,73054.27,22027016.0
2026-04-12,172400000,4748.18,150672984,21727016,26320,98.65,0.4703,104.92,1750.0,70753.41,21727016.0
2026-04-13,171500000,4741.69,150552791,20947209,26335,98.37,0.4703,96.74,1758.96,74484.64,21727016.0
2026-04-14,173000000,4841.14,153652047,19347953,26325,98.12,0.4703,90.45,1775.65,74181.61,20947209.0
2026-04-15,173500000,4791.14,152151753,21348247,26340,98.06,0.4703,91.05,1800.65,74805.08,19347953.0
2026-04-16,171200000,4788.58,151851068,19348932,26302,98.22,0.4703,93.67,1819.83,75152.13,21348247.0
2026-04-17,171000000,4830.43,153166529,17833471,26300,98.1,0.4703,87.25,1817.17,77126.88,19348932.0
2026-04-18,172000000,4830.43,153166529,18833471,26300,98.1,0.4703,87.25,1817.17,75726.21,17833471.0
2026-04-19,172000000,4830.43,153166529,18833471,26300,98.1,0.4703,92.2,1817.17,73856.35,18833471.0
2026-04-20,171300000,4820.83,152937685,18362315,26313,98.05,0.4703,89.74,1837.11,75872.52,18833471.0
2026-04-21,170600000,4712.85,149483680,21116320,26308,98.41,0.4703,93.93,1833.48,76352.77,18362315.0
2026-04-22,170000000,4738.78,150403262,19596738,26325,98.59,0.4703,96.02,1857.3,78203.1,21116320.0
2026-04-23,169200000,4693.88,148949894,20250106,26320,98.8,0.4703,99.97,1870.36,78268.95,19596738.0
2026-04-24,168000000,4709.25,149290006,18709994,26294,98.51,0.4703,97.96,1853.29,77455.31,20250106.0
2026-04-25,168800000,4709.25,149290006,19509994,26294,98.51,0.4703,97.96,1853.29,77612.02,18709994.0
2026-04-26,168800000,4709.25,149290006,19509994,26294,98.51,0.4703,98.91,1853.29,78657.54,19509994.0
2026-04-27,168800000,4682.1,148745431,20054569,26350,98.48,0.4703,99.31,1853.29,77366.62,19509994.0
2026-04-28,167500000,4595.51,145994557,21505443,26350,98.62,0.4703,101.96,1875.84,76350.67,20054569.0
2026-04-29,166000000,4544.12,144252378,21747622,26330,98.92,0.4703,110.38,1854.1,75776.13,21505443.0
2026-04-30,166000000,4622.59,146882727,19117273,26355,98.08,0.4703,107.91,1854.1,76304.32,21747622.0
2026-05-01,166000000,4614.95,146639966,19360034,26355,98.21,0.4703,104.73,1854.1,78179.0,19117273.0
2026-05-02,166000000,4614.95,146639966,19360034,26355,98.21,0.4703,104.73,1854.1,78657.25,19360034.0
2026-05-03,166000000,4614.95,146639966,19360034,26355,98.21,0.4703,103.61,1854.1,78538.23,19360034.0
2026-05-04,166300000,4523.9,143746853,22553147,26355,98.47,0.4703,106.76,1854.06,79827.91,19360034.0
2026-05-05,165000000,4557.23,144569653,20430347,26312,98.48,0.4703,101.43,1874.85,80927.05,22553147.0
2026-05-06,166000000,4690.25,148608511,17391489,26280,98.02,0.4703,97.4,1891.2,81427.53,20430347.0
2026-05-07,167500000,4686.81,148725543,18774457,26320,98.25,0.4703,98.37,1909.01,80009.99,17391489.0
2026-05-08,167500000,4714.89,149275528,18224472,26260,97.84,0.4703,96.14,1915.37,80186.77,18774457.0
2026-05-09,167500000,4714.89,149275528,18224472,26260,97.84,0.4703,96.14,1915.37,80664.37,18224472.0
2026-05-10,167500000,4714.89,149275528,18224472,26260,97.84,0.4703,99.88,1915.37,82138.93,18224472.0
2026-05-11,165200000,4735.27,150183386,15016614,26306,97.94,0.4703,98.99,1895.5,81728.3,18224472.0
2026-05-12,165500000,4715.27,149628658,15871342,26320,98.29,0.4703,102.82,1901.1,80477.49,15016614.0
2026-05-13,165000000,4688.63,148664586,16335414,26299,98.48,0.4703,101.67,1898.37,79277.12,15871342.0
2026-05-14,165000000,4651.97,147603147,17396853,26317,98.88,0.4703,102.48,1925.46,81051.25,16335414.0
2026-05-15,164000000,4540.07,144178549,19821451,26340,99.27,0.4703,105.9,1921.6,79065.68,17396853.0
2026-05-16,163500000,4540.07,144178549,19321451,26340,99.27,0.4703,105.9,1921.6,78131.44,19821451.0
2026-05-17,163500000,4540.07,144178549,19321451,26340,99.27,0.4703,106.82,1921.6,77429.35,19321451.0
2026-05-18,163500000,4567.61,145108203,18391797,26350,98.97,0.4703,106.55,1927.94,76954.17,19321451.0
2026-05-19,163500000,4482.46,142278778,21221222,26327,99.3,0.4703,108.05,1912.93,76750.91,18391797.0
2026-05-20,162000000,4545.16,144279913,17720087,26329,99.11,0.4703,102.86,1913.23,77457.77,21221222.0
2026-05-21,162400000,4545.18,144423025,17976975,26355,99.19,0.4703,101.59,1896.89,77539.17,17720087.0
2026-05-22,162400000,4509.38,143258297,19141703,26350,99.32,0.4703,100.97,1877.13,75488.24,17976975.0
2026-05-23,161500000,4509.38,143258297,18241703,26350,99.32,0.4703,100.97,1877.13,76673.37,19141703.0
2026-05-24,161500000,4509.38,143258297,18241703,26350,99.32,0.4703,95.62,1877.13,76981.12,18241703.0
2026-05-25,162000000,4571.16,145165871,16834129,26340,99.32,0.4703,94.29,1886.03,77279.93,18241703.0
2026-05-26,161500000,4507.51,143046723,18453277,26322,99.17,0.4703,96.56,1884.18,75825.73,16834129.0
2026-05-27,160700000,4458.21,141331676,19368324,26294,99.21,0.4703,93.32,1874.43,74344.7,18453277.0
2026-05-28,157500000,4494.93,142381947,15118053,26273,99.02,0.4703,91.54,1863.67,73536.55,19368324.0
2026-05-29,158500000,4539.27,144076524,14423476,26326,98.91,0.4703,90.79,1863.49,73372.52,15118053.0
2026-05-30,159000000,4539.27,144076524,14923476,26326,98.91,0.4703,90.79,1863.49,73754.84,14423476.0
2026-05-31,159000000,4539.27,144076524,14923476,26326,98.91,0.4703,92.06,1863.49,73579.69,14923476.0
2026-06-01,158500000,4485.15,141974819,16525181,26255,99.2,0.4703,94.42,1844.54,71319.77,14923476.0
2026-06-02,157500000,4488.09,142121994,15378006,26265,99.22,0.4703,96.98,1826.47,66703.66,16525181.0
2026-06-03,157000000,4434.42,140475918,16524082,26275,99.53,0.4703,97.64,1819.01,64014.37,15378006.0
2026-06-04,156000000,4475.43,141855992,14144008,26290,99.41,0.4703,95.1,1831.55,63801.57,16524082.0
2026-06-05,153200000,4329.33,137146821,16053179,26275,100.07,0.4703,92.34,1838.9,60922.67,14144008.0
2026-06-06,150200000,4329.33,137146821,13053179,26275,100.07,0.4703,92.34,1838.9,60867.41,16053179.0
2026-06-07,150200000,4329.33,137146821,13053179,26275,100.07,0.4703,94.5,1838.9,63239.52,13053179.0
2026-06-08,143800000,4329.85,137137192,6662808,26270,100.05,0.4703,93.0,1790.53,63090.59,13053179.0
2026-06-09,143800000,4264.15,135133425,8666575,26285,99.91,0.4703,90.67,1793.05,61643.78,6662808.0
2026-06-10,138300000,4075.08,129067988,9232012,26270,99.95,0.4703,93.92,1803.71,61449.29,8666575.0
2026-06-11,138400000,4215.12,133477996,4922004,26265,99.86,0.4703,87.32,1798.61,63561.05,9232012.0
2026-06-12,145400000,4219.32,133916217,11483783,26325,99.75,0.4703,85.47,1791.65,63543.2,4922004.0
2026-06-13,147000000,4219.32,133916217,13083783,26325,99.75,0.4703,85.47,1791.65,64421.32,11483783.0
2026-06-14,147000000,4219.32,133916217,13083783,26325,99.75,0.4703,81.85,1791.65,65710.4,13083783.0
2026-06-15,150500000,4309.34,136383678,14116322,26250,99.63,0.4703,82.27,1799.31,66289.5,13083783.0
2026-06-16,151500000,4331.31,136974552,14525448,26230,99.54,0.4703,77.27,1807.94,65600.64,14116322.0
2026-06-17,151300000,4258.86,134734720,16565280,26240,100.09,0.4703,76.6,1806.2,64418.45,14525448.0
2026-06-18,151300000,4210.09,133318714,17981286,26265,100.85,0.4703,76.8,1830.47,62896.47,16565280.0
2026-06-19,146700000,4160.26,131765852,14934148,26270,100.85,0.4703,77.7,1824.53,63540.84,17981286.0
2026-06-20,147200000,4160.26,131765852,15434148,26270,100.85,0.4703,77.7,1824.53,64239.68,14934148.0
2026-06-21,147200000,4160.26,131765852,15434148,26270,100.85,0.4703,78.47,1824.53,63237.54,15434148.0
2026-06-22,148600000,4191.62,132733834,15866166,26265,101.02,0.4703,74.93,1857.91,63952.11,15434148.0
2026-06-23,147000000,4110.26,130405227,16594773,26315,101.41,0.4703,73.43,1869.04,62668.02,15866166.0
2026-06-24,147000000,4000.69,126687754,20312246,26265,101.61,0.4703,70.72,1878.02,60995.13,16594773.0
2026-06-25,146200000,4027.56,127854261,18345739,26330,101.43,0.4703,72.2,1863.07,59721.68,20312246.0
2026-06-26,147000000,4089.26,129738965,17261035,26315,101.36,0.4703,70.9,1871.91,60016.43,18345739.0
2026-06-27,148500000,4089.26,129738965,18761035,26315,101.36,0.4703,70.9,1871.91,59940.1,17261035.0
2026-06-28,148500000,4089.26,129738965,18761035,26315,101.36,0.4703,70.36,1871.91,59532.34,18761035.0
2026-06-29,148000000,4017.57,127125408,20874592,26245,101.11,0.4703,70.71,1854.97,60138.38,18761035.0
2026-06-30,147000000,4008.48,126765286,20234714,26230,101.19,0.4703,70.66,1860.01,58558.86,20874592.0
2026-07-01,146400000,4031.04,127600231,18799769,26255,101.39,0.4703,68.51,1867.21,60003.76,20234714.0
2026-07-02,148400000,4123.98,130760965,17639035,26299,100.86,0.4703,68.88,1866.35,61485.3,18799769.0
2026-07-03,151400000,4175.7,132330393,19069607,26285,100.86,0.4703,69.26,1862.08,62544.2,17639035.0
2026-07-04,151400000,4175.7,132330393,19069607,26285,100.86,0.4703,69.26,1862.08,63088.3,19069607.0
2026-07-05,151400000,4175.7,132330393,19069607,26285,100.86,0.4703,68.65,1862.08,63547.88,19069607.0
2026-07-06,151400000,4165.17,132041886,19358114,26294,100.85,0.4703,68.76,1843.5,63995.02,19069607.0
2026-07-07,150000000,4107.32,130232718,19767282,26299,101.14,0.4703,72.25,1848.25,63297.39,19358114.0
2026-07-08,150000000,4077.95,129252304,20747696,26289,101.05,0.4703,74.19,1853.7,62257.57,19767282.0
2026-07-09,150000000,4121.62,130661289,19338711,26294,100.94,0.4703,71.79,1840.7,63193.15,20747696.0
2026-07-10,150000000,4121.08,130624296,19375704,26290,100.97,0.4703,71.44,1828.34,64127.14,19338711.0
2026-07-11,150000000,4121.08,130624296,19375704,26290,100.97,0.4703,71.44,1828.34,63802.03,19375704.0
2026-07-12,149900000,4121.08,130624296,19275704,26290,100.97,0.4703,73.62,1828.34,63758.22,19375704.0
2026-07-13,148400000,4001.84,126704871,21695129,26261,101.28,0.4703,78.75,1800.54,62239.12,19275704.0
2026-07-14,147500000,4055.53,128351000,19149000,26250,100.94,0.4703,79.16,1806.63,64956.11,21695129.0
2026-07-15,147500000,4062.06,128601741,18898259,26259,100.5,0.4703,79.64,1782.12,64712.38,19149000.0
2026-07-16,147500000,3972.94,125756319,21743681,26254,100.73,0.4703,78.98,1804.24,63789.28,18898259.0
2026-07-17,147500000,4017.6,127155420,20344580,26251,100.75,0.4703,81.74,1787.45,63899.46,21743681.0
2026-07-18,147500000,4017.6,127155420,20344580,26251,100.75,0.4703,81.74,1787.45,64796.6,20344580.0
2026-07-19,147500000,4017.6,127155420,20344580,26251,100.75,0.4703,83.68,1787.45,64690.8,20344580.0
2026-07-20,146000000,4006.31,126996135,19003865,26292,100.99,0.4703,82.26,1743.51,65230.03,20344580.0
2026-07-21,146400000,4077.92,129256270,17143730,26290,100.99,0.4703,84.34,1730.56,66505.12,19003865.0
2026-07-22,146000000,4130.54,130973945,15026055,26300,100.99,0.4703,87.02,1668.53,66100.8,17143730.0
2026-07-23,140000000,4048.78,128405851,11594149,26305,101.43,0.4703,90.78,1699.38,65044.81,15026055.0
2026-07-24,140500000,4053.17,128589059,11910941,26314,101.47,0.4679,89.24,1686.11,64098.5,11594149.0
2026-07-25,141500000,4053.17,128589059,12910941,26314,101.47,0.4679,89.24,1686.11,64311.81,11910941.0
2026-07-26,141500000,4053.17,128589059,12910941,26314,101.47,0.4679,83.54,1686.11,65340.3,12910941.0
2026-07-27,143000000,4076.65,129265165,13734835,26300,101.51,0.4641,81.25,1669.01,63724.9,12910941.0
2026-07-28,141500000,4028.75,127809464,13690536,26313,101.38,0.4604,80.85,1680.62,63871.36,13734835.0
2026-07-29,141500000,4066.16,129079612,12420388,26330,100.8,0.4622,83.05,1704.68,63908.17,13690536.0
2026-07-30,141700000,4103.58,130222977,11477023,26321,100.01,0.4663,82.65,1744.66,64725.31,12420388.0
2026-07-31,141900000,4042.67,128085349,13814651,26279,100.01,0.4663,84.64,1735.78,62813.75,11477023.0
2026-08-01,141000000,4042.67,128085349,12914651,26279,100.01,0.4663,84.64,1735.78,62763.32,13814651.0
2026-08-02,141000000,4042.67,128085349,12914651,26279,100.01,0.4663,79.43,1735.78,63482.0,12914651.0
2026-08-03,141000000,4053.45,128485540,12514460,26291,99.96,0.4686,78.91,1762.84,63460.9,12914651.0
2026-08-04,140500000,4077.65,129228047,11271953,26286,99.89,0.4627,74.38,1777.23,64055.95,12514460.0
2026-08-05,141800000,4247.02,134457434,7342566,26259,99.69,0.4617,74.12,1776.46,64597.5,11271953.0
2026-08-06,142700000,4240.42,134197358,8502642,26249,99.97,0.467,77.13,1764.78,64262.11,7342566.0
2026-08-07,142200000,4343.74,137388590,4811410,26234,99.6,0.466,76.35,1768.06,64880.19,8502642.0
2026-08-08,144000000,4343.74,137388590,6611410,26234,99.6,0.466,76.35,1768.06,64904.69,4811410.0
2026-08-09,144000000,4343.74,137388590,6611410,26234,99.6,0.466,77.99,1768.06,64844.89,6611410.0
2026-08-10,144100000,4388.96,138654819,5445181,26203,99.81,0.4699,81.27,1776.77,63910.59,6611410.0
2026-08-11,143500000,4368.46,137728046,5771954,26150,99.82,0.4684,82.31,1773.41,63551.88,5445181.0
2026-08-12,144300000,4408.7,138890419,5409581,26130,100.01,0.4682,81.71,1793.18,63402.43,5771954.0
2026-08-13,144300000,4351.34,136658423,7641577,26049,99.96,0.4641,80.56,1765.63,63402.17,5409581.0
2026-08-14,143300000,4376.6,137562550,5737450,26070,99.67,0.4696,81.53,1729.08,62975.59,7641577.0
