Dataset,RMSE,MAE,MAPE (%),R2
Validation,532858.3886324771,402505.0,3.0646588653326035,0.9578223824501038
Test,1826393.3502112846,1378022.625,18.964995443820953,0.9369210600852966
