Dataset,RMSE,MAE,MAPE (%),R2
Validation,652716.2395435667,488312.6299794651,3.8012769293361246,0.9367140479894266
Test,2303995.545525887,1287612.8474002723,11.046183290035588,0.8996172828944318
