Dataset,RMSE,MAE,MAPE (%),R2
Validation,544980.5900983998,410409.125,3.013230673968792,0.9558815360069275
Test,1933565.0681826044,1468491.125,21.334558725357056,0.9293010234832764
