Dataset,RMSE,MAE,MAPE (%),R2
Validation,834415.8569801219,681716.1277973873,5.029416603297034,0.8965754645494786
Test,3040627.3416416175,2234145.7307043397,28.264161535785988,0.8251675396113244
