Dataset,RMSE,MAE,MAPE (%),R2
Validation,472354.64951167116,320361.94233549596,2.3828571908246,0.966856766948303
Test,1485998.774370967,914091.8798646785,9.656602869079306,0.9582426837215338
