Dataset,RMSE,MAE,MAPE (%),R2
Validation,487106.82117170154,350160.96875,2.627819776535034,0.9647542238235474
Test,1520783.5083798089,1001884.125,12.088926881551743,0.956264853477478
