Dataset,RMSE,MAE,MAPE (%),R2
Validation,472353.97934021475,320361.23501139274,2.3828518900269566,0.9668568609947278
Test,1485998.9192747294,914099.1579748727,9.656881545086671,0.9582426755777955
