Dataset,RMSE,MAE,MAPE (%),R2
Validation,876729.1393263942,732334.6875,5.562551319599152,0.8858201503753662
Test,3347495.1554761063,2519127.25,32.13958442211151,0.7880977392196655
